scope,group,ratio,seed,model,threshold,samples,positive,putative_negative,AUC,AUPRC,MCC,Sn,Sp,Precision,F1,ACC,Brier,TN,FP,FN,TP
common_strict,All species,1,0,DeepKla,0.5,2384,1192,1192,0.595961330570695,0.5858247370480983,0.13859532615939074,0.41023489932885904,0.7214765100671141,0.5956151035322778,0.48584202682563343,0.5658557046979866,0.2547745474091721,860,332,703,489
common_strict,All species,1,0,Auto-Kla,0.5,2384,1192,1192,0.7036975389622089,0.6601866082866921,0.20173873818052857,0.31711409395973156,0.8531879194630873,0.6835443037974683,0.4332378223495702,0.5851510067114094,0.3864926020488639,1017,175,814,378
common_strict,All species,1,0,HybridKla,0.5,2384,1192,1192,0.7459264222332329,0.7289918423119071,0.3192343688251223,0.5218120805369127,0.7860738255033557,0.7092360319270239,0.6012566457225712,0.6539429530201343,0.25334342638304086,937,255,570,622
common_strict,All species,1,0,PCBert-Kla,0.5,2384,1192,1192,0.5736924856988423,0.5594122872030155,0.013063248606829102,0.018456375838926176,0.9848993288590604,0.55,0.03571428571428571,0.5016778523489933,0.49595498313752806,1174,18,1170,22
common_strict,All species,1,1,DeepKla,0.5,2384,1192,1192,0.5667037802351245,0.5535855277047642,0.0896372611558524,0.41023489932885904,0.6761744966442953,0.5588571428571428,0.4731494920174165,0.5432046979865772,0.26256828987250386,806,386,703,489
common_strict,All species,1,1,Auto-Kla,0.5,2384,1192,1192,0.6879592276248817,0.6557460569400251,0.20510970498156508,0.31711409395973156,0.8557046979865772,0.6872727272727273,0.43398392652124,0.5864093959731543,0.38660651267865187,1020,172,814,378
common_strict,All species,1,1,HybridKla,0.5,2384,1192,1192,0.7377328160893654,0.7199070799096908,0.32302382513602257,0.5218120805369127,0.7894295302013423,0.7124856815578465,0.6024213075060533,0.6556208053691275,0.25576774422202625,941,251,570,622
common_strict,All species,1,1,PCBert-Kla,0.5,2384,1192,1192,0.5678720834647087,0.5523866408911499,0.027516278113766536,0.018456375838926176,0.988255033557047,0.6111111111111112,0.03583061889250814,0.5033557046979866,0.4941584648239424,1178,14,1170,22
common_strict,All species,1,2,DeepKla,0.5,2384,1192,1192,0.5854677154182244,0.5759142816594178,0.11572057473923375,0.41023489932885904,0.700503355704698,0.5780141843971631,0.47988223748773307,0.5553691275167785,0.25734802936656553,835,357,703,489
common_strict,All species,1,2,Auto-Kla,0.5,2384,1192,1192,0.7001848875050674,0.6655728880703684,0.20061848304501534,0.31711409395973156,0.8523489932885906,0.6823104693140795,0.4329896907216495,0.584731543624161,0.38567845124867955,1016,176,814,378
common_strict,All species,1,2,HybridKla,0.5,2384,1192,1192,0.7443829951353544,0.7316270746342087,0.3325484828129396,0.5218120805369127,0.7978187919463087,0.7207415990730012,0.605352798053528,0.6598154362416108,0.2523590532850072,951,241,570,622
common_strict,All species,1,2,PCBert-Kla,0.5,2384,1192,1192,0.5842346628530246,0.5661855728913027,0.027516278113766536,0.018456375838926176,0.988255033557047,0.6111111111111112,0.03583061889250814,0.5033557046979866,0.49408514329596204,1178,14,1170,22
common_strict,All species,1,3,DeepKla,0.5,2384,1192,1192,0.5918279300481961,0.5774491564767872,0.11481342081287259,0.41023489932885904,0.6996644295302014,0.577331759149941,0.47964688572829817,0.5549496644295302,0.2565090172864708,834,358,703,489
common_strict,All species,1,3,Auto-Kla,0.5,2384,1192,1192,0.7000645381964777,0.6601914767627673,0.21875072820272703,0.31711409395973156,0.8657718120805369,0.7026022304832714,0.43699421965317925,0.5914429530201343,0.381780311719697,1032,160,814,378
common_strict,All species,1,3,HybridKla,0.5,2384,1192,1192,0.7488014334939866,0.7279841794853366,0.3382992504352884,0.5218120805369127,0.8028523489932886,0.7257876312718786,0.6071254270375793,0.6623322147651006,0.2509951549561638,957,235,570,622
common_strict,All species,1,3,PCBert-Kla,0.5,2384,1192,1192,0.5817650387369938,0.5597840198062909,0.03138824102871723,0.018456375838926176,0.9890939597315436,0.6285714285714286,0.035859820700896494,0.5037751677852349,0.4939964176043417,1179,13,1170,22
common_strict,All species,1,4,DeepKla,0.5,2384,1192,1192,0.5768975778118103,0.5604183516292316,0.09320843930953769,0.41023489932885904,0.6795302013422819,0.5614236509758898,0.47406689287445464,0.5448825503355704,0.2607240975491076,810,382,703,489
common_strict,All species,1,4,Auto-Kla,0.5,2384,1192,1192,0.6822919012657087,0.6469188644831312,0.20061848304501534,0.31711409395973156,0.8523489932885906,0.6823104693140795,0.4329896907216495,0.584731543624161,0.38825054844243495,1016,176,814,378
common_strict,All species,1,4,HybridKla,0.5,2384,1192,1192,0.7496889216701951,0.7366026402907517,0.34022231962318455,0.5218120805369127,0.8045302013422819,0.7274853801169591,0.6077186126038105,0.6631711409395973,0.24835839235365356,959,233,570,622
common_strict,All species,1,4,PCBert-Kla,0.5,2384,1192,1192,0.56272838216747,0.5432699747922578,0.020095344146684097,0.018456375838926176,0.9865771812080537,0.5789473684210527,0.03577235772357723,0.50251677852349,0.4948609817671998,1176,16,1170,22
common_strict,All species,1,5,DeepKla,0.5,2384,1192,1192,0.5935561038917165,0.5803998929359031,0.12665245652398532,0.41023489932885904,0.7105704697986577,0.5863309352517986,0.4827245804540967,0.5604026845637584,0.25563241419681326,847,345,703,489
common_strict,All species,1,5,Auto-Kla,0.5,2384,1192,1192,0.6955648112697626,0.6588523386694858,0.20286068792436163,0.31711409395973156,0.8540268456375839,0.6847826086956522,0.4334862385321101,0.5855704697986577,0.38666789518959943,1018,174,814,378
common_strict,All species,1,5,HybridKla,0.5,2384,1192,1192,0.7637507882527815,0.7537196126213797,0.35474646305090285,0.5218120805369127,0.8171140939597316,0.7404761904761905,0.6122047244094487,0.6694630872483222,0.24368419438590352,974,218,570,622
common_strict,All species,1,5,PCBert-Kla,0.5,2384,1192,1192,0.5741830322958426,0.5548761395235698,0.03138824102871723,0.018456375838926176,0.9890939597315436,0.6285714285714286,0.035859820700896494,0.5037751677852349,0.4943514980202426,1179,13,1170,22
common_strict,All species,1,6,DeepKla,0.5,2384,1192,1192,0.5916386086212333,0.5725796329505259,0.13306991707247393,0.41023489932885904,0.7164429530201343,0.5912938331318017,0.48439821693907875,0.5633389261744967,0.25694153321043106,854,338,703,489
common_strict,All species,1,6,Auto-Kla,0.5,2384,1192,1192,0.6857961071573353,0.6369281450154696,0.17964475985927925,0.31711409395973156,0.8364093959731543,0.6596858638743456,0.428328611898017,0.576761744966443,0.39550023840693466,997,195,814,378
common_strict,All species,1,6,HybridKla,0.5,2384,1192,1192,0.7530770010359893,0.7310031235322967,0.34118502110314713,0.5218120805369127,0.8053691275167785,0.7283372365339579,0.6080156402737048,0.6635906040268457,0.24982276873717243,960,232,570,622
common_strict,All species,1,6,PCBert-Kla,0.5,2384,1192,1192,0.5761494414666006,0.5638373820853421,0.03138824102871723,0.018456375838926176,0.9890939597315436,0.6285714285714286,0.035859820700896494,0.5037751677852349,0.4937318276512199,1179,13,1170,22
common_strict,All species,1,7,DeepKla,0.5,2384,1192,1192,0.5887780252015675,0.5718715544613263,0.1166283083994235,0.41023489932885904,0.7013422818791947,0.578698224852071,0.4801178203240059,0.5557885906040269,0.25749883690833264,836,356,703,489
common_strict,All species,1,7,Auto-Kla,0.5,2384,1192,1192,0.7075673674609251,0.6715996012572909,0.22104938071294158,0.31711409395973156,0.8674496644295302,0.7052238805970149,0.4375,0.5922818791946308,0.37900842541147567,1034,158,814,378
common_strict,All species,1,7,HybridKla,0.5,2384,1192,1192,0.7637409350930139,0.7545729666765982,0.36847033690772096,0.5218120805369127,0.8288590604026845,0.7530266343825666,0.6164519326065412,0.6753355704697986,0.2411158634395871,988,204,570,622
common_strict,All species,1,7,PCBert-Kla,0.5,2384,1192,1192,0.5861444163551192,0.5671678575089478,0.03138824102871723,0.018456375838926176,0.9890939597315436,0.6285714285714286,0.035859820700896494,0.5037751677852349,0.4935992924232698,1179,13,1170,22
common_strict,All species,1,8,DeepKla,0.5,2384,1192,1192,0.6024802514526373,0.5820138615089874,0.13675094275816568,0.41023489932885904,0.7197986577181208,0.5941676792223572,0.48535980148883373,0.56501677852349,0.2542773837787316,858,334,703,489
common_strict,All species,1,8,Auto-Kla,0.5,2384,1192,1192,0.6866125118237917,0.6615358659711776,0.21303589957387215,0.31711409395973156,0.8615771812080537,0.6961325966850829,0.4357348703170029,0.5893456375838926,0.38112424159547575,1027,165,814,378
common_strict,All species,1,8,HybridKla,0.5,2384,1192,1192,0.7407190272960678,0.7201141746316573,0.31451351451323245,0.5218120805369127,0.7818791946308725,0.7052154195011338,0.5998071359691417,0.6518456375838926,0.25556127559956243,932,260,570,622
common_strict,All species,1,8,PCBert-Kla,0.5,2384,1192,1192,0.5825582180982838,0.5712179359416114,0.04813395435585902,0.018456375838926176,0.9924496644295302,0.7096774193548387,0.03597710547833197,0.5054530201342282,0.49258611467983454,1183,9,1170,22
common_strict,All species,1,9,DeepKla,0.5,2384,1192,1192,0.5859561506238458,0.5694810792645333,0.11935501611743538,0.41023489932885904,0.7038590604026845,0.5807600950118765,0.4808259587020649,0.5570469798657718,0.2582434582288902,839,353,703,489
common_strict,All species,1,9,Auto-Kla,0.5,2384,1192,1192,0.6913142285257421,0.6488319214159206,0.1939320734762742,0.31711409395973156,0.8473154362416108,0.675,0.43150684931506855,0.5822147651006712,0.3901861729830144,1010,182,814,378
common_strict,All species,1,9,HybridKla,0.5,2384,1192,1192,0.7430788590604027,0.724906245194134,0.3239729883189832,0.5218120805369127,0.790268456375839,0.713302752293578,0.6027131782945737,0.6560402684563759,0.25366615650287594,942,250,570,622
common_strict,All species,1,9,PCBert-Kla,0.5,2384,1192,1192,0.5784156682131435,0.5701956515633665,0.05268223352031268,0.018456375838926176,0.9932885906040269,0.7333333333333333,0.036006546644844525,0.5058724832214765,0.49195979665953027,1184,8,1170,22
common_strict,All species,1,10,DeepKla,0.5,2384,1192,1192,0.5839256959145984,0.5604995306568816,0.10757672317134113,0.41023489932885904,0.6929530201342282,0.5719298245614035,0.4777723497801661,0.5515939597315436,0.25959005151306436,826,366,703,489
common_strict,All species,1,10,Auto-Kla,0.5,2384,1192,1192,0.6861884740552227,0.64925762399339,0.20061848304501534,0.31711409395973156,0.8523489932885906,0.6823104693140795,0.4329896907216495,0.584731543624161,0.38977535843514677,1016,176,814,378
common_strict,All species,1,10,HybridKla,0.5,2384,1192,1192,0.7440620636457818,0.7309859927700251,0.3344623574657928,0.5218120805369127,0.799496644295302,0.7224157955865272,0.6059425231368729,0.6606543624161074,0.2499348341746928,953,239,570,622
common_strict,All species,1,10,PCBert-Kla,0.5,2384,1192,1192,0.5796114195306517,0.5675134171001006,0.03138824102871723,0.018456375838926176,0.9890939597315436,0.6285714285714286,0.035859820700896494,0.5037751677852349,0.49347920661456995,1179,13,1170,22
common_strict,All species,1,11,DeepKla,0.5,2384,1192,1192,0.5981297295166885,0.584906529436208,0.12026509709129653,0.41023489932885904,0.7046979865771812,0.5814506539833532,0.48106246925725527,0.5574664429530202,0.25459972095133576,840,352,703,489
common_strict,All species,1,11,Auto-Kla,0.5,2384,1192,1192,0.6950348520336922,0.6466804296575774,0.19949991414372606,0.31711409395973156,0.8515100671140939,0.6810810810810811,0.4327418431597024,0.5843120805369127,0.38892166810439055,1015,177,814,378
common_strict,All species,1,11,HybridKla,0.5,2384,1192,1192,0.7530974111526508,0.7178045399486177,0.33350504178784895,0.5218120805369127,0.7986577181208053,0.7215777262180975,0.6056475170399221,0.660234899328859,0.2516357320549141,952,240,570,622
common_strict,All species,1,11,PCBert-Kla,0.5,2384,1192,1192,0.5708364769604973,0.5558886706217425,0.03949202476259871,0.018456375838926176,0.9907718120805369,0.6666666666666666,0.03591836734693878,0.5046140939597316,0.49294049272910856,1181,11,1170,22
common_strict,All species,1,12,DeepKla,0.5,2384,1192,1192,0.596291411422909,0.5828855732472765,0.13859532615939074,0.41023489932885904,0.7214765100671141,0.5956151035322778,0.48584202682563343,0.5658557046979866,0.2549185244852651,860,332,703,489
common_strict,All species,1,12,Auto-Kla,0.5,2384,1192,1192,0.6978422987703257,0.6571559752380691,0.20623678929253675,0.31711409395973156,0.8565436241610739,0.6885245901639344,0.434233199310741,0.5868288590604027,0.38634367867539343,1021,171,814,378
common_strict,All species,1,12,HybridKla,0.5,2384,1192,1192,0.7567100018017207,0.7393341247254059,0.35474646305090285,0.5218120805369127,0.8171140939597316,0.7404761904761905,0.6122047244094487,0.6694630872483222,0.24794835982299196,974,218,570,622
common_strict,All species,1,12,PCBert-Kla,0.5,2384,1192,1192,0.582982607765416,0.5654371246608365,0.027516278113766536,0.018456375838926176,0.988255033557047,0.6111111111111112,0.03583061889250814,0.5033557046979866,0.494593502726186,1178,14,1170,22
common_strict,All species,1,13,DeepKla,0.5,2384,1192,1192,0.6009614572541777,0.5852180920231647,0.15718697307493718,0.41023489932885904,0.738255033557047,0.6104868913857678,0.49071751128951324,0.574244966442953,0.25357605980214715,880,312,703,489
common_strict,All species,1,13,Auto-Kla,0.5,2384,1192,1192,0.6947923939236972,0.6612474821542085,0.20510970498156508,0.31711409395973156,0.8557046979865772,0.6872727272727273,0.43398392652124,0.5864093959731543,0.3856639081033361,1020,172,814,378
common_strict,All species,1,13,HybridKla,0.5,2384,1192,1192,0.7407911665015089,0.7270004221578804,0.3182887887477341,0.5218120805369127,0.785234899328859,0.7084282460136674,0.6009661835748792,0.6535234899328859,0.2545804753550767,936,256,570,622
common_strict,All species,1,13,PCBert-Kla,0.5,2384,1192,1192,0.5830702305076347,0.5688017209182618,0.03537745688386125,0.018456375838926176,0.9899328859060402,0.6470588235294118,0.03588907014681893,0.5041946308724832,0.49285559903339105,1180,12,1170,22
common_strict,All species,1,14,DeepKla,0.5,2384,1192,1192,0.5938921670195036,0.5802784631568959,0.11209540927591423,0.41023489932885904,0.6971476510067114,0.5752941176470588,0.4789422135161606,0.5536912751677853,0.25572304624882103,831,361,703,489
common_strict,All species,1,14,Auto-Kla,0.5,2384,1192,1192,0.6914433752984099,0.658321837318842,0.19949991414372606,0.31711409395973156,0.8515100671140939,0.6810810810810811,0.4327418431597024,0.5843120805369127,0.38718904666212206,1015,177,814,378
common_strict,All species,1,14,HybridKla,0.5,2384,1192,1192,0.7459897639745957,0.7334430982787832,0.32872975122582726,0.5218120805369127,0.7944630872483222,0.7174163783160323,0.6041767848470131,0.6581375838926175,0.2509392263301221,947,245,570,622
common_strict,All species,1,14,PCBert-Kla,0.5,2384,1192,1192,0.589759822192694,0.5725591553415906,0.02375421227709147,0.018456375838926176,0.9874161073825504,0.5945945945945946,0.035801464605370224,0.5029362416107382,0.49496882249356944,1177,15,1170,22
common_strict,All species,1,15,DeepKla,0.5,2384,1192,1192,0.6045307643799829,0.5915642631178484,0.14878680167784547,0.41023489932885904,0.7307046979865772,0.6037037037037037,0.4885114885114885,0.5704697986577181,0.25275885473378573,871,321,703,489
common_strict,All species,1,15,Auto-Kla,0.5,2384,1192,1192,0.6939777487500564,0.6602606051454676,0.21531642467529633,0.31711409395973156,0.863255033557047,0.6987060998151571,0.4362377380265435,0.5901845637583892,0.3838117648971944,1029,163,814,378
common_strict,All species,1,15,HybridKla,0.5,2384,1192,1192,0.7585926591144544,0.7491893749487739,0.35377251188169706,0.5218120805369127,0.8162751677852349,0.7395957193816884,0.6119035907525823,0.6690436241610739,0.24590731869938384,973,219,570,622
common_strict,All species,1,15,PCBert-Kla,0.5,2384,1192,1192,0.5780757342011621,0.5610811851986826,0.013063248606829102,0.018456375838926176,0.9848993288590604,0.55,0.03571428571428571,0.5016778523489933,0.4954461240999015,1174,18,1170,22
common_strict,All species,1,16,DeepKla,0.5,2384,1192,1192,0.6020386187559119,0.5960523446513688,0.13123322647948282,0.41023489932885904,0.714765100671141,0.5898673100120627,0.4839188520534389,0.5625,0.25268934946263927,852,340,703,489
common_strict,All species,1,16,Auto-Kla,0.5,2384,1192,1192,0.6875795290752669,0.6508419332156652,0.1917164531931066,0.31711409395973156,0.8456375838926175,0.6725978647686833,0.43101482326111745,0.5813758389261745,0.3910630890000755,1008,184,814,378
common_strict,All species,1,16,HybridKla,0.5,2384,1192,1192,0.7524590671591369,0.7336271229973911,0.3431127739685638,0.5218120805369127,0.8070469798657718,0.7300469483568075,0.608610567514677,0.6644295302013423,0.24785416299445323,962,230,570,622
common_strict,All species,1,16,PCBert-Kla,0.5,2384,1192,1192,0.5801976825368227,0.5637862691372026,0.03537745688386125,0.018456375838926176,0.9899328859060402,0.6470588235294118,0.03588907014681893,0.5041946308724832,0.49318738355376807,1180,12,1170,22
common_strict,All species,1,17,DeepKla,0.5,2384,1192,1192,0.592935002927796,0.5741351161907652,0.1139068437999465,0.41023489932885904,0.6988255033557047,0.5766509433962265,0.4794117647058823,0.5545302013422819,0.25681850837343384,833,359,703,489
common_strict,All species,1,17,Auto-Kla,0.5,2384,1192,1192,0.7032478125985316,0.6527194484892715,0.20849615235347133,0.31711409395973156,0.8582214765100671,0.6910420475319927,0.43473260494537097,0.5876677852348994,0.38766956196952845,1023,169,814,378
common_strict,All species,1,17,HybridKla,0.5,2384,1192,1192,0.7528721960722491,0.7276202822791732,0.34407783183946666,0.5218120805369127,0.8078859060402684,0.7309048178613397,0.608908467939305,0.6648489932885906,0.24946600493990312,963,229,570,622
common_strict,All species,1,17,PCBert-Kla,0.5,2384,1192,1192,0.5992927542678257,0.5705448709980956,0.027516278113766536,0.018456375838926176,0.988255033557047,0.6111111111111112,0.03583061889250814,0.5033557046979866,0.4945971977671124,1178,14,1170,22
common_strict,All species,1,18,DeepKla,0.5,2384,1192,1192,0.6082088081617945,0.5925871599282668,0.15344653921627752,0.41023489932885904,0.7348993288590604,0.6074534161490683,0.4897346019028542,0.5725671140939598,0.252232905882187,876,316,703,489
common_strict,All species,1,18,Auto-Kla,0.5,2384,1192,1192,0.6912371627404171,0.6417434475835962,0.18950731686946998,0.31711409395973156,0.8439597315436241,0.6702127659574468,0.4305239179954442,0.5805369127516778,0.39205642479130987,1006,186,814,378
common_strict,All species,1,18,HybridKla,0.5,2384,1192,1192,0.7486888259537858,0.7332991570392976,0.32968331472229573,0.5218120805369127,0.7953020134228188,0.7182448036951501,0.6044703595724004,0.6585570469798657,0.2502467619587388,948,244,570,622
common_strict,All species,1,18,PCBert-Kla,0.5,2384,1192,1192,0.5902750016891131,0.5662743671862285,0.020095344146684097,0.018456375838926176,0.9865771812080537,0.5789473684210527,0.03577235772357723,0.50251677852349,0.4947729811136474,1176,16,1170,22
common_strict,All species,1,19,DeepKla,0.5,2384,1192,1192,0.5946290426106932,0.5825760384203472,0.12848290107387225,0.41023489932885904,0.712248322147651,0.5877403846153846,0.48320158102766797,0.5612416107382551,0.25534575776404295,849,343,703,489
common_strict,All species,1,19,Auto-Kla,0.5,2384,1192,1192,0.6800858491734607,0.6396834019403823,0.1840124292177564,0.31711409395973156,0.839765100671141,0.664323374340949,0.4293015332197615,0.5784395973154363,0.3940313223174119,1001,191,814,378
common_strict,All species,1,19,HybridKla,0.5,2384,1192,1192,0.7418985912796721,0.7358180112183013,0.3306376224084667,0.5218120805369127,0.7961409395973155,0.7190751445086705,0.6047642197374817,0.6589765100671141,0.25178373425064093,949,243,570,622
common_strict,All species,1,19,PCBert-Kla,0.5,2384,1192,1192,0.5704599454979505,0.5597528533966166,0.03138824102871723,0.018456375838926176,0.9890939597315436,0.6285714285714286,0.035859820700896494,0.5037751677852349,0.4932963467165987,1179,13,1170,22
common_strict,All species,1,20,DeepKla,0.5,2384,1192,1192,0.5879443775055178,0.5702956249400636,0.10667466095615713,0.41023489932885904,0.6921140939597316,0.5712616822429907,0.4775390625,0.5511744966442953,0.25769891282611734,825,367,703,489
common_strict,All species,1,20,Auto-Kla,0.5,2384,1192,1192,0.6945506396108284,0.6611131157746708,0.21875072820272703,0.31711409395973156,0.8657718120805369,0.7026022304832714,0.43699421965317925,0.5914429530201343,0.3816216420697168,1032,160,814,378
common_strict,All species,1,20,HybridKla,0.5,2384,1192,1192,0.748735980361245,0.7295201797997434,0.32872975122582726,0.5218120805369127,0.7944630872483222,0.7174163783160323,0.6041767848470131,0.6581375838926175,0.2520346558302408,947,245,570,622
common_strict,All species,1,20,PCBert-Kla,0.5,2384,1192,1192,0.5759372466330345,0.5661092941324516,0.05268223352031268,0.018456375838926176,0.9932885906040269,0.7333333333333333,0.036006546644844525,0.5058724832214765,0.4917179146355324,1184,8,1170,22
common_strict,All species,1,21,DeepKla,0.5,2384,1192,1192,0.596853745326787,0.5862400740807672,0.12848290107387225,0.41023489932885904,0.712248322147651,0.5877403846153846,0.48320158102766797,0.5612416107382551,0.2546121669324719,849,343,703,489
common_strict,All species,1,21,Auto-Kla,0.5,2384,1192,1192,0.6990285488266295,0.6594537249195633,0.21303589957387215,0.31711409395973156,0.8615771812080537,0.6961325966850829,0.4357348703170029,0.5893456375838926,0.38367982222107555,1027,165,814,378
common_strict,All species,1,21,HybridKla,0.5,2384,1192,1192,0.7549617697401018,0.7369425650029803,0.3431127739685638,0.5218120805369127,0.8070469798657718,0.7300469483568075,0.608610567514677,0.6644295302013423,0.24806370420313434,962,230,570,622
common_strict,All species,1,21,PCBert-Kla,0.5,2384,1192,1192,0.5865184845277239,0.5666451932206321,0.03537745688386125,0.018456375838926176,0.9899328859060402,0.6470588235294118,0.03588907014681893,0.5041946308724832,0.4933831966377657,1180,12,1170,22
common_strict,All species,1,22,DeepKla,0.5,2384,1192,1192,0.5923726690239178,0.5750031003517897,0.11209540927591423,0.41023489932885904,0.6971476510067114,0.5752941176470588,0.4789422135161606,0.5536912751677853,0.25671922985835016,831,361,703,489
common_strict,All species,1,22,Auto-Kla,0.5,2384,1192,1192,0.7037795313274177,0.669403474985203,0.21417526708205253,0.31711409395973156,0.8624161073825504,0.6974169741697417,0.4359861591695502,0.589765100671141,0.3833567924004391,1028,164,814,378
common_strict,All species,1,22,HybridKla,0.5,2384,1192,1192,0.7478822744470971,0.7295128013123191,0.34407783183946666,0.5218120805369127,0.8078859060402684,0.7309048178613397,0.608908467939305,0.6648489932885906,0.250177482364797,963,229,570,622
common_strict,All species,1,22,PCBert-Kla,0.5,2384,1192,1192,0.5831592608441061,0.5660958346188105,0.03949202476259871,0.018456375838926176,0.9907718120805369,0.6666666666666666,0.03591836734693878,0.5046140939597316,0.49329334412099146,1181,11,1170,22
common_strict,All species,1,23,DeepKla,0.5,2384,1192,1192,0.5963322316562316,0.5829955767979775,0.12848290107387225,0.41023489932885904,0.712248322147651,0.5877403846153846,0.48320158102766797,0.5612416107382551,0.2557009935804728,849,343,703,489
common_strict,All species,1,23,Auto-Kla,0.5,2384,1192,1192,0.6915922283906131,0.6569966689399356,0.1950423351111316,0.31711409395973156,0.8481543624161074,0.6762075134168157,0.431753283837807,0.5826342281879194,0.3893264673543289,1011,181,814,378
common_strict,All species,1,23,HybridKla,0.5,2384,1192,1192,0.7458947513625512,0.722121966318165,0.3382992504352884,0.5218120805369127,0.8028523489932886,0.7257876312718786,0.6071254270375793,0.6623322147651006,0.25246735650701624,957,235,570,622
common_strict,All species,1,23,PCBert-Kla,0.5,2384,1192,1192,0.5760410567091573,0.5544368420034502,0.009679282871720265,0.018456375838926176,0.9840604026845637,0.5365853658536586,0.0356853203568532,0.5012583892617449,0.4957077101526561,1173,19,1170,22
common_strict,All species,1,24,DeepKla,0.5,2384,1192,1192,0.5878803319670285,0.5734348609591524,0.11119054616695233,0.41023489932885904,0.6963087248322147,0.5746180963572268,0.4787077826725404,0.5532718120805369,0.25743824580031055,830,362,703,489
common_strict,All species,1,24,Auto-Kla,0.5,2384,1192,1192,0.7008137302373767,0.6715821263707354,0.21875072820272703,0.31711409395973156,0.8657718120805369,0.7026022304832714,0.43699421965317925,0.5914429530201343,0.3812346330456225,1032,160,814,378
common_strict,All species,1,24,HybridKla,0.5,2384,1192,1192,0.7511992703031394,0.7324515427828525,0.33542043300043434,0.5218120805369127,0.8003355704697986,0.7232558139534884,0.6062378167641326,0.6610738255033557,0.2501464241150407,954,238,570,622
common_strict,All species,1,24,PCBert-Kla,0.5,2384,1192,1192,0.5762979426602406,0.5539757280027041,0.020095344146684097,0.018456375838926176,0.9865771812080537,0.5789473684210527,0.03577235772357723,0.50251677852349,0.4950062962899331,1176,16,1170,22
common_strict,All species,1,25,DeepKla,0.5,2384,1192,1192,0.5928646232151705,0.580818290900522,0.13306991707247393,0.41023489932885904,0.7164429530201343,0.5912938331318017,0.48439821693907875,0.5633389261744967,0.25579690802655203,854,338,703,489
common_strict,All species,1,25,Auto-Kla,0.5,2384,1192,1192,0.6998083560425208,0.6683180263991405,0.22104938071294158,0.31711409395973156,0.8674496644295302,0.7052238805970149,0.4375,0.5922818791946308,0.3812345587827897,1034,158,814,378
common_strict,All species,1,25,HybridKla,0.5,2384,1192,1192,0.7431337552362506,0.7254770398854168,0.33350504178784895,0.5218120805369127,0.7986577181208053,0.7215777262180975,0.6056475170399221,0.660234899328859,0.25355073675668577,952,240,570,622
common_strict,All species,1,25,PCBert-Kla,0.5,2384,1192,1192,0.5762507882527814,0.5535249467035364,0.013063248606829102,0.018456375838926176,0.9848993288590604,0.55,0.03571428571428571,0.5016778523489933,0.49554958266869636,1174,18,1170,22
common_strict,All species,1,26,DeepKla,0.5,2384,1192,1192,0.5896883867843791,0.5746086670202901,0.1102862487756098,0.41023489932885904,0.6954697986577181,0.573943661971831,0.4784735812133072,0.5528523489932886,0.2569509965754143,829,363,703,489
common_strict,All species,1,26,Auto-Kla,0.5,2384,1192,1192,0.6902018771676951,0.6518562679481055,0.19061107851491527,0.31711409395973156,0.8447986577181208,0.6714031971580817,0.4307692307692308,0.5809563758389261,0.3895827799814238,1007,185,814,378
common_strict,All species,1,26,HybridKla,0.5,2384,1192,1192,0.7431499425701544,0.7251648895559296,0.3277769288157664,0.5218120805369127,0.7936241610738255,0.716589861751152,0.603883495145631,0.6577181208053692,0.2522116291281195,946,246,570,622
common_strict,All species,1,26,PCBert-Kla,0.5,2384,1192,1192,0.5775394407909553,0.5634228543594603,0.013063248606829102,0.018456375838926176,0.9848993288590604,0.55,0.03571428571428571,0.5016778523489933,0.49632055615597664,1174,18,1170,22
common_strict,All species,1,27,DeepKla,0.5,2384,1192,1192,0.5993451871537319,0.5784671106210613,0.13951849614527687,0.41023489932885904,0.7223154362416108,0.5963414634146341,0.4860834990059642,0.5662751677852349,0.2554005520818327,861,331,703,489
common_strict,All species,1,27,Auto-Kla,0.5,2384,1192,1192,0.7124745929237422,0.6805097178864532,0.236173893886201,0.31711409395973156,0.8783557046979866,0.722753346080306,0.4408163265306123,0.597734899328859,0.37731772673547975,1047,145,814,378
common_strict,All species,1,27,HybridKla,0.5,2384,1192,1192,0.7579768366289805,0.7428637086856386,0.34697777034445243,0.5218120805369127,0.8104026845637584,0.7334905660377359,0.6098039215686275,0.6661073825503355,0.24685292721451257,966,226,570,622
common_strict,All species,1,27,PCBert-Kla,0.5,2384,1192,1192,0.5996555616864105,0.5803132405416486,0.043740888263985325,0.018456375838926176,0.9916107382550335,0.6875,0.03594771241830065,0.5050335570469798,0.49302131595909626,1182,10,1170,22
common_strict,All species,1,28,DeepKla,0.5,2384,1192,1192,0.5902028624836719,0.5713492809236511,0.12848290107387225,0.41023489932885904,0.712248322147651,0.5877403846153846,0.48320158102766797,0.5612416107382551,0.25714387269413147,849,343,703,489
common_strict,All species,1,28,Auto-Kla,0.5,2384,1192,1192,0.6799482568352777,0.6435980401123207,0.18182549234902476,0.31711409395973156,0.8380872483221476,0.6619964973730298,0.4288145207033466,0.5776006711409396,0.393037882580932,999,193,814,378
common_strict,All species,1,28,HybridKla,0.5,2384,1192,1192,0.7460953335435341,0.729820957222778,0.3306376224084667,0.5218120805369127,0.7961409395973155,0.7190751445086705,0.6047642197374817,0.6589765100671141,0.2524379564493708,949,243,570,622
common_strict,All species,1,28,PCBert-Kla,0.5,2384,1192,1192,0.5683862072654385,0.5548828343699743,0.03138824102871723,0.018456375838926176,0.9890939597315436,0.6285714285714286,0.035859820700896494,0.5037751677852349,0.49418259191144526,1179,13,1170,22
common_strict,All species,1,29,DeepKla,0.5,2384,1192,1192,0.5938773872798523,0.57893262478607,0.13398921342098943,0.41023489932885904,0.7172818791946308,0.5920096852300242,0.4846382556987116,0.5637583892617449,0.2560061046517502,855,337,703,489
common_strict,All species,1,29,Auto-Kla,0.5,2384,1192,1192,0.6999047762488175,0.6598356884385559,0.20061848304501534,0.31711409395973156,0.8523489932885906,0.6823104693140795,0.4329896907216495,0.584731543624161,0.3867553795187045,1016,176,814,378
common_strict,All species,1,29,HybridKla,0.5,2384,1192,1192,0.7504954731768839,0.7258104781864151,0.3325484828129396,0.5218120805369127,0.7978187919463087,0.7207415990730012,0.605352798053528,0.6598154362416108,0.25159895046614256,951,241,570,622
common_strict,All species,1,29,PCBert-Kla,0.5,2384,1192,1192,0.5760192389982433,0.5582147296434178,0.043740888263985325,0.018456375838926176,0.9916107382550335,0.6875,0.03594771241830065,0.5050335570469798,0.4929743338850418,1182,10,1170,22
common_strict,All species,5,0,DeepKla,0.5,7152,1192,5960,0.595496894847079,0.22054441828282687,0.0970883205230702,0.41023489932885904,0.7102348993288591,0.22066787003610108,0.28697183098591544,0.660234899328859,0.21328114155058464,4233,1727,703,489
common_strict,All species,5,0,Auto-Kla,0.5,7152,1192,5960,0.6948598176883924,0.2824047025532304,0.1742191112647159,0.31711409395973156,0.8587248322147651,0.30983606557377047,0.3134328358208955,0.7684563758389261,0.2106715715037415,5118,842,814,378
common_strict,All species,5,0,HybridKla,0.5,7152,1192,5960,0.75001956556011,0.3660588395504924,0.28230385455448176,0.5218120805369127,0.8057046979865772,0.349438202247191,0.41857335127860024,0.7583892617449665,0.1791277918801698,4802,1158,570,622
common_strict,All species,5,0,PCBert-Kla,0.5,7152,1192,5960,0.5789124786045674,0.20598946741646973,0.02356021107158744,0.018456375838926176,0.9885906040268456,0.24444444444444444,0.0343213728549142,0.8269015659955258,0.1714576545503753,5892,68,1170,22
common_strict,All species,5,1,DeepKla,0.5,7152,1192,5960,0.5886443741272915,0.2111957802666456,0.0880438884565265,0.41023489932885904,0.6998322147651007,0.21466198419666374,0.2818443804034582,0.651565995525727,0.21707270051092056,4171,1789,703,489
common_strict,All species,5,1,Auto-Kla,0.5,7152,1192,5960,0.6925024492139993,0.28141814977206275,0.16739577353752433,0.31711409395973156,0.853523489932886,0.302158273381295,0.30945558739255014,0.7641219239373602,0.21329315292442702,5087,873,814,378
common_strict,All species,5,1,HybridKla,0.5,7152,1192,5960,0.747861793950723,0.37425808330490656,0.2756485260628707,0.5218120805369127,0.8,0.3428886438809261,0.4138389886892881,0.7536353467561522,0.18046782285501686,4768,1192,570,622
common_strict,All species,5,1,PCBert-Kla,0.5,7152,1192,5960,0.571241019548669,0.19930255965602833,0.018287870989505715,0.018456375838926176,0.987248322147651,0.22448979591836735,0.034108527131782945,0.8257829977628636,0.17275797903254966,5884,76,1170,22
common_strict,All species,5,2,DeepKla,0.5,7152,1192,5960,0.5880904857889284,0.2151344326321663,0.0909426787731013,0.41023489932885904,0.7031879194630872,0.21656333038086803,0.2834782608695652,0.6543624161073825,0.21660873711181672,4191,1769,703,489
common_strict,All species,5,2,Auto-Kla,0.5,7152,1192,5960,0.6908554935588487,0.2773724326207262,0.16631137463795767,0.31711409395973156,0.8526845637583893,0.30095541401273884,0.3088235294117647,0.7634228187919463,0.21613979653173027,5082,878,814,378
common_strict,All species,5,2,HybridKla,0.5,7152,1192,5960,0.7491923224179091,0.38401356209015125,0.2803330506162345,0.5218120805369127,0.8040268456375839,0.3474860335195531,0.41716968477531857,0.7569910514541387,0.1787207428009971,4792,1168,570,622
common_strict,All species,5,2,PCBert-Kla,0.5,7152,1192,5960,0.5804965851763434,0.2040763669495843,0.018287870989505715,0.018456375838926176,0.987248322147651,0.22448979591836735,0.034108527131782945,0.8257829977628636,0.1718613788254102,5884,76,1170,22
common_strict,All species,5,3,DeepKla,0.5,7152,1192,5960,0.5913705322958426,0.21655956023672684,0.08963606598893605,0.41023489932885904,0.7016778523489933,0.21570357300397,0.2827406764960971,0.6531040268456376,0.2149963032083555,4182,1778,703,489
common_strict,All species,5,3,Auto-Kla,0.5,7152,1192,5960,0.6973417582541327,0.28505074982634826,0.17199887016382734,0.31711409395973156,0.8570469798657718,0.3073170731707317,0.3121387283236995,0.7670581655480985,0.21249273635787788,5108,852,814,378
common_strict,All species,5,3,HybridKla,0.5,7152,1192,5960,0.7495208549164453,0.37401605252626,0.2817114268985656,0.5218120805369127,0.8052013422818792,0.3488502523836231,0.4181512605042017,0.7579697986577181,0.178860790066805,4799,1161,570,622
common_strict,All species,5,3,PCBert-Kla,0.5,7152,1192,5960,0.5780233716949686,0.2062931781287223,0.01642822519452663,0.018456375838926176,0.9867449664429531,0.21782178217821782,0.03402938901778809,0.8253635346756152,0.17287224395859277,5881,79,1170,22
common_strict,All species,5,4,DeepKla,0.5,7152,1192,5960,0.5884948172379624,0.21454666117735738,0.09123352172323612,0.41023489932885904,0.7035234899328859,0.21675531914893617,0.28364269141531323,0.6546420581655481,0.21634010959486852,4193,1767,703,489
common_strict,All species,5,4,Auto-Kla,0.5,7152,1192,5960,0.6881740968875276,0.2778410019138572,0.1611661881125681,0.31711409395973156,0.8486577181208054,0.2953125,0.30582524271844663,0.7600671140939598,0.21768474022146847,5058,902,814,378
common_strict,All species,5,4,HybridKla,0.5,7152,1192,5960,0.7508007803702537,0.37751384320714926,0.2793518609982579,0.5218120805369127,0.8031879194630872,0.34651810584958215,0.41647137596250416,0.7562919463087249,0.17835174777984533,4787,1173,570,622
common_strict,All species,5,4,PCBert-Kla,0.5,7152,1192,5960,0.5785772600333319,0.20356093399452735,0.022196204884390953,0.018456375838926176,0.988255033557047,0.2391304347826087,0.034267912772585674,0.8266219239373602,0.17103601699439266,5890,70,1170,22
common_strict,All species,5,5,DeepKla,0.5,7152,1192,5960,0.5938132009819377,0.21553353733158448,0.0970883205230702,0.41023489932885904,0.7102348993288591,0.22066787003610108,0.28697183098591544,0.660234899328859,0.2146178029069685,4233,1727,703,489
common_strict,All species,5,5,Auto-Kla,0.5,7152,1192,5960,0.6970555239628846,0.2838633642500567,0.17244143521964073,0.31711409395973156,0.8573825503355704,0.30781758957654726,0.3123966942148761,0.767337807606264,0.21182606439085638,5110,850,814,378
common_strict,All species,5,5,HybridKla,0.5,7152,1192,5960,0.7491163123282736,0.38422940593251353,0.2723681450484898,0.5218120805369127,0.7971476510067114,0.3397050791916985,0.4115117433013562,0.7512583892617449,0.18010979592879658,4751,1209,570,622
common_strict,All species,5,5,PCBert-Kla,0.5,7152,1192,5960,0.5764383501869286,0.20126565862407972,0.007394031137528515,0.018456375838926176,0.9840604026845637,0.18803418803418803,0.033613445378151266,0.8231263982102909,0.1744180682977752,5865,95,1170,22
common_strict,All species,5,6,DeepKla,0.5,7152,1192,5960,0.5897405381514346,0.21651439505198078,0.08674506442260803,0.41023489932885904,0.6983221476510068,0.21381722780935725,0.2811152630066111,0.6503076062639821,0.21597552648351806,4162,1798,703,489
common_strict,All species,5,6,Auto-Kla,0.5,7152,1192,5960,0.6913186624476375,0.2806487799185211,0.16458538700246017,0.31711409395973156,0.8513422818791946,0.2990506329113924,0.30781758957654726,0.7623042505592841,0.21578698458918844,5074,886,814,378
common_strict,All species,5,6,HybridKla,0.5,7152,1192,5960,0.7511891356245214,0.3730707758017453,0.28349178509375705,0.5218120805369127,0.8067114093959732,0.3506200676437429,0.4194200944032367,0.7592281879194631,0.1778329491437168,4808,1152,570,622
common_strict,All species,5,6,PCBert-Kla,0.5,7152,1192,5960,0.57672226194766,0.20142678236710754,0.010072787050317254,0.018456375838926176,0.9848993288590604,0.19642857142857142,0.03374233128834356,0.8238255033557047,0.17411614210093393,5870,90,1170,22
common_strict,All species,5,7,DeepKla,0.5,7152,1192,5960,0.5902160938696455,0.21951562191679141,0.09517747141625828,0.41023489932885904,0.7080536912751678,0.2193808882907133,0.28588132125109617,0.658417225950783,0.2148992322483243,4220,1740,703,489
common_strict,All species,5,7,Auto-Kla,0.5,7152,1192,5960,0.6915101656456917,0.27878960084524723,0.16159123286555288,0.31711409395973156,0.8489932885906041,0.29577464788732394,0.30607287449392717,0.7603467561521253,0.21610226592846934,5060,900,814,378
common_strict,All species,5,7,HybridKla,0.5,7152,1192,5960,0.7524971425836675,0.3857165509833928,0.28428603149183657,0.5218120805369127,0.8073825503355705,0.35141242937853107,0.41998649561107354,0.7597874720357942,0.17606742660829874,4812,1148,570,622
common_strict,All species,5,7,PCBert-Kla,0.5,7152,1192,5960,0.5730816601729651,0.20165795492469024,0.022874154630907584,0.018456375838926176,0.9884228187919463,0.24175824175824176,0.034294621979735,0.826761744966443,0.17114597656297528,5891,69,1170,22
common_strict,All species,5,8,DeepKla,0.5,7152,1192,5960,0.5891699698211792,0.2148349040978889,0.08775496206997366,0.41023489932885904,0.699496644295302,0.21447368421052632,0.2816820276497696,0.6512863534675615,0.21620796809495324,4169,1791,703,489
common_strict,All species,5,8,Auto-Kla,0.5,7152,1192,5960,0.689105361244989,0.27593002651543863,0.16180400540020082,0.31711409395973156,0.8491610738255033,0.2960062646828504,0.30619684082624543,0.760486577181208,0.2172295390902364,5061,899,814,378
common_strict,All species,5,8,HybridKla,0.5,7152,1192,5960,0.7540813899148687,0.3740006108622674,0.2882851910942389,0.5218120805369127,0.810738255033557,0.3554285714285714,0.4228416043507818,0.7625838926174496,0.17602690131648552,4832,1128,570,622
common_strict,All species,5,8,PCBert-Kla,0.5,7152,1192,5960,0.5739059473672357,0.199775690370849,0.008451255343166347,0.018456375838926176,0.9843959731543624,0.19130434782608696,0.03366488140780413,0.8234060402684564,0.17478444971778603,5867,93,1170,22
common_strict,All species,5,9,DeepKla,0.5,7152,1192,5960,0.5874831088689698,0.21153497681572997,0.0850186279279539,0.41023489932885904,0.6963087248322147,0.21270117442366246,0.2801489544543111,0.6486297539149888,0.21760527989498218,4150,1810,703,489
common_strict,All species,5,9,Auto-Kla,0.5,7152,1192,5960,0.6933969049817577,0.27801509838632943,0.16870286979052945,0.31711409395973156,0.8545302013422819,0.3036144578313253,0.31021748050882236,0.7649608501118568,0.21306152575330847,5093,867,814,378
common_strict,All species,5,9,HybridKla,0.5,7152,1192,5960,0.7447519255889374,0.36638445035031075,0.26703127741596494,0.5218120805369127,0.7924496644295302,0.3345884884346423,0.40773516879711574,0.7473434004474273,0.18555613200918472,4723,1237,570,622
common_strict,All species,5,9,PCBert-Kla,0.5,7152,1192,5960,0.5835892105085356,0.2069704878162411,0.020209001705084214,0.018456375838926176,0.987751677852349,0.23157894736842105,0.03418803418803419,0.8262024608501118,0.17175440983487547,5887,73,1170,22
common_strict,All species,5,10,DeepKla,0.5,7152,1192,5960,0.5883579286969056,0.21450619821366956,0.08761056309912033,0.41023489932885904,0.6993288590604027,0.21437965804471723,0.2816009213936078,0.6511465324384788,0.21675039483687375,4168,1792,703,489
common_strict,All species,5,10,Auto-Kla,0.5,7152,1192,5960,0.6924293246925814,0.28281343410753995,0.1755602411449552,0.31711409395973156,0.859731543624161,0.3113673805601318,0.314214463840399,0.7692953020134228,0.21044404263373287,5124,836,814,378
common_strict,All species,5,10,HybridKla,0.5,7152,1192,5960,0.7482019391018423,0.3724076982309187,0.27623063930773073,0.5218120805369127,0.800503355704698,0.3434566537824406,0.4142524142524142,0.7540548098434005,0.18052277147351453,4771,1189,570,622
common_strict,All species,5,10,PCBert-Kla,0.5,7152,1192,5960,0.5741094151164362,0.20113797546794585,0.012305653670034333,0.018456375838926176,0.9855704697986577,0.2037037037037037,0.033846153846153845,0.8243847874720358,0.17334176718927266,5874,86,1170,22
common_strict,All species,5,11,DeepKla,0.5,7152,1192,5960,0.5980502708211343,0.22043339869930628,0.10182610944256261,0.41023489932885904,0.7156040268456376,0.2239010989010989,0.2896919431279621,0.6647091722595079,0.21247577919685384,4265,1695,703,489
common_strict,All species,5,11,Auto-Kla,0.5,7152,1192,5960,0.6912981115715509,0.2824649937500748,0.16480053117356347,0.31711409395973156,0.8515100671140939,0.2992874109263658,0.3079429735234216,0.7624440715883669,0.21605645336494553,5075,885,814,378
common_strict,All species,5,11,HybridKla,0.5,7152,1192,5960,0.7502860935318229,0.37138519396569647,0.2832935107946327,0.5218120805369127,0.8065436241610738,0.3504225352112676,0.4192787327266599,0.7590883668903803,0.17871358862287282,4807,1153,570,622
common_strict,All species,5,11,PCBert-Kla,0.5,7152,1192,5960,0.5752305639385613,0.2009200547835504,0.020209001705084214,0.018456375838926176,0.987751677852349,0.23157894736842105,0.03418803418803419,0.8262024608501118,0.17218512486645704,5887,73,1170,22
common_strict,All species,5,12,DeepKla,0.5,7152,1192,5960,0.5892917267240214,0.21755106034605998,0.0942981789082133,0.41023489932885904,0.7070469798657718,0.21879194630872484,0.2853807995331194,0.6575782997762863,0.21563981984299077,4214,1746,703,489
common_strict,All species,5,12,Auto-Kla,0.5,7152,1192,5960,0.6964423759064908,0.2842949137228621,0.1742191112647159,0.31711409395973156,0.8587248322147651,0.30983606557377047,0.3134328358208955,0.7684563758389261,0.21002044028555408,5118,842,814,378
common_strict,All species,5,12,HybridKla,0.5,7152,1192,5960,0.7478030268906808,0.38011349185926596,0.2768137302192184,0.5218120805369127,0.8010067114093959,0.3440265486725664,0.4146666666666667,0.7544742729306487,0.18074154337783332,4774,1186,570,622
common_strict,All species,5,12,PCBert-Kla,0.5,7152,1192,5960,0.5787250574298455,0.20451077417287322,0.018287870989505715,0.018456375838926176,0.987248322147651,0.22448979591836735,0.034108527131782945,0.8257829977628636,0.1719130677738524,5884,76,1170,22
common_strict,All species,5,13,DeepKla,0.5,7152,1192,5960,0.5882181545876312,0.213379771935522,0.0954709371591173,0.41023489932885904,0.7083892617449664,0.2195779074988774,0.286048552208248,0.6586968680089486,0.21679915145490913,4222,1738,703,489
common_strict,All species,5,13,Auto-Kla,0.5,7152,1192,5960,0.6914462608666276,0.2796058142612932,0.16652790420988975,0.31711409395973156,0.8528523489932885,0.301195219123506,0.30894973436861467,0.7635626398210291,0.2151789466310208,5083,877,814,378
common_strict,All species,5,13,HybridKla,0.5,7152,1192,5960,0.7436486532138192,0.3659040524627609,0.2700709831873276,0.5218120805369127,0.7951342281879195,0.33749321758003253,0.40988467874794066,0.7495805369127517,0.1842587105203299,4739,1221,570,622
common_strict,All species,5,13,PCBert-Kla,0.5,7152,1192,5960,0.5756924659925229,0.20076087684655625,0.01062320668070732,0.018456375838926176,0.9850671140939598,0.1981981981981982,0.03376822716807368,0.8239653243847874,0.17356577464958076,5871,89,1170,22
common_strict,All species,5,14,DeepKla,0.5,7152,1192,5960,0.5904004887167245,0.2152414669822267,0.09269040679434128,0.41023489932885904,0.7052013422818791,0.21772039180765806,0.28446771378708546,0.6560402684563759,0.215606172293531,4203,1757,703,489
common_strict,All species,5,14,Auto-Kla,0.5,7152,1192,5960,0.6948191382144949,0.2865193129118028,0.17623336648416807,0.31711409395973156,0.8602348993288591,0.31213872832369943,0.3146067415730337,0.7697147651006712,0.20948313924480838,5127,833,814,378
common_strict,All species,5,14,HybridKla,0.5,7152,1192,5960,0.7477436264132246,0.3752165231960426,0.2772030027768125,0.5218120805369127,0.8013422818791947,0.3444075304540421,0.41494329553035364,0.7547539149888143,0.18052452283280546,4776,1184,570,622
common_strict,All species,5,14,PCBert-Kla,0.5,7152,1192,5960,0.5754003198054141,0.20061631050329493,0.010072787050317254,0.018456375838926176,0.9848993288590604,0.19642857142857142,0.03374233128834356,0.8238255033557047,0.1740788822497717,5870,90,1170,22
common_strict,All species,5,15,DeepKla,0.5,7152,1192,5960,0.593022414530877,0.21729611145410907,0.09459109282887819,0.41023489932885904,0.7073825503355705,0.21898790864308107,0.28554744525547443,0.6578579418344519,0.21475203564676493,4216,1744,703,489
common_strict,All species,5,15,Auto-Kla,0.5,7152,1192,5960,0.6969707164091707,0.2889263549338821,0.17894318794832384,0.31711409395973156,0.862248322147651,0.31526271893244373,0.3161856963613551,0.7713926174496645,0.20930169715958818,5139,821,814,378
common_strict,All species,5,15,HybridKla,0.5,7152,1192,5960,0.7460163675059683,0.3734302265314212,0.274680498240719,0.5218120805369127,0.7991610738255034,0.34194612424409015,0.4131517768183328,0.7529362416107382,0.1822646415867425,4763,1197,570,622
common_strict,All species,5,15,PCBert-Kla,0.5,7152,1192,5960,0.581350361470204,0.20587883468688206,0.020209001705084214,0.018456375838926176,0.987751677852349,0.23157894736842105,0.03418803418803419,0.8262024608501118,0.17169733947864835,5887,73,1170,22
common_strict,All species,5,16,DeepKla,0.5,7152,1192,5960,0.5932216594973199,0.21821105437342272,0.0954709371591173,0.41023489932885904,0.7083892617449664,0.2195779074988774,0.286048552208248,0.6586968680089486,0.21444161459400043,4222,1738,703,489
common_strict,All species,5,16,Auto-Kla,0.5,7152,1192,5960,0.6884396395432638,0.280158939696514,0.17244143521964073,0.31711409395973156,0.8573825503355704,0.30781758957654726,0.3123966942148761,0.767337807606264,0.21284064439030848,5110,850,814,378
common_strict,All species,5,16,HybridKla,0.5,7152,1192,5960,0.747281935498401,0.3702102282218489,0.276619257685907,0.5218120805369127,0.8008389261744966,0.34383637368711994,0.4145284905031656,0.754334451901566,0.1812061789368596,4773,1187,570,622
common_strict,All species,5,16,PCBert-Kla,0.5,7152,1192,5960,0.5767593520562138,0.20173830971349557,0.011739530829749354,0.018456375838926176,0.9854026845637583,0.2018348623853211,0.033820138355111454,0.824244966442953,0.17300607807638507,5873,87,1170,22
common_strict,All species,5,17,DeepKla,0.5,7152,1192,5960,0.5901794260393676,0.2163533438153969,0.09269040679434128,0.41023489932885904,0.7052013422818791,0.21772039180765806,0.28446771378708546,0.6560402684563759,0.21548609062396776,4203,1757,703,489
common_strict,All species,5,17,Auto-Kla,0.5,7152,1192,5960,0.6922952513400297,0.28142713354410714,0.17155704060696017,0.31711409395973156,0.8567114093959731,0.3068181818181818,0.31188118811881194,0.7667785234899329,0.21226335556046225,5106,854,814,378
common_strict,All species,5,17,HybridKla,0.5,7152,1192,5960,0.7515210463492634,0.37970110163036186,0.28131704151439113,0.5218120805369127,0.8048657718120805,0.3484593837535014,0.41787033926771916,0.7576901565995525,0.17809638171578288,4797,1163,570,622
common_strict,All species,5,17,PCBert-Kla,0.5,7152,1192,5960,0.574315838813567,0.20508462277403117,0.03332491901202463,0.018456375838926176,0.9907718120805369,0.2857142857142857,0.03467297084318361,0.8287192393736018,0.1700537814979539,5905,55,1170,22
common_strict,All species,5,18,DeepKla,0.5,7152,1192,5960,0.5882085125670015,0.21578888635136295,0.09342053221160723,0.41023489932885904,0.7060402684563758,0.2182061579651941,0.2848820273812992,0.6567393736017897,0.21617345828485,4208,1752,703,489
common_strict,All species,5,18,Auto-Kla,0.5,7152,1192,5960,0.6941378625962795,0.28370126871206486,0.16631137463795767,0.31711409395973156,0.8526845637583893,0.30095541401273884,0.3088235294117647,0.7634228187919463,0.21348438493741326,5082,878,814,378
common_strict,All species,5,18,HybridKla,0.5,7152,1192,5960,0.7476926011215711,0.3692716539780402,0.27798286236874753,0.5218120805369127,0.802013422818792,0.34517203107658156,0.41549766199064797,0.7553131991051454,0.1808779979616052,4780,1180,570,622
common_strict,All species,5,18,PCBert-Kla,0.5,7152,1192,5960,0.5735586938651412,0.20151246193543243,0.014037248126871928,0.018456375838926176,0.9860738255033556,0.20952380952380953,0.03392444101773323,0.8248042505592841,0.17318278425665307,5877,83,1170,22
common_strict,All species,5,19,DeepKla,0.5,7152,1192,5960,0.5874886688662673,0.21436077997872183,0.08847760009625134,0.41023489932885904,0.7003355704697987,0.21494505494505495,0.28208826074415916,0.6519854586129754,0.21675997358146706,4174,1786,703,489
common_strict,All species,5,19,Auto-Kla,0.5,7152,1192,5960,0.6954419282915183,0.28811312351827617,0.16957782901738028,0.31711409395973156,0.8552013422818792,0.3045930701047542,0.31072749691738594,0.7655201342281879,0.21049736636732427,5097,863,814,378
common_strict,All species,5,19,HybridKla,0.5,7152,1192,5960,0.7497892831403989,0.3707029950877286,0.28269937468062495,0.5218120805369127,0.8060402684563759,0.3498312710911136,0.4188552188552188,0.758668903803132,0.17969097599827336,4804,1156,570,622
common_strict,All species,5,19,PCBert-Kla,0.5,7152,1192,5960,0.5751703189045538,0.2015618209586611,0.01766137038765514,0.018456375838926176,0.9870805369127517,0.2222222222222222,0.03408210689388071,0.8256431767337807,0.17254520678392068,5883,77,1170,22
common_strict,All species,5,20,DeepKla,0.5,7152,1192,5960,0.5924895697265888,0.21577040551718973,0.09473761853174735,0.41023489932885904,0.7075503355704698,0.21908602150537634,0.28563084112149534,0.6579977628635347,0.21526872404010325,4217,1743,703,489
common_strict,All species,5,20,Auto-Kla,0.5,7152,1192,5960,0.6867605907391559,0.27330409836266456,0.1605298668177642,0.31711409395973156,0.8481543624161074,0.2946219797349961,0.3054545454545454,0.7596476510067114,0.21863453843820735,5055,905,814,378
common_strict,All species,5,20,HybridKla,0.5,7152,1192,5960,0.7454668427097879,0.3770738661989841,0.275842455447565,0.5218120805369127,0.8001677852348993,0.3430777716492002,0.41397670549084853,0.7537751677852349,0.18164674820133594,4769,1191,570,622
common_strict,All species,5,20,PCBert-Kla,0.5,7152,1192,5960,0.574770139858565,0.20408698485434273,0.01956151991089879,0.018456375838926176,0.9875838926174496,0.22916666666666666,0.03416149068322981,0.8260626398210291,0.17197840371220244,5886,74,1170,22
common_strict,All species,5,21,DeepKla,0.5,7152,1192,5960,0.588017642786361,0.21244664087214155,0.08847760009625134,0.41023489932885904,0.7003355704697987,0.21494505494505495,0.28208826074415916,0.6519854586129754,0.21717388137533183,4174,1786,703,489
common_strict,All species,5,21,Auto-Kla,0.5,7152,1192,5960,0.6940062525336697,0.2824811812989172,0.16739577353752433,0.31711409395973156,0.853523489932886,0.302158273381295,0.30945558739255014,0.7641219239373602,0.2138952822665393,5087,873,814,378
common_strict,All species,5,21,HybridKla,0.5,7152,1192,5960,0.7485725586685285,0.3729560462236672,0.2773978031229953,0.5218120805369127,0.801510067114094,0.3445983379501385,0.4150817484150817,0.7548937360178971,0.1795938033330834,4777,1183,570,622
common_strict,All species,5,21,PCBert-Kla,0.5,7152,1192,5960,0.5766183814918246,0.20219467801445415,0.024254584932367707,0.018456375838926176,0.988758389261745,0.24719101123595505,0.03434816549570648,0.8270413870246085,0.17085037330670635,5893,67,1170,22
common_strict,All species,5,22,DeepKla,0.5,7152,1192,5960,0.5898807345389847,0.21592021446264545,0.09167011879573465,0.41023489932885904,0.7040268456375839,0.2170439414114514,0.2838896952104499,0.6550615212527964,0.2158278088720058,4196,1764,703,489
common_strict,All species,5,22,Auto-Kla,0.5,7152,1192,5960,0.6890411749470745,0.2742094139536023,0.16415561315819482,0.31711409395973156,0.851006711409396,0.2985781990521327,0.30756712774613504,0.7620246085011185,0.21611324206560195,5072,888,814,378
common_strict,All species,5,22,HybridKla,0.5,7152,1192,5960,0.7500404683347597,0.37872993643982045,0.2864797659631623,0.5218120805369127,0.809228187919463,0.3536100056850483,0.4215520162656727,0.7613255033557047,0.17733028477483234,4823,1137,570,622
common_strict,All species,5,22,PCBert-Kla,0.5,7152,1192,5960,0.5724647819918022,0.2015979599386017,0.017041539453094223,0.018456375838926176,0.9869127516778523,0.22,0.034055727554179564,0.825503355704698,0.17223083584442928,5882,78,1170,22
common_strict,All species,5,23,DeepKla,0.5,7152,1192,5960,0.5858740174992116,0.2097512824015716,0.08775496206997366,0.41023489932885904,0.699496644295302,0.21447368421052632,0.2816820276497696,0.6512863534675615,0.21811631856835834,4169,1791,703,489
common_strict,All species,5,23,Auto-Kla,0.5,7152,1192,5960,0.691365746475384,0.27658376326072204,0.16587883833700537,0.31711409395973156,0.8523489932885906,0.3004769475357711,0.3085714285714286,0.7631431767337807,0.21584798620465098,5080,880,814,378
common_strict,All species,5,23,HybridKla,0.5,7152,1192,5960,0.7514544671411196,0.3707014027460642,0.28013658925437246,0.5218120805369127,0.8038590604026845,0.3472920156337242,0.41702983573583646,0.756851230425056,0.1802187272070046,4791,1169,570,622
common_strict,All species,5,23,PCBert-Kla,0.5,7152,1192,5960,0.5766639171658934,0.20380734509941792,0.026389841836037403,0.018456375838926176,0.9892617449664429,0.2558139534883721,0.03442879499217528,0.8274608501118568,0.17113230039310295,5896,64,1170,22
common_strict,All species,5,24,DeepKla,0.5,7152,1192,5960,0.5910740225665511,0.21581432910550805,0.08905648612339834,0.41023489932885904,0.701006711409396,0.21532364597093792,0.2824140918278949,0.6525447427293065,0.2155657755605616,4178,1782,703,489
common_strict,All species,5,24,Auto-Kla,0.5,7152,1192,5960,0.6972654666456466,0.28891124585076755,0.17623336648416807,0.31711409395973156,0.8602348993288591,0.31213872832369943,0.3146067415730337,0.7697147651006712,0.20886952708011639,5127,833,814,378
common_strict,All species,5,24,HybridKla,0.5,7152,1192,5960,0.7532644925904239,0.3795215647796165,0.28768231857051385,0.5218120805369127,0.8102348993288591,0.35482030804335424,0.4224108658743634,0.7621644295302014,0.1772393570765637,4829,1131,570,622
common_strict,All species,5,24,PCBert-Kla,0.5,7152,1192,5960,0.5846948054141705,0.20660987729136066,0.013454392521823852,0.018456375838926176,0.9859060402684564,0.20754716981132076,0.03389830508474577,0.8246644295302014,0.17338989828354398,5876,84,1170,22
common_strict,All species,5,25,DeepKla,0.5,7152,1192,5960,0.5871138265168235,0.21594485069665553,0.08703339389561461,0.41023489932885904,0.6986577181208053,0.21400437636761488,0.2812769628990509,0.6505872483221476,0.21673661169616182,4164,1796,703,489
common_strict,All species,5,25,Auto-Kla,0.5,7152,1192,5960,0.6921405567316787,0.2797042147433594,0.1676131804025651,0.31711409395973156,0.8536912751677852,0.3024,0.3095823095823096,0.764261744966443,0.21340564498846454,5088,872,814,378
common_strict,All species,5,25,HybridKla,0.5,7152,1192,5960,0.7493081674248909,0.3711042115823849,0.27994023977713867,0.5218120805369127,0.8036912751677853,0.3470982142857143,0.4168900804289544,0.7567114093959731,0.17969069221997555,4790,1170,570,622
common_strict,All species,5,25,PCBert-Kla,0.5,7152,1192,5960,0.5657845508085221,0.19553895108436137,0.017041539453094223,0.018456375838926176,0.9869127516778523,0.22,0.034055727554179564,0.825503355704698,0.17264905525487795,5882,78,1170,22
common_strict,All species,5,26,DeepKla,0.5,7152,1192,5960,0.5838990220035133,0.2094816639141217,0.08101339612740342,0.41023489932885904,0.6916107382550336,0.21014181349376881,0.27791986359761295,0.6447147651006712,0.21930893071468588,4122,1838,703,489
common_strict,All species,5,26,Auto-Kla,0.5,7152,1192,5960,0.6861095080176568,0.27280170718001473,0.15968375019677233,0.31711409395973156,0.8474832214765101,0.2937062937062937,0.3049616780960065,0.7590883668903803,0.21836867764635773,5051,909,814,378
common_strict,All species,5,26,HybridKla,0.5,7152,1192,5960,0.7472600474077744,0.37267601924160265,0.2760364931427431,0.5218120805369127,0.8003355704697986,0.3432671081677704,0.4141145139813582,0.7539149888143176,0.18080418380808183,4770,1190,570,622
common_strict,All species,5,26,PCBert-Kla,0.5,7152,1192,5960,0.5722289395747939,0.1998384929579254,0.01766137038765514,0.018456375838926176,0.9870805369127517,0.2222222222222222,0.03408210689388071,0.8256431767337807,0.17230138381980878,5883,77,1170,22
common_strict,All species,5,27,DeepKla,0.5,7152,1192,5960,0.5890699602495383,0.21545006153168772,0.08891169972871553,0.41023489932885904,0.7008389261744966,0.21522887323943662,0.2823325635103926,0.6524049217002237,0.21612719503491717,4177,1783,703,489
common_strict,All species,5,27,Auto-Kla,0.5,7152,1192,5960,0.6956796005810549,0.28358540290800793,0.1746653995874597,0.31711409395973156,0.8590604026845637,0.3103448275862069,0.3136929460580913,0.7687360178970917,0.21031685472487802,5120,840,814,378
common_strict,All species,5,27,HybridKla,0.5,7152,1192,5960,0.7441299096887528,0.3638403770853879,0.27352240604777006,0.5218120805369127,0.7981543624161074,0.3408219178082192,0.41233012926748425,0.7520973154362416,0.18328627834607258,4757,1203,570,622
common_strict,All species,5,27,PCBert-Kla,0.5,7152,1192,5960,0.5761602799423451,0.20270552248757429,0.01956151991089879,0.018456375838926176,0.9875838926174496,0.22916666666666666,0.03416149068322981,0.8260626398210291,0.17239210060928348,5886,74,1170,22
common_strict,All species,5,28,DeepKla,0.5,7152,1192,5960,0.5930758327327598,0.21605571594222311,0.09385915073572955,0.41023489932885904,0.7065436241610739,0.21849865951742628,0.285131195335277,0.6571588366890381,0.21516542840170236,4211,1749,703,489
common_strict,All species,5,28,Auto-Kla,0.5,7152,1192,5960,0.6894334010855366,0.2748238600419945,0.1588402565082678,0.31711409395973156,0.8468120805369127,0.2927962819519752,0.3044703987112364,0.7585290827740492,0.21995888361695137,5047,913,814,378
common_strict,All species,5,28,HybridKla,0.5,7152,1192,5960,0.7463653101211656,0.3676767544741161,0.27217613833825266,0.5218120805369127,0.7969798657718121,0.3395196506550218,0.4113756613756613,0.7511185682326622,0.1829335980747895,4750,1210,570,622
common_strict,All species,5,28,PCBert-Kla,0.5,7152,1192,5960,0.5751001503310662,0.20121895767888678,0.010072787050317254,0.018456375838926176,0.9848993288590604,0.19642857142857142,0.03374233128834356,0.8238255033557047,0.17386329639107168,5870,90,1170,22
common_strict,All species,5,29,DeepKla,0.5,7152,1192,5960,0.5862703256610063,0.21019382998250905,0.08430105395556928,0.41023489932885904,0.6954697986577181,0.21223958333333334,0.2797482837528604,0.647930648769575,0.218156772845229,4145,1815,703,489
common_strict,All species,5,29,Auto-Kla,0.5,7152,1192,5960,0.6873322147651006,0.2763847825950523,0.15757988891634073,0.31711409395973156,0.8458053691275168,0.29144178874325366,0.3037364403374849,0.7576901565995525,0.21872948777589324,5041,919,814,378
common_strict,All species,5,29,HybridKla,0.5,7152,1192,5960,0.742542565650196,0.3647624197347182,0.26892801650616416,0.5218120805369127,0.7941275167785234,0.3363980530016225,0.40907596185465306,0.7487416107382551,0.18563981753058062,4733,1227,570,622
common_strict,All species,5,29,PCBert-Kla,0.5,7152,1192,5960,0.5771266637764065,0.20326537972650308,0.012877234929413731,0.018456375838926176,0.985738255033557,0.205607476635514,0.03387220939183988,0.8245246085011185,0.17282744728226124,5875,85,1170,22
common_strict,All species,10,0,DeepKla,0.5,13112,1192,11920,0.5869172911693167,0.11976354292687963,0.06886017869179303,0.41023489932885904,0.700503355704698,0.1204730229120473,0.18625023804989524,0.6741153142159854,0.20783831442311418,8350,3570,703,489
common_strict,All species,10,0,Auto-Kla,0.5,13112,1192,11920,0.6889290600648619,0.16400030177912828,0.130171474753894,0.31711409395973156,0.850755033557047,0.17524339360222532,0.22573902657509706,0.802242220866382,0.177148575202871,10141,1779,814,378
common_strict,All species,10,0,HybridKla,0.5,13112,1192,11920,0.7463182964731319,0.24122408814055996,0.21686871908279112,0.5218120805369127,0.7967281879194631,0.20426929392446633,0.2936039650696247,0.7717358145210494,0.16656411526661807,9497,2423,570,622
common_strict,All species,10,0,PCBert-Kla,0.5,13112,1192,11920,0.571921450610333,0.11183649079174268,0.012129530728330508,0.018456375838926176,0.986493288590604,0.12021857923497267,0.032,0.8984899328859061,0.09953303405763686,11759,161,1170,22
common_strict,All species,10,1,DeepKla,0.5,13112,1192,11920,0.5953531794738975,0.12357502661793793,0.07627873217876048,0.41023489932885904,0.7113255033557047,0.12442748091603054,0.1909410386567747,0.6839536302623551,0.20430331929421164,8479,3441,703,489
common_strict,All species,10,1,Auto-Kla,0.5,13112,1192,11920,0.6967134785595244,0.1672205222577119,0.1381088312968703,0.31711409395973156,0.8580536912751678,0.1826086956521739,0.2317596566523605,0.8088773642464918,0.17087836533061018,10228,1692,814,378
common_strict,All species,10,1,HybridKla,0.5,13112,1192,11920,0.7496114336065942,0.2355983982721176,0.22125326012307597,0.5218120805369127,0.8011744966442953,0.20788770053475936,0.2973231357552581,0.775777913361806,0.16376698739758594,9550,2370,570,622
common_strict,All species,10,1,PCBert-Kla,0.5,13112,1192,11920,0.5819953915364173,0.11546340936627716,0.018012974872104032,0.018456375838926176,0.9884228187919463,0.1375,0.03254437869822485,0.9002440512507627,0.09820111919157967,11782,138,1170,22
common_strict,All species,10,2,DeepKla,0.5,13112,1192,11920,0.5891868961420657,0.12035990021985116,0.06812201532639782,0.41023489932885904,0.6994127516778523,0.12008840864440079,0.18579027355623098,0.6731238560097621,0.20721276789519555,8337,3583,703,489
common_strict,All species,10,2,Auto-Kla,0.5,13112,1192,11920,0.691398261902617,0.1652615416091991,0.13368704482020768,0.31711409395973156,0.8540268456375839,0.17847025495750707,0.22839879154078552,0.8052165954850519,0.17402748137660523,10180,1740,814,378
common_strict,All species,10,2,HybridKla,0.5,13112,1192,11920,0.7482052469483357,0.24213456546336717,0.22292952207872907,0.5218120805369127,0.8028523489932886,0.20928667563930015,0.2987512007684918,0.7773032336790726,0.16390150154238642,9570,2350,570,622
common_strict,All species,10,2,PCBert-Kla,0.5,13112,1192,11920,0.571957133124634,0.11072532315507191,0.010494498137475232,0.018456375838926176,0.9859060402684564,0.11578947368421053,0.031837916063675836,0.8979560707748627,0.09979350927122942,11752,168,1170,22
common_strict,All species,10,3,DeepKla,0.5,13112,1192,11920,0.5901748161681907,0.11924992870967936,0.07091312455030448,0.41023489932885904,0.7035234899328859,0.1215510812826249,0.187535953978907,0.6768608907870652,0.20730522240542754,8386,3534,703,489
common_strict,All species,10,3,Auto-Kla,0.5,13112,1192,11920,0.6877408041867483,0.1607714453583818,0.12576021404132479,0.31711409395973156,0.8465604026845638,0.17127322156773903,0.22241835834068843,0.7984289200732154,0.1806702226306505,10091,1829,814,378
common_strict,All species,10,3,HybridKla,0.5,13112,1192,11920,0.7479065906378091,0.2385214842132275,0.21925758492677971,0.5218120805369127,0.7991610738255034,0.20623342175066314,0.2956273764258555,0.773947528981086,0.16520639899937503,9526,2394,570,622
common_strict,All species,10,3,PCBert-Kla,0.5,13112,1192,11920,0.5777988604116931,0.11439466804918048,0.019129370662354834,0.018456375838926176,0.988758389261745,0.14102564102564102,0.032640949554896145,0.900549115314216,0.09811653460954853,11786,134,1170,22
common_strict,All species,10,4,DeepKla,0.5,13112,1192,11920,0.594881142741318,0.12383505050552596,0.07251898566140091,0.41023489932885904,0.7058724832214766,0.12240300375469337,0.18854829381145172,0.6789963392312386,0.20437573304205128,8414,3506,703,489
common_strict,All species,10,4,Auto-Kla,0.5,13112,1192,11920,0.69680704838746,0.16991794827621282,0.13625334972958583,0.31711409395973156,0.8563758389261745,0.18086124401913875,0.2303473491773309,0.8073520439292251,0.17196449580981676,10208,1712,814,378
common_strict,All species,10,4,HybridKla,0.5,13112,1192,11920,0.751701218413585,0.2464977035643673,0.22318201045297895,0.5218120805369127,0.8031040268456375,0.209498147524419,0.29896659456861335,0.7775320317266626,0.1626516195721667,9573,2347,570,622
common_strict,All species,10,4,PCBert-Kla,0.5,13112,1192,11920,0.579136321280573,0.11400972236096804,0.014583967328947338,0.018456375838926176,0.9873322147651007,0.12716763005780346,0.03223443223443224,0.8992525930445393,0.09838023599946401,11769,151,1170,22
common_strict,All species,10,5,DeepKla,0.5,13112,1192,11920,0.5885745926422233,0.1199362060896512,0.07217419000069988,0.41023489932885904,0.7053691275167785,0.12221944513871533,0.1883304448295783,0.6785387431360586,0.20767833661183516,8408,3512,703,489
common_strict,All species,10,5,Auto-Kla,0.5,13112,1192,11920,0.6933531991802172,0.16632601685461573,0.13405145812042024,0.31711409395973156,0.8543624161073825,0.17880794701986755,0.22867513611615245,0.8055216595485052,0.17427882438202838,10184,1736,814,378
common_strict,All species,10,5,HybridKla,0.5,13112,1192,11920,0.7494241531912976,0.23618278121329417,0.2215039284890063,0.5218120805369127,0.8014261744966443,0.20809635329541654,0.297536474527625,0.7760067114093959,0.16340161232368097,9553,2367,570,622
common_strict,All species,10,5,PCBert-Kla,0.5,13112,1192,11920,0.5760656544187199,0.11264649321591488,0.01309376056831342,0.018456375838926176,0.9868288590604026,0.12290502793296089,0.032093362509117436,0.8987949969493594,0.09916563015122287,11763,157,1170,22
common_strict,All species,10,6,DeepKla,0.5,13112,1192,11920,0.5865484310954461,0.11974094256145137,0.06608647535928672,0.41023489932885904,0.6963926174496644,0.11903602726387537,0.18452830188679245,0.6703782794386821,0.20850930816535418,8301,3619,703,489
common_strict,All species,10,6,Auto-Kla,0.5,13112,1192,11920,0.6900193473830006,0.16373184696494436,0.13070797260457975,0.31711409395973156,0.851258389261745,0.17573221757322174,0.22614418187256952,0.8026998169615619,0.17657069016146498,10147,1773,814,378
common_strict,All species,10,6,HybridKla,0.5,13112,1192,11920,0.7498868294220982,0.23263660937900354,0.22623358717215572,0.5218120805369127,0.8061241610738255,0.2120695533583362,0.30157575757575755,0.7802776082977425,0.16276705734505145,9609,2311,570,622
common_strict,All species,10,6,PCBert-Kla,0.5,13112,1192,11920,0.5756943662447637,0.11209640160017503,0.011655747134513872,0.018456375838926176,0.9863255033557047,0.11891891891891893,0.03195352214960058,0.8983374008541793,0.09964652997688545,11757,163,1170,22
common_strict,All species,10,7,DeepKla,0.5,13112,1192,11920,0.590951385917301,0.12188095430796148,0.07148571855817272,0.41023489932885904,0.7043624161073826,0.12185397458260652,0.1878962536023055,0.6776235509456986,0.20630569343141192,8396,3524,703,489
common_strict,All species,10,7,Auto-Kla,0.5,13112,1192,11920,0.6922092121413449,0.1658556740462246,0.13286975916707292,0.31711409395973156,0.8532718120805369,0.1777150916784203,0.22777945164206087,0.8045302013422819,0.1743461152991933,10171,1749,814,378
common_strict,All species,10,7,HybridKla,0.5,13112,1192,11920,0.7515569400027026,0.23786408779179102,0.22614827375797483,0.5218120805369127,0.8060402684563759,0.2119972733469666,0.3015026660203587,0.7802013422818792,0.16121258940583819,9608,2312,570,622
common_strict,All species,10,7,PCBert-Kla,0.5,13112,1192,11920,0.5757002429507679,0.11356546923442637,0.01639425730272785,0.018456375838926176,0.9879194630872483,0.13253012048192772,0.03240058910162003,0.8997864551555826,0.09828330905971587,11776,144,1170,22
common_strict,All species,10,8,DeepKla,0.5,13112,1192,11920,0.5914113877190217,0.12006828092171845,0.0724614936780054,0.41023489932885904,0.7057885906040269,0.12237237237237238,0.18851195065535853,0.6789200732153752,0.20658631570097008,8413,3507,703,489
common_strict,All species,10,8,Auto-Kla,0.5,13112,1192,11920,0.6940213137921716,0.16624760649046627,0.13755019318608,0.31711409395973156,0.8575503355704698,0.18208092485549132,0.23133414932680538,0.8084197681513118,0.17258644900888673,10222,1698,814,378
common_strict,All species,10,8,HybridKla,0.5,13112,1192,11920,0.7495328898473042,0.23426368360969052,0.22326623448486896,0.5218120805369127,0.8031879194630872,0.2095687331536388,0.29903846153846153,0.7776082977425259,0.16363374440299613,9574,2346,570,622
common_strict,All species,10,8,PCBert-Kla,0.5,13112,1192,11920,0.5734540744223233,0.11115780869176929,0.0114208776518654,0.018456375838926176,0.986241610738255,0.11827956989247312,0.031930333817126275,0.898261134838316,0.09960767672424799,11756,164,1170,22
common_strict,All species,10,9,DeepKla,0.5,13112,1192,11920,0.586789305661907,0.12054916233244756,0.06795190613201041,0.41023489932885904,0.6991610738255034,0.12,0.1856844503512436,0.6728950579621721,0.20816542231340723,8334,3586,703,489
common_strict,All species,10,9,Auto-Kla,0.5,13112,1192,11920,0.69568174716229,0.16718989126468686,0.13533266112871706,0.31711409395973156,0.8555369127516779,0.18,0.2296476306196841,0.8065893837705919,0.17351658264746897,10198,1722,814,378
common_strict,All species,10,9,HybridKla,0.5,13112,1192,11920,0.7508076423922345,0.23856489690666888,0.22411016578762794,0.5218120805369127,0.8040268456375839,0.21027721433400948,0.29975903614457833,0.7783709579011593,0.1626876208143767,9584,2336,570,622
common_strict,All species,10,9,PCBert-Kla,0.5,13112,1192,11920,0.5765480017791991,0.11310374640066723,0.015868753965088026,0.018456375838926176,0.987751677852349,0.13095238095238096,0.032352941176470584,0.899633923123856,0.09894939422703032,11774,146,1170,22
common_strict,All species,10,10,DeepKla,0.5,13112,1192,11920,0.5986171794063331,0.12412000827756357,0.07961387082398944,0.41023489932885904,0.7161073825503356,0.1262587141750581,0.19308983218163872,0.688300793166565,0.20290302863051424,8536,3384,703,489
common_strict,All species,10,10,Auto-Kla,0.5,13112,1192,11920,0.6905746785054727,0.16623663697888397,0.13560837936258252,0.31711409395973156,0.8557885906040269,0.18025751072961374,0.22985709942231683,0.8068181818181818,0.1727654680404636,10201,1719,814,378
common_strict,All species,10,10,HybridKla,0.5,13112,1192,11920,0.7489537703819646,0.2355833556489071,0.22242536968106383,0.5218120805369127,0.8023489932885906,0.2088650100738751,0.29832134292565954,0.7768456375838926,0.1654428891520449,9564,2356,570,622
common_strict,All species,10,10,PCBert-Kla,0.5,13112,1192,11920,0.5785279942344939,0.11320636369770551,0.0114208776518654,0.018456375838926176,0.986241610738255,0.11827956989247312,0.031930333817126275,0.898261134838316,0.09987004246502801,11756,164,1170,22
common_strict,All species,10,11,DeepKla,0.5,13112,1192,11920,0.590466364127742,0.12286742878474893,0.07091312455030448,0.41023489932885904,0.7035234899328859,0.1215510812826249,0.187535953978907,0.6768608907870652,0.20611799815087825,8386,3534,703,489
common_strict,All species,10,11,Auto-Kla,0.5,13112,1192,11920,0.6929102644588082,0.16560069871987654,0.13296038873227914,0.31711409395973156,0.8533557046979866,0.17779868297271872,0.22784810126582278,0.8046064673581452,0.17582889696526233,10172,1748,814,378
common_strict,All species,10,11,HybridKla,0.5,13112,1192,11920,0.7472381945070041,0.23476813956223624,0.21917480193560943,0.5218120805369127,0.7990771812080537,0.20616506463374212,0.29555713946305534,0.7738712629652227,0.16592853600876858,9525,2395,570,622
common_strict,All species,10,11,PCBert-Kla,0.5,13112,1192,11920,0.5788121875140759,0.11462855705354309,0.01309376056831342,0.018456375838926176,0.9868288590604026,0.12290502793296089,0.032093362509117436,0.8987949969493594,0.09890274511869948,11763,157,1170,22
common_strict,All species,10,12,DeepKla,0.5,13112,1192,11920,0.5909866109634702,0.12164628206159908,0.07413302836131354,0.41023489932885904,0.7082214765100671,0.12326695235694479,0.18957162240744327,0.6811317876754118,0.20624160285875798,8442,3478,703,489
common_strict,All species,10,12,Auto-Kla,0.5,13112,1192,11920,0.6882246999009054,0.16159940167505998,0.1309768090022887,0.31711409395973156,0.8515100671140939,0.17597765363128492,0.22634730538922157,0.8029286150091519,0.17669066221451168,10150,1770,814,378
common_strict,All species,10,12,HybridKla,0.5,13112,1192,11920,0.7463528529120309,0.22735534086678028,0.21867872030804655,0.5218120805369127,0.7985738255033556,0.20575587165067813,0.2951364175563464,0.7734136668700428,0.16732755356823809,9519,2401,570,622
common_strict,All species,10,12,PCBert-Kla,0.5,13112,1192,11920,0.5748800729696861,0.11238556251615285,0.011655747134513872,0.018456375838926176,0.9863255033557047,0.11891891891891893,0.03195352214960058,0.8983374008541793,0.09994530716784696,11757,163,1170,22
common_strict,All species,10,13,DeepKla,0.5,13112,1192,11920,0.5927801675600198,0.12300046797351655,0.07384419826288093,0.41023489932885904,0.7078020134228188,0.12311178247734139,0.18938807126258714,0.6807504575960952,0.2053433352397538,8437,3483,703,489
common_strict,All species,10,13,Auto-Kla,0.5,13112,1192,11920,0.6956641170442773,0.16758147792438402,0.13708597149569912,0.31711409395973156,0.8571308724832215,0.18164344065353197,0.230980751604033,0.8080384380719952,0.17218379114601973,10217,1703,814,378
common_strict,All species,10,13,HybridKla,0.5,13112,1192,11920,0.7515920946691591,0.2421622558771968,0.22708846498247626,0.5218120805369127,0.8069630872483221,0.21279507355456723,0.3023086269744836,0.7810402684563759,0.16187821841638048,9619,2301,570,622
common_strict,All species,10,13,PCBert-Kla,0.5,13112,1192,11920,0.5813913928426647,0.11461658064369959,0.015349963177454547,0.018456375838926176,0.9875838926174496,0.12941176470588237,0.032305433186490456,0.8994813910921293,0.09841088940151256,11772,148,1170,22
common_strict,All species,10,14,DeepKla,0.5,13112,1192,11920,0.5872535302463853,0.11903602949641297,0.06954304751634013,0.41023489932885904,0.7015100671140939,0.12083024462564863,0.18667684672647453,0.6750305064063453,0.20832660037497652,8362,3558,703,489
common_strict,All species,10,14,Auto-Kla,0.5,13112,1192,11920,0.6920114099590109,0.16312633786142608,0.1367154464956109,0.31711409395973156,0.8567953020134228,0.18129496402877698,0.23069880988709185,0.8077333740085418,0.17333106557626396,10213,1707,814,378
common_strict,All species,10,14,HybridKla,0.5,13112,1192,11920,0.7448512313634521,0.2279845255710326,0.21727885409023226,0.5218120805369127,0.7971476510067114,0.20460526315789473,0.2939508506616257,0.7721171446003661,0.16752319608575503,9502,2418,570,622
common_strict,All species,10,14,PCBert-Kla,0.5,13112,1192,11920,0.5749011868834737,0.11287238836987354,0.012368478940788866,0.018456375838926176,0.9865771812080537,0.12087912087912088,0.032023289665211056,0.8985661989017694,0.09934714275322037,11760,160,1170,22
common_strict,All species,10,15,DeepKla,0.5,13112,1192,11920,0.588466665352912,0.1210748908302544,0.06715922507558174,0.41023489932885904,0.697986577181208,0.11958914159941306,0.18519219844726378,0.6718273337400854,0.20719583565839733,8320,3600,703,489
common_strict,All species,10,15,Auto-Kla,0.5,13112,1192,11920,0.6903762780955813,0.16078532286340155,0.1272482887414634,0.31711409395973156,0.8479865771812081,0.1726027397260274,0.22353636901241872,0.799725442342892,0.17847213314151347,10108,1812,814,378
common_strict,All species,10,15,HybridKla,0.5,13112,1192,11920,0.7468050425656502,0.23018111778988584,0.21892662920477884,0.5218120805369127,0.7988255033557047,0.20596026490066224,0.29534662867996203,0.7736424649176327,0.1666376218881117,9522,2398,570,622
common_strict,All species,10,15,PCBert-Kla,0.5,13112,1192,11920,0.5736060242218819,0.111607710317398,0.007618514310704709,0.018456375838926176,0.9848154362416107,0.10837438423645321,0.031541218637992835,0.8969646125686395,0.10073790679347362,11739,181,1170,22
common_strict,All species,10,16,DeepKla,0.5,13112,1192,11920,0.5892850758411783,0.12115468571298313,0.06971398947366039,0.41023489932885904,0.701761744966443,0.12091988130563798,0.18678380443086323,0.6752593044539353,0.206943879711356,8365,3555,703,489
common_strict,All species,10,16,Auto-Kla,0.5,13112,1192,11920,0.6901202718909059,0.16321819458213097,0.13151566362430145,0.31711409395973156,0.852013422818792,0.17647058823529413,0.22675464907018597,0.803386211104332,0.1766424796458695,10156,1764,814,378
common_strict,All species,10,16,HybridKla,0.5,13112,1192,11920,0.7483267927120402,0.2324504887327627,0.22100286204410013,0.5218120805369127,0.8009228187919463,0.20767946577629381,0.2971101026988297,0.775549115314216,0.16473350734731992,9547,2373,570,622
common_strict,All species,10,16,PCBert-Kla,0.5,13112,1192,11920,0.5742483094793027,0.11112814550117342,0.009142517026811004,0.018456375838926176,0.9854026845637583,0.11224489795918367,0.031700288184438034,0.8974984746796827,0.10030351758056442,11746,174,1170,22
common_strict,All species,10,17,DeepKla,0.5,13112,1192,11920,0.5931294268839242,0.12309067470704735,0.07211676045532842,0.41023489932885904,0.7052852348993288,0.12218890554722639,0.18829418559876782,0.6784624771201953,0.20509275110198988,8407,3513,703,489
common_strict,All species,10,17,Auto-Kla,0.5,13112,1192,11920,0.6926558417976668,0.1653819198191614,0.1314257447505141,0.31711409395973156,0.8519295302013423,0.17638824078394774,0.22668665667166416,0.8033099450884685,0.17494780094944432,10155,1765,814,378
common_strict,All species,10,17,HybridKla,0.5,13112,1192,11920,0.7517444315571371,0.23662260343461033,0.22411016578762794,0.5218120805369127,0.8040268456375839,0.21027721433400948,0.29975903614457833,0.7783709579011593,0.16300500322298475,9584,2336,570,622
common_strict,All species,10,17,PCBert-Kla,0.5,13112,1192,11920,0.5763827502139542,0.11403609252600899,0.013832083379312203,0.018456375838926176,0.9870805369127517,0.125,0.032163742690058485,0.8990237949969494,0.09888303551988975,11766,154,1170,22
common_strict,All species,10,18,DeepKla,0.5,13112,1192,11920,0.5909770745124094,0.12159039231532537,0.0727490580307915,0.41023489932885904,0.7062080536912752,0.1225256827862691,0.18869380667567046,0.6793014032946919,0.20624244748580067,8418,3502,703,489
common_strict,All species,10,18,Auto-Kla,0.5,13112,1192,11920,0.6951570664046665,0.16902004318307237,0.13857568158164152,0.31711409395973156,0.8584731543624161,0.18305084745762712,0.23211544365980966,0.8092586943258084,0.17074928265221204,10233,1687,814,378
common_strict,All species,10,18,HybridKla,0.5,13112,1192,11920,0.7508900218458628,0.23562092728410539,0.22623358717215572,0.5218120805369127,0.8061241610738255,0.2120695533583362,0.30157575757575755,0.7802776082977425,0.16211916203791438,9609,2311,570,622
common_strict,All species,10,18,PCBert-Kla,0.5,13112,1192,11920,0.5769080995788478,0.11304572749829518,0.016659585014905852,0.018456375838926176,0.988003355704698,0.13333333333333333,0.032424465733235076,0.8998627211714461,0.09792880914113725,11777,143,1170,22
common_strict,All species,10,19,DeepKla,0.5,13112,1192,11920,0.587077299445971,0.1206537520374408,0.06840572706342288,0.41023489932885904,0.6998322147651007,0.1202360462257192,0.18596691386195097,0.6735051860890787,0.2076899820436219,8342,3578,703,489
common_strict,All species,10,19,Auto-Kla,0.5,13112,1192,11920,0.6913783796338002,0.16479672553548563,0.13459944431232643,0.31711409395973156,0.8548657718120806,0.1793168880455408,0.2290909090909091,0.8059792556436852,0.17414532906661292,10190,1730,814,378
common_strict,All species,10,19,HybridKla,0.5,13112,1192,11920,0.7487196170780596,0.23583965379169716,0.22487234803066058,0.5218120805369127,0.8047818791946308,0.2109189555781621,0.3004105288577638,0.7790573520439292,0.1633981171817114,9593,2327,570,622
common_strict,All species,10,19,PCBert-Kla,0.5,13112,1192,11920,0.5749800473514707,0.11273365450773346,0.014583967328947338,0.018456375838926176,0.9873322147651007,0.12716763005780346,0.03223443223443224,0.8992525930445393,0.09876454302479103,11769,151,1170,22
common_strict,All species,10,20,DeepKla,0.5,13112,1192,11920,0.593398523715148,0.1240292371471419,0.0739019429937311,0.41023489932885904,0.7078859060402685,0.1231427851926467,0.18942475305055204,0.6808267236119585,0.20484096370253824,8438,3482,703,489
common_strict,All species,10,20,Auto-Kla,0.5,13112,1192,11920,0.692354123969641,0.16748109274865017,0.1343252457125708,0.31711409395973156,0.8546140939597315,0.17906205589767882,0.22888283378746593,0.8057504575960952,0.1731587414282533,10187,1733,814,378
common_strict,All species,10,20,HybridKla,0.5,13112,1192,11920,0.7507663295009234,0.23412157562823457,0.22419472860774653,0.5218120805369127,0.8041107382550335,0.21034832600608724,0.29983128464690284,0.7784472239170226,0.16330476315711848,9585,2335,570,622
common_strict,All species,10,20,PCBert-Kla,0.5,13112,1192,11920,0.578861031034638,0.11406937962615958,0.018289184768921548,0.018456375838926176,0.9885067114093959,0.13836477987421383,0.03256846780162843,0.900320317266626,0.09788277420803664,11783,137,1170,22
common_strict,All species,10,21,DeepKla,0.5,13112,1192,11920,0.5864570782284582,0.11982466456346395,0.06687658575860884,0.41023489932885904,0.6975671140939598,0.11944308744504152,0.18501702610669696,0.6714460036607688,0.20818599546172026,8315,3605,703,489
common_strict,All species,10,21,Auto-Kla,0.5,13112,1192,11920,0.693960505720463,0.16324050311435345,0.13478247244059535,0.31711409395973156,0.8550335570469799,0.1794871794871795,0.22922983626440266,0.8061317876754118,0.1740422773256659,10192,1728,814,378
common_strict,All species,10,21,HybridKla,0.5,13112,1192,11920,0.7460989580987342,0.2337370927728083,0.21670486610573433,0.5218120805369127,0.7965604026845637,0.20413521496553988,0.29346543996225527,0.7715832824893227,0.16692112388630148,9495,2425,570,622
common_strict,All species,10,21,PCBert-Kla,0.5,13112,1192,11920,0.5760073448268096,0.11244019879837133,0.015608531034241636,0.018456375838926176,0.9876677852348993,0.1301775147928994,0.03232916972814107,0.8995576571079926,0.0989171452372745,11773,147,1170,22
common_strict,All species,10,22,DeepKla,0.5,13112,1192,11920,0.5919245262037746,0.12158986396431856,0.07108479522259678,0.41023489932885904,0.7037751677852349,0.12164179104477611,0.18764389869531847,0.6770896888346553,0.20602364094693135,8389,3531,703,489
common_strict,All species,10,22,Auto-Kla,0.5,13112,1192,11920,0.6909254861830548,0.16173834502023487,0.12963653439608253,0.31711409395973156,0.850251677852349,0.17475728155339806,0.22533532041728763,0.8017846247712019,0.17765007022240806,10135,1785,814,378
common_strict,All species,10,22,HybridKla,0.5,13112,1192,11920,0.750459473953876,0.23540395713465828,0.2235190906759835,0.5218120805369127,0.8034395973154362,0.20978077571669476,0.29925426990618237,0.777837095790116,0.16345570136128157,9577,2343,570,622
common_strict,All species,10,22,PCBert-Kla,0.5,13112,1192,11920,0.5785397828363587,0.11374677029914299,0.017738644461614893,0.018456375838926176,0.9883389261744966,0.13664596273291926,0.032520325203252036,0.9001677852348994,0.09787670958908305,11781,139,1170,22
common_strict,All species,10,23,DeepKla,0.5,13112,1192,11920,0.5937920166884374,0.12302960248802716,0.07500112337023845,0.41023489932885904,0.7094798657718121,0.12373481781376518,0.1901244167962675,0.6822757779133618,0.20496361351137693,8457,3463,703,489
common_strict,All species,10,23,Auto-Kla,0.5,13112,1192,11920,0.6942914663190848,0.1647431704281278,0.13241728245464549,0.31711409395973156,0.8528523489932885,0.1772983114446529,0.22743682310469315,0.8041488712629652,0.17578244245458938,10166,1754,814,378
common_strict,All species,10,23,HybridKla,0.5,13112,1192,11920,0.7466346532813837,0.2325746139810662,0.21843107456598676,0.5218120805369127,0.7983221476510067,0.20555188367481825,0.29492650545282123,0.7731848688224527,0.16706945527098727,9516,2404,570,622
common_strict,All species,10,23,PCBert-Kla,0.5,13112,1192,11920,0.5789843011013018,0.11396858623429645,0.015868753965088026,0.018456375838926176,0.987751677852349,0.13095238095238096,0.032352941176470584,0.899633923123856,0.09871029448025309,11774,146,1170,22
common_strict,All species,10,24,DeepKla,0.5,13112,1192,11920,0.5943689895725418,0.1243931886671158,0.07332497291426521,0.41023489932885904,0.7070469798657718,0.12283345892991711,0.18905857336168566,0.6800640634533252,0.20467262006551654,8428,3492,703,489
common_strict,All species,10,24,Auto-Kla,0.5,13112,1192,11920,0.6950612796157831,0.16605171076713587,0.135884515511815,0.31711409395973156,0.8560402684563758,0.18051575931232092,0.23006695069993915,0.8070469798657718,0.17219854672434656,10204,1716,814,378
common_strict,All species,10,24,HybridKla,0.5,13112,1192,11920,0.748159500135129,0.23581214611636228,0.21777196731192525,0.5218120805369127,0.7976510067114094,0.2050098879367172,0.29436819687647897,0.7725747406955461,0.16660836898812623,9508,2412,570,622
common_strict,All species,10,24,PCBert-Kla,0.5,13112,1192,11920,0.5768566168190623,0.11439230777455467,0.014583967328947338,0.018456375838926176,0.9873322147651007,0.12716763005780346,0.03223443223443224,0.8992525930445393,0.09835914067997983,11769,151,1170,22
common_strict,All species,10,25,DeepKla,0.5,13112,1192,11920,0.5905053544885366,0.12160838398203454,0.07034155112111669,0.41023489932885904,0.7026845637583893,0.12124969005702951,0.18717703349282294,0.676098230628432,0.206483135020273,8376,3544,703,489
common_strict,All species,10,25,Auto-Kla,0.5,13112,1192,11920,0.6906838022498987,0.16146225088226274,0.12945856517817006,0.31711409395973156,0.8500838926174497,0.1745958429561201,0.225201072386059,0.8016320927394753,0.17664724728617623,10133,1787,814,378
common_strict,All species,10,25,HybridKla,0.5,13112,1192,11920,0.749040654137201,0.23522288680323158,0.22000395861023103,0.5218120805369127,0.7999161073825504,0.2068506817426006,0.2962610145272684,0.774633923123856,0.164883582569855,9535,2385,570,622
common_strict,All species,10,25,PCBert-Kla,0.5,13112,1192,11920,0.577899644160173,0.1130202619245945,0.01358449527100212,0.018456375838926176,0.986996644295302,0.12429378531073447,0.03214024835646457,0.898947528981086,0.09932620119791248,11765,155,1170,22
common_strict,All species,10,26,DeepKla,0.5,13112,1192,11920,0.5934095381401738,0.12365752564973657,0.07488523763067886,0.41023489932885904,0.7093120805369127,0.1236722306525038,0.19005052467936262,0.6821232458816352,0.2049469650290218,8455,3465,703,489
common_strict,All species,10,26,Auto-Kla,0.5,13112,1192,11920,0.6948955002026935,0.16663630930390877,0.13514908041021448,0.31711409395973156,0.8553691275167785,0.17982873453853473,0.22950819672131148,0.8064368517388651,0.1732616354389727,10196,1724,814,378
common_strict,All species,10,26,HybridKla,0.5,13112,1192,11920,0.7491403118102788,0.2296949376400191,0.2204196470416327,0.5218120805369127,0.8003355704697986,0.20719520319786808,0.2966142107773009,0.7750152532031727,0.16552631605484494,9540,2380,570,622
common_strict,All species,10,26,PCBert-Kla,0.5,13112,1192,11920,0.5766796118418089,0.11318427949338608,0.015093027902258282,0.018456375838926176,0.9875,0.1286549707602339,0.032281731474688186,0.899405125076266,0.09887601121809665,11771,149,1170,22
common_strict,All species,10,27,DeepKla,0.5,13112,1192,11920,0.5915786802959326,0.12282372008316898,0.07188714596593072,0.41023489932885904,0.7049496644295302,0.12206689965052421,0.18814928818776452,0.6781574130567419,0.2058757055436085,8403,3517,703,489
common_strict,All species,10,27,Auto-Kla,0.5,13112,1192,11920,0.6916724612630063,0.16390484137928435,0.1337780800758372,0.31711409395973156,0.8541107382550336,0.17855455833726971,0.228467815049864,0.8052928615009152,0.17512173519486846,10181,1739,814,378
common_strict,All species,10,27,HybridKla,0.5,13112,1192,11920,0.7429340879915318,0.23274317249988163,0.212082479610363,0.5218120805369127,0.7917785234899329,0.20038659793814434,0.28957169459962756,0.7672361195851128,0.17040351631188522,9438,2482,570,622
common_strict,All species,10,27,PCBert-Kla,0.5,13112,1192,11920,0.5753436641367506,0.11230737196268104,0.010494498137475232,0.018456375838926176,0.9859060402684564,0.11578947368421053,0.031837916063675836,0.8979560707748627,0.09993637693366957,11752,168,1170,22
common_strict,All species,10,28,DeepKla,0.5,13112,1192,11920,0.5903853922683662,0.1218569252217484,0.07011320569913557,0.41023489932885904,0.7023489932885906,0.12112955164726281,0.18703384968445208,0.6757931665649787,0.20645424276285304,8372,3548,703,489
common_strict,All species,10,28,Auto-Kla,0.5,13112,1192,11920,0.6905341046011442,0.1599234144674077,0.12857128293954204,0.31711409395973156,0.849244966442953,0.17379310344827587,0.22453222453222452,0.800869432580842,0.17853199103948372,10123,1797,814,378
common_strict,All species,10,28,HybridKla,0.5,13112,1192,11920,0.7492893760416198,0.2391821657803351,0.2210862980818714,0.5218120805369127,0.8010067114093959,0.20774883099532399,0.2971810797897754,0.7756253813300793,0.16453920331623187,9548,2372,570,622
common_strict,All species,10,28,PCBert-Kla,0.5,13112,1192,11920,0.5776587344038557,0.11399361856082221,0.013338394083505397,0.018456375838926176,0.9869127516778523,0.12359550561797752,0.032116788321167884,0.8988712629652227,0.09904926125762471,11764,156,1170,22
common_strict,All species,10,29,DeepKla,0.5,13112,1192,11920,0.586096698909959,0.11875501637100173,0.06529823433374328,0.41023489932885904,0.6952181208053692,0.11863173216885008,0.1840421528039142,0.6693105552165954,0.20891643721320358,8287,3633,703,489
common_strict,All species,10,29,Auto-Kla,0.5,13112,1192,11920,0.6880918230034684,0.16276485272159497,0.13026078260913287,0.31711409395973156,0.8508389261744966,0.17532467532467533,0.22580645161290325,0.8023184868822453,0.17691840284967128,10142,1778,814,378
common_strict,All species,10,29,HybridKla,0.5,13112,1192,11920,0.7468120453470564,0.23631803510172833,0.21768970950764083,0.5218120805369127,0.7975671140939598,0.20494233937397036,0.29429855689614387,0.7724984746796827,0.16588923706265546,9507,2413,570,622
common_strict,All species,10,29,PCBert-Kla,0.5,13112,1192,11920,0.5746213571460745,0.1122887690648123,0.014583967328947338,0.018456375838926176,0.9873322147651007,0.12716763005780346,0.03223443223443224,0.8992525930445393,0.09875657785445352,11769,151,1170,22
common_strict,All species,all,0,DeepKla,0.5,108175,1192,106983,0.5905407327464121,0.015527752931372393,0.02600163906119611,0.41023489932885904,0.7036445042670331,0.01518916568304653,0.029293715928832443,0.7004113704645251,0.19662575332871346,75278,31705,703,489
common_strict,All species,all,0,Auto-Kla,0.5,108175,1192,106983,0.6918865990563514,0.021995627999921767,0.050108126808804145,0.31711409395973156,0.8535094360786293,0.02355140186915888,0.04384642152882496,0.8475987982435867,0.1334674857762543,91311,15672,814,378
common_strict,All species,all,0,HybridKla,0.5,108175,1192,106983,0.7488517157307877,0.035060624099913035,0.0841559879586634,0.5218120805369127,0.8017442023499061,0.028490289483327227,0.05403057678943712,0.7986595793852553,0.14750327405649485,85773,21210,570,622
common_strict,All species,all,0,PCBert-Kla,0.5,108175,1192,106983,0.5765614332378092,0.014054307485224909,0.0049941518383325705,0.018456375838926176,0.9869792396922875,0.015547703180212015,0.01687763713080169,0.976306910099376,0.021909271959138145,105590,1393,1170,22
common_strict,All species,all,1,DeepKla,0.5,108175,1192,106983,0.5905407327464121,0.015527752931372393,0.02600163906119611,0.41023489932885904,0.7036445042670331,0.01518916568304653,0.029293715928832443,0.7004113704645251,0.19662575332871346,75278,31705,703,489
common_strict,All species,all,1,Auto-Kla,0.5,108175,1192,106983,0.6918865990563514,0.021995627999921767,0.050108126808804145,0.31711409395973156,0.8535094360786293,0.02355140186915888,0.04384642152882496,0.8475987982435867,0.1334674857762543,91311,15672,814,378
common_strict,All species,all,1,HybridKla,0.5,108175,1192,106983,0.7488517157307877,0.035060624099913035,0.0841559879586634,0.5218120805369127,0.8017442023499061,0.028490289483327227,0.05403057678943712,0.7986595793852553,0.14750327405649485,85773,21210,570,622
common_strict,All species,all,1,PCBert-Kla,0.5,108175,1192,106983,0.5765614332378092,0.014054307485224909,0.0049941518383325705,0.018456375838926176,0.9869792396922875,0.015547703180212015,0.01687763713080169,0.976306910099376,0.021909271959138145,105590,1393,1170,22
common_strict,All species,all,2,DeepKla,0.5,108175,1192,106983,0.5905407327464121,0.015527752931372393,0.02600163906119611,0.41023489932885904,0.7036445042670331,0.01518916568304653,0.029293715928832443,0.7004113704645251,0.19662575332871346,75278,31705,703,489
common_strict,All species,all,2,Auto-Kla,0.5,108175,1192,106983,0.6918865990563514,0.021995627999921767,0.050108126808804145,0.31711409395973156,0.8535094360786293,0.02355140186915888,0.04384642152882496,0.8475987982435867,0.1334674857762543,91311,15672,814,378
common_strict,All species,all,2,HybridKla,0.5,108175,1192,106983,0.7488517157307877,0.035060624099913035,0.0841559879586634,0.5218120805369127,0.8017442023499061,0.028490289483327227,0.05403057678943712,0.7986595793852553,0.14750327405649485,85773,21210,570,622
common_strict,All species,all,2,PCBert-Kla,0.5,108175,1192,106983,0.5765614332378092,0.014054307485224909,0.0049941518383325705,0.018456375838926176,0.9869792396922875,0.015547703180212015,0.01687763713080169,0.976306910099376,0.021909271959138145,105590,1393,1170,22
common_strict,All species,all,3,DeepKla,0.5,108175,1192,106983,0.5905407327464121,0.015527752931372393,0.02600163906119611,0.41023489932885904,0.7036445042670331,0.01518916568304653,0.029293715928832443,0.7004113704645251,0.19662575332871346,75278,31705,703,489
common_strict,All species,all,3,Auto-Kla,0.5,108175,1192,106983,0.6918865990563514,0.021995627999921767,0.050108126808804145,0.31711409395973156,0.8535094360786293,0.02355140186915888,0.04384642152882496,0.8475987982435867,0.1334674857762543,91311,15672,814,378
common_strict,All species,all,3,HybridKla,0.5,108175,1192,106983,0.7488517157307877,0.035060624099913035,0.0841559879586634,0.5218120805369127,0.8017442023499061,0.028490289483327227,0.05403057678943712,0.7986595793852553,0.14750327405649485,85773,21210,570,622
common_strict,All species,all,3,PCBert-Kla,0.5,108175,1192,106983,0.5765614332378092,0.014054307485224909,0.0049941518383325705,0.018456375838926176,0.9869792396922875,0.015547703180212015,0.01687763713080169,0.976306910099376,0.021909271959138145,105590,1393,1170,22
common_strict,All species,all,4,DeepKla,0.5,108175,1192,106983,0.5905407327464121,0.015527752931372393,0.02600163906119611,0.41023489932885904,0.7036445042670331,0.01518916568304653,0.029293715928832443,0.7004113704645251,0.19662575332871346,75278,31705,703,489
common_strict,All species,all,4,Auto-Kla,0.5,108175,1192,106983,0.6918865990563514,0.021995627999921767,0.050108126808804145,0.31711409395973156,0.8535094360786293,0.02355140186915888,0.04384642152882496,0.8475987982435867,0.1334674857762543,91311,15672,814,378
common_strict,All species,all,4,HybridKla,0.5,108175,1192,106983,0.7488517157307877,0.035060624099913035,0.0841559879586634,0.5218120805369127,0.8017442023499061,0.028490289483327227,0.05403057678943712,0.7986595793852553,0.14750327405649485,85773,21210,570,622
common_strict,All species,all,4,PCBert-Kla,0.5,108175,1192,106983,0.5765614332378092,0.014054307485224909,0.0049941518383325705,0.018456375838926176,0.9869792396922875,0.015547703180212015,0.01687763713080169,0.976306910099376,0.021909271959138145,105590,1393,1170,22
common_strict,All species,all,5,DeepKla,0.5,108175,1192,106983,0.5905407327464121,0.015527752931372393,0.02600163906119611,0.41023489932885904,0.7036445042670331,0.01518916568304653,0.029293715928832443,0.7004113704645251,0.19662575332871346,75278,31705,703,489
common_strict,All species,all,5,Auto-Kla,0.5,108175,1192,106983,0.6918865990563514,0.021995627999921767,0.050108126808804145,0.31711409395973156,0.8535094360786293,0.02355140186915888,0.04384642152882496,0.8475987982435867,0.1334674857762543,91311,15672,814,378
common_strict,All species,all,5,HybridKla,0.5,108175,1192,106983,0.7488517157307877,0.035060624099913035,0.0841559879586634,0.5218120805369127,0.8017442023499061,0.028490289483327227,0.05403057678943712,0.7986595793852553,0.14750327405649485,85773,21210,570,622
common_strict,All species,all,5,PCBert-Kla,0.5,108175,1192,106983,0.5765614332378092,0.014054307485224909,0.0049941518383325705,0.018456375838926176,0.9869792396922875,0.015547703180212015,0.01687763713080169,0.976306910099376,0.021909271959138145,105590,1393,1170,22
common_strict,All species,all,6,DeepKla,0.5,108175,1192,106983,0.5905407327464121,0.015527752931372393,0.02600163906119611,0.41023489932885904,0.7036445042670331,0.01518916568304653,0.029293715928832443,0.7004113704645251,0.19662575332871346,75278,31705,703,489
common_strict,All species,all,6,Auto-Kla,0.5,108175,1192,106983,0.6918865990563514,0.021995627999921767,0.050108126808804145,0.31711409395973156,0.8535094360786293,0.02355140186915888,0.04384642152882496,0.8475987982435867,0.1334674857762543,91311,15672,814,378
common_strict,All species,all,6,HybridKla,0.5,108175,1192,106983,0.7488517157307877,0.035060624099913035,0.0841559879586634,0.5218120805369127,0.8017442023499061,0.028490289483327227,0.05403057678943712,0.7986595793852553,0.14750327405649485,85773,21210,570,622
common_strict,All species,all,6,PCBert-Kla,0.5,108175,1192,106983,0.5765614332378092,0.014054307485224909,0.0049941518383325705,0.018456375838926176,0.9869792396922875,0.015547703180212015,0.01687763713080169,0.976306910099376,0.021909271959138145,105590,1393,1170,22
common_strict,All species,all,7,DeepKla,0.5,108175,1192,106983,0.5905407327464121,0.015527752931372393,0.02600163906119611,0.41023489932885904,0.7036445042670331,0.01518916568304653,0.029293715928832443,0.7004113704645251,0.19662575332871346,75278,31705,703,489
common_strict,All species,all,7,Auto-Kla,0.5,108175,1192,106983,0.6918865990563514,0.021995627999921767,0.050108126808804145,0.31711409395973156,0.8535094360786293,0.02355140186915888,0.04384642152882496,0.8475987982435867,0.1334674857762543,91311,15672,814,378
common_strict,All species,all,7,HybridKla,0.5,108175,1192,106983,0.7488517157307877,0.035060624099913035,0.0841559879586634,0.5218120805369127,0.8017442023499061,0.028490289483327227,0.05403057678943712,0.7986595793852553,0.14750327405649485,85773,21210,570,622
common_strict,All species,all,7,PCBert-Kla,0.5,108175,1192,106983,0.5765614332378092,0.014054307485224909,0.0049941518383325705,0.018456375838926176,0.9869792396922875,0.015547703180212015,0.01687763713080169,0.976306910099376,0.021909271959138145,105590,1393,1170,22
common_strict,All species,all,8,DeepKla,0.5,108175,1192,106983,0.5905407327464121,0.015527752931372393,0.02600163906119611,0.41023489932885904,0.7036445042670331,0.01518916568304653,0.029293715928832443,0.7004113704645251,0.19662575332871346,75278,31705,703,489
common_strict,All species,all,8,Auto-Kla,0.5,108175,1192,106983,0.6918865990563514,0.021995627999921767,0.050108126808804145,0.31711409395973156,0.8535094360786293,0.02355140186915888,0.04384642152882496,0.8475987982435867,0.1334674857762543,91311,15672,814,378
common_strict,All species,all,8,HybridKla,0.5,108175,1192,106983,0.7488517157307877,0.035060624099913035,0.0841559879586634,0.5218120805369127,0.8017442023499061,0.028490289483327227,0.05403057678943712,0.7986595793852553,0.14750327405649485,85773,21210,570,622
common_strict,All species,all,8,PCBert-Kla,0.5,108175,1192,106983,0.5765614332378092,0.014054307485224909,0.0049941518383325705,0.018456375838926176,0.9869792396922875,0.015547703180212015,0.01687763713080169,0.976306910099376,0.021909271959138145,105590,1393,1170,22
common_strict,All species,all,9,DeepKla,0.5,108175,1192,106983,0.5905407327464121,0.015527752931372393,0.02600163906119611,0.41023489932885904,0.7036445042670331,0.01518916568304653,0.029293715928832443,0.7004113704645251,0.19662575332871346,75278,31705,703,489
common_strict,All species,all,9,Auto-Kla,0.5,108175,1192,106983,0.6918865990563514,0.021995627999921767,0.050108126808804145,0.31711409395973156,0.8535094360786293,0.02355140186915888,0.04384642152882496,0.8475987982435867,0.1334674857762543,91311,15672,814,378
common_strict,All species,all,9,HybridKla,0.5,108175,1192,106983,0.7488517157307877,0.035060624099913035,0.0841559879586634,0.5218120805369127,0.8017442023499061,0.028490289483327227,0.05403057678943712,0.7986595793852553,0.14750327405649485,85773,21210,570,622
common_strict,All species,all,9,PCBert-Kla,0.5,108175,1192,106983,0.5765614332378092,0.014054307485224909,0.0049941518383325705,0.018456375838926176,0.9869792396922875,0.015547703180212015,0.01687763713080169,0.976306910099376,0.021909271959138145,105590,1393,1170,22
common_strict,All species,all,10,DeepKla,0.5,108175,1192,106983,0.5905407327464121,0.015527752931372393,0.02600163906119611,0.41023489932885904,0.7036445042670331,0.01518916568304653,0.029293715928832443,0.7004113704645251,0.19662575332871346,75278,31705,703,489
common_strict,All species,all,10,Auto-Kla,0.5,108175,1192,106983,0.6918865990563514,0.021995627999921767,0.050108126808804145,0.31711409395973156,0.8535094360786293,0.02355140186915888,0.04384642152882496,0.8475987982435867,0.1334674857762543,91311,15672,814,378
common_strict,All species,all,10,HybridKla,0.5,108175,1192,106983,0.7488517157307877,0.035060624099913035,0.0841559879586634,0.5218120805369127,0.8017442023499061,0.028490289483327227,0.05403057678943712,0.7986595793852553,0.14750327405649485,85773,21210,570,622
common_strict,All species,all,10,PCBert-Kla,0.5,108175,1192,106983,0.5765614332378092,0.014054307485224909,0.0049941518383325705,0.018456375838926176,0.9869792396922875,0.015547703180212015,0.01687763713080169,0.976306910099376,0.021909271959138145,105590,1393,1170,22
common_strict,All species,all,11,DeepKla,0.5,108175,1192,106983,0.5905407327464121,0.015527752931372393,0.02600163906119611,0.41023489932885904,0.7036445042670331,0.01518916568304653,0.029293715928832443,0.7004113704645251,0.19662575332871346,75278,31705,703,489
common_strict,All species,all,11,Auto-Kla,0.5,108175,1192,106983,0.6918865990563514,0.021995627999921767,0.050108126808804145,0.31711409395973156,0.8535094360786293,0.02355140186915888,0.04384642152882496,0.8475987982435867,0.1334674857762543,91311,15672,814,378
common_strict,All species,all,11,HybridKla,0.5,108175,1192,106983,0.7488517157307877,0.035060624099913035,0.0841559879586634,0.5218120805369127,0.8017442023499061,0.028490289483327227,0.05403057678943712,0.7986595793852553,0.14750327405649485,85773,21210,570,622
common_strict,All species,all,11,PCBert-Kla,0.5,108175,1192,106983,0.5765614332378092,0.014054307485224909,0.0049941518383325705,0.018456375838926176,0.9869792396922875,0.015547703180212015,0.01687763713080169,0.976306910099376,0.021909271959138145,105590,1393,1170,22
common_strict,All species,all,12,DeepKla,0.5,108175,1192,106983,0.5905407327464121,0.015527752931372393,0.02600163906119611,0.41023489932885904,0.7036445042670331,0.01518916568304653,0.029293715928832443,0.7004113704645251,0.19662575332871346,75278,31705,703,489
common_strict,All species,all,12,Auto-Kla,0.5,108175,1192,106983,0.6918865990563514,0.021995627999921767,0.050108126808804145,0.31711409395973156,0.8535094360786293,0.02355140186915888,0.04384642152882496,0.8475987982435867,0.1334674857762543,91311,15672,814,378
common_strict,All species,all,12,HybridKla,0.5,108175,1192,106983,0.7488517157307877,0.035060624099913035,0.0841559879586634,0.5218120805369127,0.8017442023499061,0.028490289483327227,0.05403057678943712,0.7986595793852553,0.14750327405649485,85773,21210,570,622
common_strict,All species,all,12,PCBert-Kla,0.5,108175,1192,106983,0.5765614332378092,0.014054307485224909,0.0049941518383325705,0.018456375838926176,0.9869792396922875,0.015547703180212015,0.01687763713080169,0.976306910099376,0.021909271959138145,105590,1393,1170,22
common_strict,All species,all,13,DeepKla,0.5,108175,1192,106983,0.5905407327464121,0.015527752931372393,0.02600163906119611,0.41023489932885904,0.7036445042670331,0.01518916568304653,0.029293715928832443,0.7004113704645251,0.19662575332871346,75278,31705,703,489
common_strict,All species,all,13,Auto-Kla,0.5,108175,1192,106983,0.6918865990563514,0.021995627999921767,0.050108126808804145,0.31711409395973156,0.8535094360786293,0.02355140186915888,0.04384642152882496,0.8475987982435867,0.1334674857762543,91311,15672,814,378
common_strict,All species,all,13,HybridKla,0.5,108175,1192,106983,0.7488517157307877,0.035060624099913035,0.0841559879586634,0.5218120805369127,0.8017442023499061,0.028490289483327227,0.05403057678943712,0.7986595793852553,0.14750327405649485,85773,21210,570,622
common_strict,All species,all,13,PCBert-Kla,0.5,108175,1192,106983,0.5765614332378092,0.014054307485224909,0.0049941518383325705,0.018456375838926176,0.9869792396922875,0.015547703180212015,0.01687763713080169,0.976306910099376,0.021909271959138145,105590,1393,1170,22
common_strict,All species,all,14,DeepKla,0.5,108175,1192,106983,0.5905407327464121,0.015527752931372393,0.02600163906119611,0.41023489932885904,0.7036445042670331,0.01518916568304653,0.029293715928832443,0.7004113704645251,0.19662575332871346,75278,31705,703,489
common_strict,All species,all,14,Auto-Kla,0.5,108175,1192,106983,0.6918865990563514,0.021995627999921767,0.050108126808804145,0.31711409395973156,0.8535094360786293,0.02355140186915888,0.04384642152882496,0.8475987982435867,0.1334674857762543,91311,15672,814,378
common_strict,All species,all,14,HybridKla,0.5,108175,1192,106983,0.7488517157307877,0.035060624099913035,0.0841559879586634,0.5218120805369127,0.8017442023499061,0.028490289483327227,0.05403057678943712,0.7986595793852553,0.14750327405649485,85773,21210,570,622
common_strict,All species,all,14,PCBert-Kla,0.5,108175,1192,106983,0.5765614332378092,0.014054307485224909,0.0049941518383325705,0.018456375838926176,0.9869792396922875,0.015547703180212015,0.01687763713080169,0.976306910099376,0.021909271959138145,105590,1393,1170,22
common_strict,All species,all,15,DeepKla,0.5,108175,1192,106983,0.5905407327464121,0.015527752931372393,0.02600163906119611,0.41023489932885904,0.7036445042670331,0.01518916568304653,0.029293715928832443,0.7004113704645251,0.19662575332871346,75278,31705,703,489
common_strict,All species,all,15,Auto-Kla,0.5,108175,1192,106983,0.6918865990563514,0.021995627999921767,0.050108126808804145,0.31711409395973156,0.8535094360786293,0.02355140186915888,0.04384642152882496,0.8475987982435867,0.1334674857762543,91311,15672,814,378
common_strict,All species,all,15,HybridKla,0.5,108175,1192,106983,0.7488517157307877,0.035060624099913035,0.0841559879586634,0.5218120805369127,0.8017442023499061,0.028490289483327227,0.05403057678943712,0.7986595793852553,0.14750327405649485,85773,21210,570,622
common_strict,All species,all,15,PCBert-Kla,0.5,108175,1192,106983,0.5765614332378092,0.014054307485224909,0.0049941518383325705,0.018456375838926176,0.9869792396922875,0.015547703180212015,0.01687763713080169,0.976306910099376,0.021909271959138145,105590,1393,1170,22
common_strict,All species,all,16,DeepKla,0.5,108175,1192,106983,0.5905407327464121,0.015527752931372393,0.02600163906119611,0.41023489932885904,0.7036445042670331,0.01518916568304653,0.029293715928832443,0.7004113704645251,0.19662575332871346,75278,31705,703,489
common_strict,All species,all,16,Auto-Kla,0.5,108175,1192,106983,0.6918865990563514,0.021995627999921767,0.050108126808804145,0.31711409395973156,0.8535094360786293,0.02355140186915888,0.04384642152882496,0.8475987982435867,0.1334674857762543,91311,15672,814,378
common_strict,All species,all,16,HybridKla,0.5,108175,1192,106983,0.7488517157307877,0.035060624099913035,0.0841559879586634,0.5218120805369127,0.8017442023499061,0.028490289483327227,0.05403057678943712,0.7986595793852553,0.14750327405649485,85773,21210,570,622
common_strict,All species,all,16,PCBert-Kla,0.5,108175,1192,106983,0.5765614332378092,0.014054307485224909,0.0049941518383325705,0.018456375838926176,0.9869792396922875,0.015547703180212015,0.01687763713080169,0.976306910099376,0.021909271959138145,105590,1393,1170,22
common_strict,All species,all,17,DeepKla,0.5,108175,1192,106983,0.5905407327464121,0.015527752931372393,0.02600163906119611,0.41023489932885904,0.7036445042670331,0.01518916568304653,0.029293715928832443,0.7004113704645251,0.19662575332871346,75278,31705,703,489
common_strict,All species,all,17,Auto-Kla,0.5,108175,1192,106983,0.6918865990563514,0.021995627999921767,0.050108126808804145,0.31711409395973156,0.8535094360786293,0.02355140186915888,0.04384642152882496,0.8475987982435867,0.1334674857762543,91311,15672,814,378
common_strict,All species,all,17,HybridKla,0.5,108175,1192,106983,0.7488517157307877,0.035060624099913035,0.0841559879586634,0.5218120805369127,0.8017442023499061,0.028490289483327227,0.05403057678943712,0.7986595793852553,0.14750327405649485,85773,21210,570,622
common_strict,All species,all,17,PCBert-Kla,0.5,108175,1192,106983,0.5765614332378092,0.014054307485224909,0.0049941518383325705,0.018456375838926176,0.9869792396922875,0.015547703180212015,0.01687763713080169,0.976306910099376,0.021909271959138145,105590,1393,1170,22
common_strict,All species,all,18,DeepKla,0.5,108175,1192,106983,0.5905407327464121,0.015527752931372393,0.02600163906119611,0.41023489932885904,0.7036445042670331,0.01518916568304653,0.029293715928832443,0.7004113704645251,0.19662575332871346,75278,31705,703,489
common_strict,All species,all,18,Auto-Kla,0.5,108175,1192,106983,0.6918865990563514,0.021995627999921767,0.050108126808804145,0.31711409395973156,0.8535094360786293,0.02355140186915888,0.04384642152882496,0.8475987982435867,0.1334674857762543,91311,15672,814,378
common_strict,All species,all,18,HybridKla,0.5,108175,1192,106983,0.7488517157307877,0.035060624099913035,0.0841559879586634,0.5218120805369127,0.8017442023499061,0.028490289483327227,0.05403057678943712,0.7986595793852553,0.14750327405649485,85773,21210,570,622
common_strict,All species,all,18,PCBert-Kla,0.5,108175,1192,106983,0.5765614332378092,0.014054307485224909,0.0049941518383325705,0.018456375838926176,0.9869792396922875,0.015547703180212015,0.01687763713080169,0.976306910099376,0.021909271959138145,105590,1393,1170,22
common_strict,All species,all,19,DeepKla,0.5,108175,1192,106983,0.5905407327464121,0.015527752931372393,0.02600163906119611,0.41023489932885904,0.7036445042670331,0.01518916568304653,0.029293715928832443,0.7004113704645251,0.19662575332871346,75278,31705,703,489
common_strict,All species,all,19,Auto-Kla,0.5,108175,1192,106983,0.6918865990563514,0.021995627999921767,0.050108126808804145,0.31711409395973156,0.8535094360786293,0.02355140186915888,0.04384642152882496,0.8475987982435867,0.1334674857762543,91311,15672,814,378
common_strict,All species,all,19,HybridKla,0.5,108175,1192,106983,0.7488517157307877,0.035060624099913035,0.0841559879586634,0.5218120805369127,0.8017442023499061,0.028490289483327227,0.05403057678943712,0.7986595793852553,0.14750327405649485,85773,21210,570,622
common_strict,All species,all,19,PCBert-Kla,0.5,108175,1192,106983,0.5765614332378092,0.014054307485224909,0.0049941518383325705,0.018456375838926176,0.9869792396922875,0.015547703180212015,0.01687763713080169,0.976306910099376,0.021909271959138145,105590,1393,1170,22
common_strict,All species,all,20,DeepKla,0.5,108175,1192,106983,0.5905407327464121,0.015527752931372393,0.02600163906119611,0.41023489932885904,0.7036445042670331,0.01518916568304653,0.029293715928832443,0.7004113704645251,0.19662575332871346,75278,31705,703,489
common_strict,All species,all,20,Auto-Kla,0.5,108175,1192,106983,0.6918865990563514,0.021995627999921767,0.050108126808804145,0.31711409395973156,0.8535094360786293,0.02355140186915888,0.04384642152882496,0.8475987982435867,0.1334674857762543,91311,15672,814,378
common_strict,All species,all,20,HybridKla,0.5,108175,1192,106983,0.7488517157307877,0.035060624099913035,0.0841559879586634,0.5218120805369127,0.8017442023499061,0.028490289483327227,0.05403057678943712,0.7986595793852553,0.14750327405649485,85773,21210,570,622
common_strict,All species,all,20,PCBert-Kla,0.5,108175,1192,106983,0.5765614332378092,0.014054307485224909,0.0049941518383325705,0.018456375838926176,0.9869792396922875,0.015547703180212015,0.01687763713080169,0.976306910099376,0.021909271959138145,105590,1393,1170,22
common_strict,All species,all,21,DeepKla,0.5,108175,1192,106983,0.5905407327464121,0.015527752931372393,0.02600163906119611,0.41023489932885904,0.7036445042670331,0.01518916568304653,0.029293715928832443,0.7004113704645251,0.19662575332871346,75278,31705,703,489
common_strict,All species,all,21,Auto-Kla,0.5,108175,1192,106983,0.6918865990563514,0.021995627999921767,0.050108126808804145,0.31711409395973156,0.8535094360786293,0.02355140186915888,0.04384642152882496,0.8475987982435867,0.1334674857762543,91311,15672,814,378
common_strict,All species,all,21,HybridKla,0.5,108175,1192,106983,0.7488517157307877,0.035060624099913035,0.0841559879586634,0.5218120805369127,0.8017442023499061,0.028490289483327227,0.05403057678943712,0.7986595793852553,0.14750327405649485,85773,21210,570,622
common_strict,All species,all,21,PCBert-Kla,0.5,108175,1192,106983,0.5765614332378092,0.014054307485224909,0.0049941518383325705,0.018456375838926176,0.9869792396922875,0.015547703180212015,0.01687763713080169,0.976306910099376,0.021909271959138145,105590,1393,1170,22
common_strict,All species,all,22,DeepKla,0.5,108175,1192,106983,0.5905407327464121,0.015527752931372393,0.02600163906119611,0.41023489932885904,0.7036445042670331,0.01518916568304653,0.029293715928832443,0.7004113704645251,0.19662575332871346,75278,31705,703,489
common_strict,All species,all,22,Auto-Kla,0.5,108175,1192,106983,0.6918865990563514,0.021995627999921767,0.050108126808804145,0.31711409395973156,0.8535094360786293,0.02355140186915888,0.04384642152882496,0.8475987982435867,0.1334674857762543,91311,15672,814,378
common_strict,All species,all,22,HybridKla,0.5,108175,1192,106983,0.7488517157307877,0.035060624099913035,0.0841559879586634,0.5218120805369127,0.8017442023499061,0.028490289483327227,0.05403057678943712,0.7986595793852553,0.14750327405649485,85773,21210,570,622
common_strict,All species,all,22,PCBert-Kla,0.5,108175,1192,106983,0.5765614332378092,0.014054307485224909,0.0049941518383325705,0.018456375838926176,0.9869792396922875,0.015547703180212015,0.01687763713080169,0.976306910099376,0.021909271959138145,105590,1393,1170,22
common_strict,All species,all,23,DeepKla,0.5,108175,1192,106983,0.5905407327464121,0.015527752931372393,0.02600163906119611,0.41023489932885904,0.7036445042670331,0.01518916568304653,0.029293715928832443,0.7004113704645251,0.19662575332871346,75278,31705,703,489
common_strict,All species,all,23,Auto-Kla,0.5,108175,1192,106983,0.6918865990563514,0.021995627999921767,0.050108126808804145,0.31711409395973156,0.8535094360786293,0.02355140186915888,0.04384642152882496,0.8475987982435867,0.1334674857762543,91311,15672,814,378
common_strict,All species,all,23,HybridKla,0.5,108175,1192,106983,0.7488517157307877,0.035060624099913035,0.0841559879586634,0.5218120805369127,0.8017442023499061,0.028490289483327227,0.05403057678943712,0.7986595793852553,0.14750327405649485,85773,21210,570,622
common_strict,All species,all,23,PCBert-Kla,0.5,108175,1192,106983,0.5765614332378092,0.014054307485224909,0.0049941518383325705,0.018456375838926176,0.9869792396922875,0.015547703180212015,0.01687763713080169,0.976306910099376,0.021909271959138145,105590,1393,1170,22
common_strict,All species,all,24,DeepKla,0.5,108175,1192,106983,0.5905407327464121,0.015527752931372393,0.02600163906119611,0.41023489932885904,0.7036445042670331,0.01518916568304653,0.029293715928832443,0.7004113704645251,0.19662575332871346,75278,31705,703,489
common_strict,All species,all,24,Auto-Kla,0.5,108175,1192,106983,0.6918865990563514,0.021995627999921767,0.050108126808804145,0.31711409395973156,0.8535094360786293,0.02355140186915888,0.04384642152882496,0.8475987982435867,0.1334674857762543,91311,15672,814,378
common_strict,All species,all,24,HybridKla,0.5,108175,1192,106983,0.7488517157307877,0.035060624099913035,0.0841559879586634,0.5218120805369127,0.8017442023499061,0.028490289483327227,0.05403057678943712,0.7986595793852553,0.14750327405649485,85773,21210,570,622
common_strict,All species,all,24,PCBert-Kla,0.5,108175,1192,106983,0.5765614332378092,0.014054307485224909,0.0049941518383325705,0.018456375838926176,0.9869792396922875,0.015547703180212015,0.01687763713080169,0.976306910099376,0.021909271959138145,105590,1393,1170,22
common_strict,All species,all,25,DeepKla,0.5,108175,1192,106983,0.5905407327464121,0.015527752931372393,0.02600163906119611,0.41023489932885904,0.7036445042670331,0.01518916568304653,0.029293715928832443,0.7004113704645251,0.19662575332871346,75278,31705,703,489
common_strict,All species,all,25,Auto-Kla,0.5,108175,1192,106983,0.6918865990563514,0.021995627999921767,0.050108126808804145,0.31711409395973156,0.8535094360786293,0.02355140186915888,0.04384642152882496,0.8475987982435867,0.1334674857762543,91311,15672,814,378
common_strict,All species,all,25,HybridKla,0.5,108175,1192,106983,0.7488517157307877,0.035060624099913035,0.0841559879586634,0.5218120805369127,0.8017442023499061,0.028490289483327227,0.05403057678943712,0.7986595793852553,0.14750327405649485,85773,21210,570,622
common_strict,All species,all,25,PCBert-Kla,0.5,108175,1192,106983,0.5765614332378092,0.014054307485224909,0.0049941518383325705,0.018456375838926176,0.9869792396922875,0.015547703180212015,0.01687763713080169,0.976306910099376,0.021909271959138145,105590,1393,1170,22
common_strict,All species,all,26,DeepKla,0.5,108175,1192,106983,0.5905407327464121,0.015527752931372393,0.02600163906119611,0.41023489932885904,0.7036445042670331,0.01518916568304653,0.029293715928832443,0.7004113704645251,0.19662575332871346,75278,31705,703,489
common_strict,All species,all,26,Auto-Kla,0.5,108175,1192,106983,0.6918865990563514,0.021995627999921767,0.050108126808804145,0.31711409395973156,0.8535094360786293,0.02355140186915888,0.04384642152882496,0.8475987982435867,0.1334674857762543,91311,15672,814,378
common_strict,All species,all,26,HybridKla,0.5,108175,1192,106983,0.7488517157307877,0.035060624099913035,0.0841559879586634,0.5218120805369127,0.8017442023499061,0.028490289483327227,0.05403057678943712,0.7986595793852553,0.14750327405649485,85773,21210,570,622
common_strict,All species,all,26,PCBert-Kla,0.5,108175,1192,106983,0.5765614332378092,0.014054307485224909,0.0049941518383325705,0.018456375838926176,0.9869792396922875,0.015547703180212015,0.01687763713080169,0.976306910099376,0.021909271959138145,105590,1393,1170,22
common_strict,All species,all,27,DeepKla,0.5,108175,1192,106983,0.5905407327464121,0.015527752931372393,0.02600163906119611,0.41023489932885904,0.7036445042670331,0.01518916568304653,0.029293715928832443,0.7004113704645251,0.19662575332871346,75278,31705,703,489
common_strict,All species,all,27,Auto-Kla,0.5,108175,1192,106983,0.6918865990563514,0.021995627999921767,0.050108126808804145,0.31711409395973156,0.8535094360786293,0.02355140186915888,0.04384642152882496,0.8475987982435867,0.1334674857762543,91311,15672,814,378
common_strict,All species,all,27,HybridKla,0.5,108175,1192,106983,0.7488517157307877,0.035060624099913035,0.0841559879586634,0.5218120805369127,0.8017442023499061,0.028490289483327227,0.05403057678943712,0.7986595793852553,0.14750327405649485,85773,21210,570,622
common_strict,All species,all,27,PCBert-Kla,0.5,108175,1192,106983,0.5765614332378092,0.014054307485224909,0.0049941518383325705,0.018456375838926176,0.9869792396922875,0.015547703180212015,0.01687763713080169,0.976306910099376,0.021909271959138145,105590,1393,1170,22
common_strict,All species,all,28,DeepKla,0.5,108175,1192,106983,0.5905407327464121,0.015527752931372393,0.02600163906119611,0.41023489932885904,0.7036445042670331,0.01518916568304653,0.029293715928832443,0.7004113704645251,0.19662575332871346,75278,31705,703,489
common_strict,All species,all,28,Auto-Kla,0.5,108175,1192,106983,0.6918865990563514,0.021995627999921767,0.050108126808804145,0.31711409395973156,0.8535094360786293,0.02355140186915888,0.04384642152882496,0.8475987982435867,0.1334674857762543,91311,15672,814,378
common_strict,All species,all,28,HybridKla,0.5,108175,1192,106983,0.7488517157307877,0.035060624099913035,0.0841559879586634,0.5218120805369127,0.8017442023499061,0.028490289483327227,0.05403057678943712,0.7986595793852553,0.14750327405649485,85773,21210,570,622
common_strict,All species,all,28,PCBert-Kla,0.5,108175,1192,106983,0.5765614332378092,0.014054307485224909,0.0049941518383325705,0.018456375838926176,0.9869792396922875,0.015547703180212015,0.01687763713080169,0.976306910099376,0.021909271959138145,105590,1393,1170,22
common_strict,All species,all,29,DeepKla,0.5,108175,1192,106983,0.5905407327464121,0.015527752931372393,0.02600163906119611,0.41023489932885904,0.7036445042670331,0.01518916568304653,0.029293715928832443,0.7004113704645251,0.19662575332871346,75278,31705,703,489
common_strict,All species,all,29,Auto-Kla,0.5,108175,1192,106983,0.6918865990563514,0.021995627999921767,0.050108126808804145,0.31711409395973156,0.8535094360786293,0.02355140186915888,0.04384642152882496,0.8475987982435867,0.1334674857762543,91311,15672,814,378
common_strict,All species,all,29,HybridKla,0.5,108175,1192,106983,0.7488517157307877,0.035060624099913035,0.0841559879586634,0.5218120805369127,0.8017442023499061,0.028490289483327227,0.05403057678943712,0.7986595793852553,0.14750327405649485,85773,21210,570,622
common_strict,All species,all,29,PCBert-Kla,0.5,108175,1192,106983,0.5765614332378092,0.014054307485224909,0.0049941518383325705,0.018456375838926176,0.9869792396922875,0.015547703180212015,0.01687763713080169,0.976306910099376,0.021909271959138145,105590,1393,1170,22
common_strict,Cavia porcellus,1,0,DeepKla,0.5,66,33,33,0.5831037649219467,0.6319547914162926,0.06201736729460423,0.42424242424242425,0.6363636363636364,0.5384615384615384,0.47457627118644075,0.5303030303030303,0.252674516028144,21,12,19,14
common_strict,Cavia porcellus,1,0,Auto-Kla,0.5,66,33,33,0.6464646464646464,0.625293936767137,0.2811127713994909,0.5151515151515151,0.7575757575757576,0.68,0.5862068965517241,0.6363636363636364,0.35123877221567673,25,8,16,17
common_strict,Cavia porcellus,1,0,HybridKla,0.5,66,33,33,0.758494031221304,0.7084276640112445,0.36380343755449945,0.696969696969697,0.6666666666666666,0.6764705882352942,0.6865671641791046,0.6818181818181818,0.24345738401093506,22,11,10,23
common_strict,Cavia porcellus,1,0,PCBert-Kla,0.5,66,33,33,0.610651974288338,0.5489762419735078,-0.12403473458920845,0.0,0.9696969696969697,0.0,0.0,0.48484848484848486,0.5085672389936723,32,1,33,0
common_strict,Cavia porcellus,1,1,DeepKla,0.5,66,33,33,0.5867768595041323,0.6380945300920504,0.1259881576697424,0.42424242424242425,0.696969696969697,0.5833333333333334,0.4912280701754386,0.5606060606060606,0.24903789466580864,23,10,19,14
common_strict,Cavia porcellus,1,1,Auto-Kla,0.5,66,33,33,0.7015610651974289,0.7010696823598384,0.34977965041189135,0.5151515151515151,0.8181818181818182,0.7391304347826086,0.6071428571428571,0.6666666666666666,0.32332204978871065,27,6,16,17
common_strict,Cavia porcellus,1,1,HybridKla,0.5,66,33,33,0.9026629935720845,0.9189533795215613,0.5855168737932974,0.696969696969697,0.8787878787878788,0.8518518518518519,0.7666666666666667,0.7878787878787878,0.1573214512057196,29,4,10,23
common_strict,Cavia porcellus,1,1,PCBert-Kla,0.5,66,33,33,0.6005509641873278,0.5690306618037126,-0.12403473458920845,0.0,0.9696969696969697,0.0,0.0,0.48484848484848486,0.5134698746880368,32,1,33,0
common_strict,Cavia porcellus,1,2,DeepKla,0.5,66,33,33,0.6106519742883378,0.625138676975505,0.030816677568068284,0.42424242424242425,0.6060606060606061,0.5185185185185185,0.4666666666666667,0.5151515151515151,0.2524874567498797,20,13,19,14
common_strict,Cavia porcellus,1,2,Auto-Kla,0.5,66,33,33,0.7621671258034894,0.7053920277663625,0.314970394174356,0.5151515151515151,0.7878787878787878,0.7083333333333334,0.5964912280701754,0.6515151515151515,0.320806157237455,26,7,16,17
common_strict,Cavia porcellus,1,2,HybridKla,0.5,66,33,33,0.8650137741046833,0.8766270341264797,0.5518254055364693,0.696969696969697,0.8484848484848485,0.8214285714285714,0.7540983606557378,0.7727272727272727,0.1733194924403706,28,5,10,23
common_strict,Cavia porcellus,1,2,PCBert-Kla,0.5,66,33,33,0.5573921028466483,0.5356691061075576,-0.1767766952966369,0.0,0.9393939393939394,0.0,0.0,0.4696969696969697,0.5286394339282637,31,2,33,0
common_strict,Cavia porcellus,1,3,DeepKla,0.5,66,33,33,0.6290174471992653,0.6170344514017885,0.030816677568068284,0.42424242424242425,0.6060606060606061,0.5185185185185185,0.4666666666666667,0.5151515151515151,0.25323123713986023,20,13,19,14
common_strict,Cavia porcellus,1,3,Auto-Kla,0.5,66,33,33,0.6795224977043159,0.6509566107534757,0.2480694691784169,0.5151515151515151,0.7272727272727273,0.6538461538461539,0.576271186440678,0.6212121212121212,0.36361281369914206,24,9,16,17
common_strict,Cavia porcellus,1,3,HybridKla,0.5,66,33,33,0.8071625344352618,0.7925533712930013,0.4244373438135827,0.696969696969697,0.7272727272727273,0.71875,0.7076923076923077,0.7121212121212122,0.20277872015418788,24,9,10,23
common_strict,Cavia porcellus,1,3,PCBert-Kla,0.5,66,33,33,0.6225895316804408,0.601874798332532,0.0,0.0,1.0,0.0,0.0,0.5,0.49850015098352407,33,0,33,0
common_strict,Cavia porcellus,1,4,DeepKla,0.5,66,33,33,0.5179063360881543,0.5581162467335481,0.030816677568068284,0.42424242424242425,0.6060606060606061,0.5185185185185185,0.4666666666666667,0.5151515151515151,0.27426556229406096,20,13,19,14
common_strict,Cavia porcellus,1,4,Auto-Kla,0.5,66,33,33,0.7254361799816346,0.7496370679815695,0.4615663313770509,0.5151515151515151,0.9090909090909091,0.85,0.6415094339622641,0.7121212121212122,0.27923490643681315,30,3,16,17
common_strict,Cavia porcellus,1,4,HybridKla,0.5,66,33,33,0.8402203856749311,0.8827177528555914,0.4553825555391872,0.696969696969697,0.7575757575757576,0.7419354838709677,0.71875,0.7272727272727273,0.20001764272479436,25,8,10,23
common_strict,Cavia porcellus,1,4,PCBert-Kla,0.5,66,33,33,0.54178145087236,0.5488107182570541,0.0,0.0,1.0,0.0,0.0,0.5,0.4985017477757345,33,0,33,0
common_strict,Cavia porcellus,1,5,DeepKla,0.5,66,33,33,0.6189164370982553,0.6323992200388207,0.030816677568068284,0.42424242424242425,0.6060606060606061,0.5185185185185185,0.4666666666666667,0.5151515151515151,0.2508131811018112,20,13,19,14
common_strict,Cavia porcellus,1,5,Auto-Kla,0.5,66,33,33,0.8539944903581267,0.8574787507080441,0.4615663313770509,0.5151515151515151,0.9090909090909091,0.85,0.6415094339622641,0.7121212121212122,0.26695893462122283,30,3,16,17
common_strict,Cavia porcellus,1,5,HybridKla,0.5,66,33,33,0.8246097337006428,0.8578326311174895,0.4244373438135827,0.696969696969697,0.7272727272727273,0.71875,0.7076923076923077,0.7121212121212122,0.20092260856170394,24,9,10,23
common_strict,Cavia porcellus,1,5,PCBert-Kla,0.5,66,33,33,0.7144168962350781,0.6555691267324135,-0.12403473458920845,0.0,0.9696969696969697,0.0,0.0,0.48484848484848486,0.5040987300977754,32,1,33,0
common_strict,Cavia porcellus,1,6,DeepKla,0.5,66,33,33,0.5748393021120294,0.5538443513971816,0.09370425713316365,0.42424242424242425,0.6666666666666666,0.56,0.4827586206896552,0.5454545454545454,0.26411668382416825,22,11,19,14
common_strict,Cavia porcellus,1,6,Auto-Kla,0.5,66,33,33,0.7621671258034894,0.7213827781321963,0.42289003161103106,0.5151515151515151,0.8787878787878788,0.8095238095238095,0.6296296296296297,0.696969696969697,0.2958497455084901,29,4,16,17
common_strict,Cavia porcellus,1,6,HybridKla,0.5,66,33,33,0.8714416896235079,0.8765997712570062,0.5855168737932974,0.696969696969697,0.8787878787878788,0.8518518518518519,0.7666666666666667,0.7878787878787878,0.16610201066936492,29,4,10,23
common_strict,Cavia porcellus,1,6,PCBert-Kla,0.5,66,33,33,0.5913682277318641,0.5710323060690299,0.0,0.0,1.0,0.0,0.0,0.5,0.4985008106534994,33,0,33,0
common_strict,Cavia porcellus,1,7,DeepKla,0.5,66,33,33,0.5913682277318641,0.6030333469660312,0.0,0.42424242424242425,0.5757575757575758,0.5,0.4590163934426229,0.5,0.25716583552633876,19,14,19,14
common_strict,Cavia porcellus,1,7,Auto-Kla,0.5,66,33,33,0.7575757575757576,0.7357076948181634,0.34977965041189135,0.5151515151515151,0.8181818181818182,0.7391304347826086,0.6071428571428571,0.6666666666666666,0.30935556604057435,27,6,16,17
common_strict,Cavia porcellus,1,7,HybridKla,0.5,66,33,33,0.8393021120293848,0.8740395718371455,0.4553825555391872,0.696969696969697,0.7575757575757576,0.7419354838709677,0.71875,0.7272727272727273,0.1970144912443543,25,8,10,23
common_strict,Cavia porcellus,1,7,PCBert-Kla,0.5,66,33,33,0.6189164370982553,0.5657534753796921,-0.1767766952966369,0.0,0.9393939393939394,0.0,0.0,0.4696969696969697,0.5263645569420615,31,2,33,0
common_strict,Cavia porcellus,1,8,DeepKla,0.5,66,33,33,0.7006427915518824,0.7304749116097806,0.1928473039599675,0.42424242424242425,0.7575757575757576,0.6363636363636364,0.5090909090909091,0.5909090909090909,0.22589008353284337,25,8,19,14
common_strict,Cavia porcellus,1,8,Auto-Kla,0.5,66,33,33,0.7456382001836548,0.6979931396806676,0.314970394174356,0.5151515151515151,0.7878787878787878,0.7083333333333334,0.5964912280701754,0.6515151515151515,0.3364862506006539,26,7,16,17
common_strict,Cavia porcellus,1,8,HybridKla,0.5,66,33,33,0.8723599632690542,0.9007696723460503,0.5518254055364693,0.696969696969697,0.8484848484848485,0.8214285714285714,0.7540983606557378,0.7727272727272727,0.16056094165634563,28,5,10,23
common_strict,Cavia porcellus,1,8,PCBert-Kla,0.5,66,33,33,0.6877869605142332,0.6582101149320345,-0.12403473458920845,0.0,0.9696969696969697,0.0,0.0,0.48484848484848486,0.5134698641202282,32,1,33,0
common_strict,Cavia porcellus,1,9,DeepKla,0.5,66,33,33,0.6464646464646465,0.6393867060113756,0.1928473039599675,0.42424242424242425,0.7575757575757576,0.6363636363636364,0.5090909090909091,0.5909090909090909,0.24119311503198426,25,8,19,14
common_strict,Cavia porcellus,1,9,Auto-Kla,0.5,66,33,33,0.8246097337006428,0.7618238945387521,0.385694607919935,0.5151515151515151,0.8484848484848485,0.7727272727272727,0.6181818181818182,0.6818181818181818,0.29519637359037676,28,5,16,17
common_strict,Cavia porcellus,1,9,HybridKla,0.5,66,33,33,0.8622589531680441,0.8741876099989734,0.518978134241764,0.696969696969697,0.8181818181818182,0.7931034482758621,0.7419354838709677,0.7575757575757576,0.17907621608653687,27,6,10,23
common_strict,Cavia porcellus,1,9,PCBert-Kla,0.5,66,33,33,0.6418732782369146,0.5885642681812175,0.0,0.0,1.0,0.0,0.0,0.5,0.49887131747764873,33,0,33,0
common_strict,Cavia porcellus,1,10,DeepKla,0.5,66,33,33,0.6730945821854912,0.6944262313339622,0.22771001702132443,0.42424242424242425,0.7878787878787878,0.6666666666666666,0.5185185185185185,0.6060606060606061,0.23166446138058427,26,7,19,14
common_strict,Cavia porcellus,1,10,Auto-Kla,0.5,66,33,33,0.7447199265381084,0.7292291281107098,0.385694607919935,0.5151515151515151,0.8484848484848485,0.7727272727272727,0.6181818181818182,0.6818181818181818,0.31319373567067327,28,5,16,17
common_strict,Cavia porcellus,1,10,HybridKla,0.5,66,33,33,0.8530762167125804,0.8832183189873248,0.518978134241764,0.696969696969697,0.8181818181818182,0.7931034482758621,0.7419354838709677,0.7575757575757576,0.17927278256261395,27,6,10,23
common_strict,Cavia porcellus,1,10,PCBert-Kla,0.5,66,33,33,0.7015610651974289,0.6390084099499879,-0.12403473458920845,0.0,0.9696969696969697,0.0,0.0,0.48484848484848486,0.5089810528874366,32,1,33,0
common_strict,Cavia porcellus,1,11,DeepKla,0.5,66,33,33,0.5785123966942148,0.5488763581663367,0.1259881576697424,0.42424242424242425,0.696969696969697,0.5833333333333334,0.4912280701754386,0.5606060606060606,0.26833892813522336,23,10,19,14
common_strict,Cavia porcellus,1,11,Auto-Kla,0.5,66,33,33,0.7869605142332414,0.7795594343237158,0.4615663313770509,0.5151515151515151,0.9090909090909091,0.85,0.6415094339622641,0.7121212121212122,0.26791257643736344,30,3,16,17
common_strict,Cavia porcellus,1,11,HybridKla,0.5,66,33,33,0.8347107438016529,0.7951928066802026,0.4244373438135827,0.696969696969697,0.7272727272727273,0.71875,0.7076923076923077,0.7121212121212122,0.20370414555513533,24,9,10,23
common_strict,Cavia porcellus,1,11,PCBert-Kla,0.5,66,33,33,0.5142332415059688,0.5233373103222825,-0.12403473458920845,0.0,0.9696969696969697,0.0,0.0,0.48484848484848486,0.5132618102064817,32,1,33,0
common_strict,Cavia porcellus,1,12,DeepKla,0.5,66,33,33,0.6134067952249771,0.6359985084054206,0.09370425713316365,0.42424242424242425,0.6666666666666666,0.56,0.4827586206896552,0.5454545454545454,0.24954193561228377,22,11,19,14
common_strict,Cavia porcellus,1,12,Auto-Kla,0.5,66,33,33,0.7952249770431589,0.7689252622057947,0.4615663313770509,0.5151515151515151,0.9090909090909091,0.85,0.6415094339622641,0.7121212121212122,0.28609234579747145,30,3,16,17
common_strict,Cavia porcellus,1,12,HybridKla,0.5,66,33,33,0.830119375573921,0.8351973638484003,0.518978134241764,0.696969696969697,0.8181818181818182,0.7931034482758621,0.7419354838709677,0.7575757575757576,0.18803774796230935,27,6,10,23
common_strict,Cavia porcellus,1,12,PCBert-Kla,0.5,66,33,33,0.5775941230486685,0.5320931490888771,-0.2182178902359924,0.0,0.9090909090909091,0.0,0.0,0.45454545454545453,0.5414601760467639,30,3,33,0
common_strict,Cavia porcellus,1,13,DeepKla,0.5,66,33,33,0.7089072543617999,0.7083426141956038,0.2637521893583148,0.42424242424242425,0.8181818181818182,0.7,0.5283018867924527,0.6212121212121212,0.2254700290725868,27,6,19,14
common_strict,Cavia porcellus,1,13,Auto-Kla,0.5,66,33,33,0.7580348943985308,0.7059179095180027,0.34977965041189135,0.5151515151515151,0.8181818181818182,0.7391304347826086,0.6071428571428571,0.6666666666666666,0.3265171430308808,27,6,16,17
common_strict,Cavia porcellus,1,13,HybridKla,0.5,66,33,33,0.8723599632690542,0.8747540900847273,0.5518254055364693,0.696969696969697,0.8484848484848485,0.8214285714285714,0.7540983606557378,0.7727272727272727,0.1807872482593394,28,5,10,23
common_strict,Cavia porcellus,1,13,PCBert-Kla,0.5,66,33,33,0.6932966023875115,0.6320545228602532,-0.12403473458920845,0.0,0.9696969696969697,0.0,0.0,0.48484848484848486,0.5168111787077204,32,1,33,0
common_strict,Cavia porcellus,1,14,DeepKla,0.5,66,33,33,0.5895316804407713,0.6397531604477971,0.1259881576697424,0.42424242424242425,0.696969696969697,0.5833333333333334,0.4912280701754386,0.5606060606060606,0.24811890991991853,23,10,19,14
common_strict,Cavia porcellus,1,14,Auto-Kla,0.5,66,33,33,0.716712580348944,0.6974459151243684,0.314970394174356,0.5151515151515151,0.7878787878787878,0.7083333333333334,0.5964912280701754,0.6515151515151515,0.3352580306345851,26,7,16,17
common_strict,Cavia porcellus,1,14,HybridKla,0.5,66,33,33,0.8898071625344353,0.9024997555020511,0.4868644955601476,0.696969696969697,0.7878787878787878,0.7666666666666667,0.7301587301587302,0.7424242424242424,0.19319127554856333,26,7,10,23
common_strict,Cavia porcellus,1,14,PCBert-Kla,0.5,66,33,33,0.6060606060606061,0.5696819225398279,-0.12403473458920845,0.0,0.9696969696969697,0.0,0.0,0.48484848484848486,0.5112355761836986,32,1,33,0
common_strict,Cavia porcellus,1,15,DeepKla,0.5,66,33,33,0.5629017447199265,0.5663546532769377,-0.030528125543633176,0.42424242424242425,0.5454545454545454,0.4827586206896552,0.45161290322580644,0.48484848484848486,0.26898580852004805,18,15,19,14
common_strict,Cavia porcellus,1,15,Auto-Kla,0.5,66,33,33,0.6322314049586777,0.5969618915969752,0.18394180184548975,0.5151515151515151,0.6666666666666666,0.6071428571428571,0.5573770491803278,0.5909090909090909,0.3845494622444422,22,11,16,17
common_strict,Cavia porcellus,1,15,HybridKla,0.5,66,33,33,0.862258953168044,0.8469270788576102,0.518978134241764,0.696969696969697,0.8181818181818182,0.7931034482758621,0.7419354838709677,0.7575757575757576,0.16963840838990538,27,6,10,23
common_strict,Cavia porcellus,1,15,PCBert-Kla,0.5,66,33,33,0.5573921028466483,0.5400219672905828,0.0,0.0,1.0,0.0,0.0,0.5,0.4986444956000526,33,0,33,0
common_strict,Cavia porcellus,1,16,DeepKla,0.5,66,33,33,0.5996326905417815,0.643785299552192,0.1259881576697424,0.42424242424242425,0.696969696969697,0.5833333333333334,0.4912280701754386,0.5606060606060606,0.24911489554572955,23,10,19,14
common_strict,Cavia porcellus,1,16,Auto-Kla,0.5,66,33,33,0.6978879706152433,0.6844618792329109,0.314970394174356,0.5151515151515151,0.7878787878787878,0.7083333333333334,0.5964912280701754,0.6515151515151515,0.33024230527635967,26,7,16,17
common_strict,Cavia porcellus,1,16,HybridKla,0.5,66,33,33,0.8126721763085399,0.7826035402593068,0.4868644955601476,0.696969696969697,0.7878787878787878,0.7666666666666667,0.7301587301587302,0.7424242424242424,0.2122224724557575,26,7,10,23
common_strict,Cavia porcellus,1,16,PCBert-Kla,0.5,66,33,33,0.5913682277318641,0.5540158329064357,-0.1767766952966369,0.0,0.9393939393939394,0.0,0.0,0.4696969696969697,0.5186438953737873,31,2,33,0
common_strict,Cavia porcellus,1,17,DeepKla,0.5,66,33,33,0.6372819100091828,0.6389239120587484,0.1928473039599675,0.42424242424242425,0.7575757575757576,0.6363636363636364,0.5090909090909091,0.5909090909090909,0.24483369832639706,25,8,19,14
common_strict,Cavia porcellus,1,17,Auto-Kla,0.5,66,33,33,0.7722681359044995,0.7389784807866339,0.34977965041189135,0.5151515151515151,0.8181818181818182,0.7391304347826086,0.6071428571428571,0.6666666666666666,0.3161000647817644,27,6,16,17
common_strict,Cavia porcellus,1,17,HybridKla,0.5,66,33,33,0.837465564738292,0.7869817817772837,0.4553825555391872,0.696969696969697,0.7575757575757576,0.7419354838709677,0.71875,0.7272727272727273,0.20902440911338885,25,8,10,23
common_strict,Cavia porcellus,1,17,PCBert-Kla,0.5,66,33,33,0.657483930211203,0.6286932175399713,0.0,0.0,1.0,0.0,0.0,0.5,0.49851945459886465,33,0,33,0
common_strict,Cavia porcellus,1,18,DeepKla,0.5,66,33,33,0.5482093663911847,0.5844464427420593,0.0,0.42424242424242425,0.5757575757575758,0.5,0.4590163934426229,0.5,0.26877399292596815,19,14,19,14
common_strict,Cavia porcellus,1,18,Auto-Kla,0.5,66,33,33,0.7493112947658402,0.7128864318524779,0.385694607919935,0.5151515151515151,0.8484848484848485,0.7727272727272727,0.6181818181818182,0.6818181818181818,0.3147828327084182,28,5,16,17
common_strict,Cavia porcellus,1,18,HybridKla,0.5,66,33,33,0.8337924701561066,0.8448809916485017,0.3939393939393939,0.696969696969697,0.696969696969697,0.696969696969697,0.696969696969697,0.696969696969697,0.20246636563863527,23,10,10,23
common_strict,Cavia porcellus,1,18,PCBert-Kla,0.5,66,33,33,0.6556473829201102,0.6070710099575829,-0.12403473458920845,0.0,0.9696969696969697,0.0,0.0,0.48484848484848486,0.5135607273056176,32,1,33,0
common_strict,Cavia porcellus,1,19,DeepKla,0.5,66,33,33,0.6152433425160697,0.6492123298221828,0.09370425713316365,0.42424242424242425,0.6666666666666666,0.56,0.4827586206896552,0.5454545454545454,0.24792727893902877,22,11,19,14
common_strict,Cavia porcellus,1,19,Auto-Kla,0.5,66,33,33,0.7988980716253443,0.7392778450338391,0.42289003161103106,0.5151515151515151,0.8787878787878788,0.8095238095238095,0.6296296296296297,0.696969696969697,0.2901848607143434,29,4,16,17
common_strict,Cavia porcellus,1,19,HybridKla,0.5,66,33,33,0.8898071625344353,0.8890472246022612,0.6201736729460423,0.696969696969697,0.9090909090909091,0.8846153846153846,0.7796610169491526,0.803030303030303,0.15263335163703076,30,3,10,23
common_strict,Cavia porcellus,1,19,PCBert-Kla,0.5,66,33,33,0.6620752984389349,0.6307403071330235,0.0,0.0,1.0,0.0,0.0,0.5,0.4985035452996527,33,0,33,0
common_strict,Cavia porcellus,1,20,DeepKla,0.5,66,33,33,0.6483011937557392,0.6425904421901116,0.1259881576697424,0.42424242424242425,0.696969696969697,0.5833333333333334,0.4912280701754386,0.5606060606060606,0.24409252925996983,23,10,19,14
common_strict,Cavia porcellus,1,20,Auto-Kla,0.5,66,33,33,0.8383838383838385,0.836328904541864,0.4615663313770509,0.5151515151515151,0.9090909090909091,0.85,0.6415094339622641,0.7121212121212122,0.27033983336967543,30,3,16,17
common_strict,Cavia porcellus,1,20,HybridKla,0.5,66,33,33,0.8824609733700643,0.9004388928408323,0.6201736729460423,0.696969696969697,0.9090909090909091,0.8846153846153846,0.7796610169491526,0.803030303030303,0.15630591986109482,30,3,10,23
common_strict,Cavia porcellus,1,20,PCBert-Kla,0.5,66,33,33,0.7199265381083563,0.7475911742906033,0.0,0.0,1.0,0.0,0.0,0.5,0.4984998758338187,33,0,33,0
common_strict,Cavia porcellus,1,21,DeepKla,0.5,66,33,33,0.6887052341597797,0.6624608776259054,0.1928473039599675,0.42424242424242425,0.7575757575757576,0.6363636363636364,0.5090909090909091,0.5909090909090909,0.23683509563086244,25,8,19,14
common_strict,Cavia porcellus,1,21,Auto-Kla,0.5,66,33,33,0.7970615243342516,0.8041378442062693,0.42289003161103106,0.5151515151515151,0.8787878787878788,0.8095238095238095,0.6296296296296297,0.696969696969697,0.2886713821832403,29,4,16,17
common_strict,Cavia porcellus,1,21,HybridKla,0.5,66,33,33,0.7786960514233242,0.8390171759474386,0.30429030972509225,0.696969696969697,0.6060606060606061,0.6388888888888888,0.6666666666666666,0.6515151515151515,0.2586918951675527,20,13,10,23
common_strict,Cavia porcellus,1,21,PCBert-Kla,0.5,66,33,33,0.6161616161616161,0.5639165493533,-0.1767766952966369,0.0,0.9393939393939394,0.0,0.0,0.4696969696969697,0.5323045385272734,31,2,33,0
common_strict,Cavia porcellus,1,22,DeepKla,0.5,66,33,33,0.6446280991735538,0.6411840366911346,0.1259881576697424,0.42424242424242425,0.696969696969697,0.5833333333333334,0.4912280701754386,0.5606060606060606,0.2468420677434529,23,10,19,14
common_strict,Cavia porcellus,1,22,Auto-Kla,0.5,66,33,33,0.765840220385675,0.7913201894945436,0.4615663313770509,0.5151515151515151,0.9090909090909091,0.85,0.6415094339622641,0.7121212121212122,0.2840318335065599,30,3,16,17
common_strict,Cavia porcellus,1,22,HybridKla,0.5,66,33,33,0.8751147842056932,0.8875598175203587,0.5518254055364693,0.696969696969697,0.8484848484848485,0.8214285714285714,0.7540983606557378,0.7727272727272727,0.1738634930252099,28,5,10,23
common_strict,Cavia porcellus,1,22,PCBert-Kla,0.5,66,33,33,0.6685032139577595,0.654442089642869,0.0,0.0,1.0,0.0,0.0,0.5,0.4985008911575298,33,0,33,0
common_strict,Cavia porcellus,1,23,DeepKla,0.5,66,33,33,0.6005509641873278,0.6441045774196162,0.15899075018722333,0.42424242424242425,0.7272727272727273,0.6086956521739131,0.5,0.5757575757575758,0.24530558819785142,24,9,19,14
common_strict,Cavia porcellus,1,23,Auto-Kla,0.5,66,33,33,0.6382001836547292,0.5879386150035936,0.21571674297647797,0.5151515151515151,0.696969696969697,0.6296296296296297,0.5666666666666667,0.6060606060606061,0.36834123414950404,23,10,16,17
common_strict,Cavia porcellus,1,23,HybridKla,0.5,66,33,33,0.8365472910927456,0.8164570708163145,0.4868644955601476,0.696969696969697,0.7878787878787878,0.7666666666666667,0.7301587301587302,0.7424242424242424,0.19765894946057155,26,7,10,23
common_strict,Cavia porcellus,1,23,PCBert-Kla,0.5,66,33,33,0.5766758494031221,0.5582121400493061,-0.12403473458920845,0.0,0.9696969696969697,0.0,0.0,0.48484848484848486,0.510579315674091,32,1,33,0
common_strict,Cavia porcellus,1,24,DeepKla,0.5,66,33,33,0.6189164370982553,0.6531668858797746,0.1259881576697424,0.42424242424242425,0.696969696969697,0.5833333333333334,0.4912280701754386,0.5606060606060606,0.24603023175064168,23,10,19,14
common_strict,Cavia porcellus,1,24,Auto-Kla,0.5,66,33,33,0.7658402203856749,0.7499226166221773,0.34977965041189135,0.5151515151515151,0.8181818181818182,0.7391304347826086,0.6071428571428571,0.6666666666666666,0.3083444290370327,27,6,16,17
common_strict,Cavia porcellus,1,24,HybridKla,0.5,66,33,33,0.8181818181818181,0.8080337981847714,0.4244373438135827,0.696969696969697,0.7272727272727273,0.71875,0.7076923076923077,0.7121212121212122,0.206388618314561,24,9,10,23
common_strict,Cavia porcellus,1,24,PCBert-Kla,0.5,66,33,33,0.7033976124885215,0.6554809756635394,0.0,0.0,1.0,0.0,0.0,0.5,0.5011711553275205,33,0,33,0
common_strict,Cavia porcellus,1,25,DeepKla,0.5,66,33,33,0.6189164370982554,0.6174037677648273,0.0,0.42424242424242425,0.5757575757575758,0.5,0.4590163934426229,0.5,0.2537108820376697,19,14,19,14
common_strict,Cavia porcellus,1,25,Auto-Kla,0.5,66,33,33,0.8016528925619835,0.7728293410996752,0.4615663313770509,0.5151515151515151,0.9090909090909091,0.85,0.6415094339622641,0.7121212121212122,0.28356895830664913,30,3,16,17
common_strict,Cavia porcellus,1,25,HybridKla,0.5,66,33,33,0.8089990817263545,0.8155560865474556,0.4868644955601476,0.696969696969697,0.7878787878787878,0.7666666666666667,0.7301587301587302,0.7424242424242424,0.20202609608852895,26,7,10,23
common_strict,Cavia porcellus,1,25,PCBert-Kla,0.5,66,33,33,0.6372819100091827,0.598622424614977,-0.12403473458920845,0.0,0.9696969696969697,0.0,0.0,0.48484848484848486,0.5135470727446354,32,1,33,0
common_strict,Cavia porcellus,1,26,DeepKla,0.5,66,33,33,0.5674931129476584,0.5982836692719795,0.06201736729460423,0.42424242424242425,0.6363636363636364,0.5384615384615384,0.47457627118644075,0.5303030303030303,0.261891549956117,21,12,19,14
common_strict,Cavia porcellus,1,26,Auto-Kla,0.5,66,33,33,0.7603305785123967,0.7160778297531298,0.34977965041189135,0.5151515151515151,0.8181818181818182,0.7391304347826086,0.6071428571428571,0.6666666666666666,0.3195938931769695,27,6,16,17
common_strict,Cavia porcellus,1,26,HybridKla,0.5,66,33,33,0.8218549127640037,0.7872270615672126,0.4553825555391872,0.696969696969697,0.7575757575757576,0.7419354838709677,0.71875,0.7272727272727273,0.2157702038822861,25,8,10,23
common_strict,Cavia porcellus,1,26,PCBert-Kla,0.5,66,33,33,0.5252525252525252,0.530113865490537,-0.1767766952966369,0.0,0.9393939393939394,0.0,0.0,0.4696969696969697,0.5280902482705115,31,2,33,0
common_strict,Cavia porcellus,1,27,DeepKla,0.5,66,33,33,0.5831037649219468,0.6204857165379275,0.030816677568068284,0.42424242424242425,0.6060606060606061,0.5185185185185185,0.4666666666666667,0.5151515151515151,0.2543954431343607,20,13,19,14
common_strict,Cavia porcellus,1,27,Auto-Kla,0.5,66,33,33,0.714416896235078,0.6922859047407761,0.314970394174356,0.5151515151515151,0.7878787878787878,0.7083333333333334,0.5964912280701754,0.6515151515151515,0.3333913718048068,26,7,16,17
common_strict,Cavia porcellus,1,27,HybridKla,0.5,66,33,33,0.7667584940312213,0.6801539640372976,0.3939393939393939,0.696969696969697,0.696969696969697,0.696969696969697,0.696969696969697,0.696969696969697,0.24464756771519103,23,10,10,23
common_strict,Cavia porcellus,1,27,PCBert-Kla,0.5,66,33,33,0.6657483930211203,0.6772718823283685,0.0,0.0,1.0,0.0,0.0,0.5,0.4985013783075785,33,0,33,0
common_strict,Cavia porcellus,1,28,DeepKla,0.5,66,33,33,0.5123966942148761,0.5831495808594054,0.030816677568068284,0.42424242424242425,0.6060606060606061,0.5185185185185185,0.4666666666666667,0.5151515151515151,0.2673166690776984,20,13,19,14
common_strict,Cavia porcellus,1,28,Auto-Kla,0.5,66,33,33,0.8337924701561065,0.8095917194283324,0.501955861057691,0.5151515151515151,0.9393939393939394,0.8947368421052632,0.6538461538461537,0.7272727272727273,0.26920967053717665,31,2,16,17
common_strict,Cavia porcellus,1,28,HybridKla,0.5,66,33,33,0.8181818181818181,0.8281049649157045,0.4244373438135827,0.696969696969697,0.7272727272727273,0.71875,0.7076923076923077,0.7121212121212122,0.20817629888527436,24,9,10,23
common_strict,Cavia porcellus,1,28,PCBert-Kla,0.5,66,33,33,0.6014692378328741,0.5751989992677442,-0.12403473458920845,0.0,0.9696969696969697,0.0,0.0,0.48484848484848486,0.5132349598324044,32,1,33,0
common_strict,Cavia porcellus,1,29,DeepKla,0.5,66,33,33,0.5858585858585859,0.584751523532318,0.06201736729460423,0.42424242424242425,0.6363636363636364,0.5384615384615384,0.47457627118644075,0.5303030303030303,0.25805078520422114,21,12,19,14
common_strict,Cavia porcellus,1,29,Auto-Kla,0.5,66,33,33,0.7796143250688705,0.7859753421328022,0.385694607919935,0.5151515151515151,0.8484848484848485,0.7727272727272727,0.6181818181818182,0.6818181818181818,0.29659867335274787,28,5,16,17
common_strict,Cavia porcellus,1,29,HybridKla,0.5,66,33,33,0.8209366391184574,0.8096710426496221,0.4553825555391872,0.696969696969697,0.7575757575757576,0.7419354838709677,0.71875,0.7272727272727273,0.21441032920957714,25,8,10,23
common_strict,Cavia porcellus,1,29,PCBert-Kla,0.5,66,33,33,0.6538108356290174,0.6124206609836811,-0.12403473458920845,0.0,0.9696969696969697,0.0,0.0,0.48484848484848486,0.5127416712219941,32,1,33,0
common_strict,Cavia porcellus,5,0,DeepKla,0.5,198,33,165,0.6303030303030304,0.2751740077545033,0.15214515486254615,0.42424242424242425,0.7575757575757576,0.25925925925925924,0.3218390804597701,0.702020202020202,0.2046787896157957,125,40,19,14
common_strict,Cavia porcellus,5,0,Auto-Kla,0.5,198,33,165,0.7867768595041323,0.4184289734948596,0.3865006029094686,0.5151515151515151,0.8848484848484849,0.4722222222222222,0.49275362318840576,0.8232323232323232,0.17044845222028981,146,19,16,17
common_strict,Cavia porcellus,5,0,HybridKla,0.5,198,33,165,0.8679522497704316,0.6136262136428146,0.4658153870343624,0.696969696969697,0.8424242424242424,0.46938775510204084,0.5609756097560976,0.8181818181818182,0.1363480501603517,139,26,10,23
common_strict,Cavia porcellus,5,0,PCBert-Kla,0.5,198,33,165,0.6732782369146005,0.24822100115524726,-0.04517539514526256,0.0,0.9878787878787879,0.0,0.0,0.8232323232323232,0.17376597070396646,163,2,33,0
common_strict,Cavia porcellus,5,1,DeepKla,0.5,198,33,165,0.5987144168962351,0.23314990207945663,0.07110282504246376,0.42424242424242425,0.6666666666666666,0.2028985507246377,0.2745098039215686,0.6262626262626263,0.2257669040920559,110,55,19,14
common_strict,Cavia porcellus,5,1,Auto-Kla,0.5,198,33,165,0.7946740128558311,0.4333135444593568,0.36706517419289886,0.5151515151515151,0.8727272727272727,0.4473684210526316,0.4788732394366197,0.8131313131313131,0.1743624650799876,144,21,16,17
common_strict,Cavia porcellus,5,1,HybridKla,0.5,198,33,165,0.8479338842975207,0.6040041946062906,0.3766869042220248,0.696969696969697,0.7696969696969697,0.3770491803278688,0.48936170212765956,0.7575757575757576,0.1740791974760725,127,38,10,23
common_strict,Cavia porcellus,5,1,PCBert-Kla,0.5,198,33,165,0.6191000918273645,0.21788722282118275,-0.05547001962252291,0.0,0.9818181818181818,0.0,0.0,0.8181818181818182,0.18075365245989924,162,3,33,0
common_strict,Cavia porcellus,5,2,DeepKla,0.5,198,33,165,0.617998163452709,0.2541577014947962,0.09138735334633755,0.42424242424242425,0.6909090909090909,0.2153846153846154,0.28571428571428575,0.6464646464646465,0.21713711255317147,114,51,19,14
common_strict,Cavia porcellus,5,2,Auto-Kla,0.5,198,33,165,0.7725436179981635,0.4129897823512885,0.36706517419289886,0.5151515151515151,0.8727272727272727,0.4473684210526316,0.4788732394366197,0.8131313131313131,0.17765385624402713,144,21,16,17
common_strict,Cavia porcellus,5,2,HybridKla,0.5,198,33,165,0.8587695133149679,0.5812518406967111,0.4414030699702211,0.696969696969697,0.8242424242424242,0.4423076923076923,0.5411764705882354,0.803030303030303,0.15122998932574422,136,29,10,23
common_strict,Cavia porcellus,5,2,PCBert-Kla,0.5,198,33,165,0.6749311294765841,0.2639729436813945,-0.06421612990679355,0.0,0.9757575757575757,0.0,0.0,0.8131313131313131,0.18497177249091246,161,4,33,0
common_strict,Cavia porcellus,5,3,DeepKla,0.5,198,33,165,0.6382001836547292,0.3035233580132949,0.12903583341622094,0.42424242424242425,0.7333333333333333,0.2413793103448276,0.3076923076923077,0.6818181818181818,0.2037245558821736,121,44,19,14
common_strict,Cavia porcellus,5,3,Auto-Kla,0.5,198,33,165,0.7510560146923784,0.3253252331382255,0.2703351273532189,0.5151515151515151,0.8,0.34,0.40963855421686746,0.7525252525252525,0.22630900589375957,132,33,16,17
common_strict,Cavia porcellus,5,3,HybridKla,0.5,198,33,165,0.8662993572084481,0.6156507903996603,0.41123556282108265,0.696969696969697,0.8,0.4107142857142857,0.5168539325842696,0.7828282828282829,0.15183749556101872,132,33,10,23
common_strict,Cavia porcellus,5,3,PCBert-Kla,0.5,198,33,165,0.6527089072543618,0.25582658676181813,-0.03186264939385831,0.0,0.9939393939393939,0.0,0.0,0.8282828282828283,0.1712636862142802,164,1,33,0
common_strict,Cavia porcellus,5,4,DeepKla,0.5,198,33,165,0.6082644628099173,0.2881329636847389,0.1018350154434631,0.42424242424242425,0.703030303030303,0.2222222222222222,0.2916666666666667,0.6565656565656566,0.21568502495887512,116,49,19,14
common_strict,Cavia porcellus,5,4,Auto-Kla,0.5,198,33,165,0.7685032139577594,0.40475114742551843,0.3072117917126885,0.5151515151515151,0.8303030303030303,0.37777777777777777,0.4358974358974359,0.7777777777777778,0.19106335884340972,137,28,16,17
common_strict,Cavia porcellus,5,4,HybridKla,0.5,198,33,165,0.8367309458218549,0.5615723110868127,0.3573586767948933,0.696969696969697,0.7515151515151515,0.359375,0.4742268041237113,0.7424242424242424,0.19463368388728822,124,41,10,23
common_strict,Cavia porcellus,5,4,PCBert-Kla,0.5,198,33,165,0.6181818181818182,0.22195102789381646,-0.06421612990679355,0.0,0.9757575757575757,0.0,0.0,0.8131313131313131,0.18048980793917074,161,4,33,0
common_strict,Cavia porcellus,5,5,DeepKla,0.5,198,33,165,0.637465564738292,0.3034209914958139,0.1179535649239177,0.42424242424242425,0.7212121212121212,0.23333333333333334,0.3010752688172043,0.6717171717171717,0.20479291671642977,119,46,19,14
common_strict,Cavia porcellus,5,5,Auto-Kla,0.5,198,33,165,0.7905417814508724,0.4092871937382144,0.32319671104221825,0.5151515151515151,0.8424242424242424,0.3953488372093023,0.4473684210526315,0.7878787878787878,0.1892526103518475,139,26,16,17
common_strict,Cavia porcellus,5,5,HybridKla,0.5,198,33,165,0.8738292011019284,0.6834354964316094,0.4414030699702211,0.696969696969697,0.8242424242424242,0.4423076923076923,0.5411764705882354,0.803030303030303,0.1428699718284746,136,29,10,23
common_strict,Cavia porcellus,5,5,PCBert-Kla,0.5,198,33,165,0.6455463728191002,0.24238943959362663,-0.04517539514526256,0.0,0.9878787878787879,0.0,0.0,0.8232323232323232,0.1758698542595848,163,2,33,0
common_strict,Cavia porcellus,5,6,DeepKla,0.5,198,33,165,0.5847566574839302,0.2790751193337064,0.1018350154434631,0.42424242424242425,0.703030303030303,0.2222222222222222,0.2916666666666667,0.6565656565656566,0.22186054051549173,116,49,19,14
common_strict,Cavia porcellus,5,6,Auto-Kla,0.5,198,33,165,0.7628099173553718,0.3926669781747919,0.34001891584881094,0.5151515151515151,0.8545454545454545,0.4146341463414634,0.4594594594594595,0.797979797979798,0.19139017845840484,141,24,16,17
common_strict,Cavia porcellus,5,6,HybridKla,0.5,198,33,165,0.8721763085399449,0.6923795540827974,0.4658153870343624,0.696969696969697,0.8424242424242424,0.46938775510204084,0.5609756097560976,0.8181818181818182,0.13791081995796217,139,26,10,23
common_strict,Cavia porcellus,5,6,PCBert-Kla,0.5,198,33,165,0.6405876951331497,0.23063198999944823,-0.04517539514526256,0.0,0.9878787878787879,0.0,0.0,0.8232323232323232,0.17639822287163456,163,2,33,0
common_strict,Cavia porcellus,5,7,DeepKla,0.5,198,33,165,0.6084481175390266,0.2839276697770391,0.08624393618641034,0.42424242424242425,0.6848484848484848,0.21212121212121213,0.2828282828282829,0.6414141414141414,0.2190065180847217,113,52,19,14
common_strict,Cavia porcellus,5,7,Auto-Kla,0.5,198,33,165,0.796969696969697,0.4465027614257281,0.3865006029094686,0.5151515151515151,0.8848484848484849,0.4722222222222222,0.49275362318840576,0.8232323232323232,0.16528007635597164,146,19,16,17
common_strict,Cavia porcellus,5,7,HybridKla,0.5,198,33,165,0.861524334251607,0.5619037558619251,0.4493559483386449,0.696969696969697,0.8303030303030303,0.45098039215686275,0.5476190476190477,0.8080808080808081,0.14749497987139767,137,28,10,23
common_strict,Cavia porcellus,5,7,PCBert-Kla,0.5,198,33,165,0.6391184573002755,0.22206375809968473,-0.06421612990679355,0.0,0.9757575757575757,0.0,0.0,0.8131313131313131,0.18365493447493625,161,4,33,0
common_strict,Cavia porcellus,5,8,DeepKla,0.5,198,33,165,0.6102846648301193,0.2917697473264198,0.07610423906471905,0.42424242424242425,0.6727272727272727,0.20588235294117646,0.2772277227722772,0.6313131313131313,0.21656235717802083,111,54,19,14
common_strict,Cavia porcellus,5,8,Auto-Kla,0.5,198,33,165,0.7687786960514233,0.3918098073024977,0.34001891584881094,0.5151515151515151,0.8545454545454545,0.4146341463414634,0.4594594594594595,0.797979797979798,0.18810790892871387,141,24,16,17
common_strict,Cavia porcellus,5,8,HybridKla,0.5,198,33,165,0.859504132231405,0.5771263633551003,0.4414030699702211,0.696969696969697,0.8242424242424242,0.4423076923076923,0.5411764705882354,0.803030303030303,0.1458079108220586,136,29,10,23
common_strict,Cavia porcellus,5,8,PCBert-Kla,0.5,198,33,165,0.650137741046832,0.2429788661059094,-0.04517539514526256,0.0,0.9878787878787879,0.0,0.0,0.8232323232323232,0.17602472108028291,163,2,33,0
common_strict,Cavia porcellus,5,9,DeepKla,0.5,198,33,165,0.6255280073461892,0.2901349684378548,0.08624393618641034,0.42424242424242425,0.6848484848484848,0.21212121212121213,0.2828282828282829,0.6414141414141414,0.21160031359982448,113,52,19,14
common_strict,Cavia porcellus,5,9,Auto-Kla,0.5,198,33,165,0.7578512396694215,0.3804513187766936,0.2995037848883907,0.5151515151515151,0.8242424242424242,0.3695652173913043,0.43037974683544306,0.7727272727272727,0.19784994104745376,136,29,16,17
common_strict,Cavia porcellus,5,9,HybridKla,0.5,198,33,165,0.8536271808999081,0.6069275098733494,0.39012940302356597,0.696969696969697,0.7818181818181819,0.3898305084745763,0.5,0.7676767676767676,0.1630497888641245,129,36,10,23
common_strict,Cavia porcellus,5,9,PCBert-Kla,0.5,198,33,165,0.6203856749311294,0.21449296291015701,-0.03186264939385831,0.0,0.9939393939393939,0.0,0.0,0.8282828282828283,0.1724408237212707,164,1,33,0
common_strict,Cavia porcellus,5,10,DeepKla,0.5,198,33,165,0.6218549127640036,0.2910403414146605,0.05634361698190111,0.42424242424242425,0.6484848484848484,0.19444444444444445,0.26666666666666666,0.6111111111111112,0.2126876979813323,107,58,19,14
common_strict,Cavia porcellus,5,10,Auto-Kla,0.5,198,33,165,0.7791551882460974,0.4072277350268875,0.36706517419289886,0.5151515151515151,0.8727272727272727,0.4473684210526316,0.4788732394366197,0.8131313131313131,0.1724444417263863,144,21,16,17
common_strict,Cavia porcellus,5,10,HybridKla,0.5,198,33,165,0.8580348943985308,0.6582395731492621,0.3970333335883721,0.696969696969697,0.7878787878787878,0.39655172413793105,0.5054945054945056,0.7727272727272727,0.1575398027999393,130,35,10,23
common_strict,Cavia porcellus,5,10,PCBert-Kla,0.5,198,33,165,0.6576675849403122,0.2733767528993742,0.0,0.0,1.0,0.0,0.0,0.8333333333333334,0.1661737715098706,165,0,33,0
common_strict,Cavia porcellus,5,11,DeepKla,0.5,198,33,165,0.6446280991735537,0.30637051271950505,0.15814474152278266,0.42424242424242425,0.7636363636363637,0.2641509433962264,0.3255813953488372,0.7070707070707071,0.20204860248132145,126,39,19,14
common_strict,Cavia porcellus,5,11,Auto-Kla,0.5,198,33,165,0.7667584940312213,0.36991273183899953,0.3314967720658979,0.5151515151515151,0.8484848484848485,0.40476190476190477,0.4533333333333333,0.7929292929292929,0.1830586164829524,140,25,16,17
common_strict,Cavia porcellus,5,11,HybridKla,0.5,198,33,165,0.8391184573002755,0.5174810086553805,0.38334908600273254,0.696969696969697,0.7757575757575758,0.38333333333333336,0.4946236559139786,0.7626262626262627,0.17258900789897944,128,37,10,23
common_strict,Cavia porcellus,5,11,PCBert-Kla,0.5,198,33,165,0.636179981634527,0.2296000535723446,-0.05547001962252291,0.0,0.9818181818181818,0.0,0.0,0.8181818181818182,0.17995416164943334,162,3,33,0
common_strict,Cavia porcellus,5,12,DeepKla,0.5,198,33,165,0.610651974288338,0.26910002143520967,0.10714511608714732,0.42424242424242425,0.7090909090909091,0.22580645161290322,0.2947368421052632,0.6616161616161617,0.21459338716408274,117,48,19,14
common_strict,Cavia porcellus,5,12,Auto-Kla,0.5,198,33,165,0.7723599632690541,0.3786500162695922,0.34001891584881094,0.5151515151515151,0.8545454545454545,0.4146341463414634,0.4594594594594595,0.797979797979798,0.1910110510999091,141,24,16,17
common_strict,Cavia porcellus,5,12,HybridKla,0.5,198,33,165,0.8910927456382002,0.710182262799434,0.4658153870343624,0.696969696969697,0.8424242424242424,0.46938775510204084,0.5609756097560976,0.8181818181818182,0.13004922259004403,139,26,10,23
common_strict,Cavia porcellus,5,12,PCBert-Kla,0.5,198,33,165,0.6431588613406796,0.23423411092404023,-0.05547001962252291,0.0,0.9818181818181818,0.0,0.0,0.8181818181818182,0.18034735137998176,162,3,33,0
common_strict,Cavia porcellus,5,13,DeepKla,0.5,198,33,165,0.5987144168962351,0.2325950075535939,0.07110282504246376,0.42424242424242425,0.6666666666666666,0.2028985507246377,0.2745098039215686,0.6262626262626263,0.22722906106499563,110,55,19,14
common_strict,Cavia porcellus,5,13,Auto-Kla,0.5,198,33,165,0.7408631772268136,0.31681806614393415,0.27739567991933944,0.5151515151515151,0.806060606060606,0.3469387755102041,0.41463414634146345,0.7575757575757576,0.23198867361853356,133,32,16,17
common_strict,Cavia porcellus,5,13,HybridKla,0.5,198,33,165,0.8539944903581267,0.5605486717097683,0.4185465116972183,0.696969696969697,0.806060606060606,0.41818181818181815,0.5227272727272727,0.7878787878787878,0.16320483913499104,133,32,10,23
common_strict,Cavia porcellus,5,13,PCBert-Kla,0.5,198,33,165,0.6626262626262626,0.24200636703815548,-0.07198157507486946,0.0,0.9696969696969697,0.0,0.0,0.8080808080808081,0.19131527444788837,160,5,33,0
common_strict,Cavia porcellus,5,14,DeepKla,0.5,198,33,165,0.5632690541781451,0.251888999197348,0.04190581774617469,0.42424242424242425,0.6303030303030303,0.18666666666666668,0.2592592592592593,0.5959595959595959,0.23385210963111108,104,61,19,14
common_strict,Cavia porcellus,5,14,Auto-Kla,0.5,198,33,165,0.771900826446281,0.3661387009206479,0.3151057242790674,0.5151515151515151,0.8363636363636363,0.38636363636363635,0.44155844155844154,0.7828282828282829,0.20053783465969044,138,27,16,17
common_strict,Cavia porcellus,5,14,HybridKla,0.5,198,33,165,0.8620752984389348,0.6490228769253159,0.4414030699702211,0.696969696969697,0.8242424242424242,0.4423076923076923,0.5411764705882354,0.803030303030303,0.1475137554858956,136,29,10,23
common_strict,Cavia porcellus,5,14,PCBert-Kla,0.5,198,33,165,0.5891643709825528,0.19544606576915075,-0.06421612990679355,0.0,0.9757575757575757,0.0,0.0,0.8131313131313131,0.18576245950302536,161,4,33,0
common_strict,Cavia porcellus,5,15,DeepKla,0.5,198,33,165,0.6411386593204775,0.26544311119967773,0.09138735334633755,0.42424242424242425,0.6909090909090909,0.2153846153846154,0.28571428571428575,0.6464646464646465,0.2132447145924924,114,51,19,14
common_strict,Cavia porcellus,5,15,Auto-Kla,0.5,198,33,165,0.768595041322314,0.3719245262599747,0.3151057242790674,0.5151515151515151,0.8363636363636363,0.38636363636363635,0.44155844155844154,0.7828282828282829,0.1931496912520734,138,27,16,17
common_strict,Cavia porcellus,5,15,HybridKla,0.5,198,33,165,0.8503213957759412,0.5938473200513111,0.38334908600273254,0.696969696969697,0.7757575757575758,0.38333333333333336,0.4946236559139786,0.7626262626262627,0.16877134331608423,128,37,10,23
common_strict,Cavia porcellus,5,15,PCBert-Kla,0.5,198,33,165,0.6607897153351698,0.2664846977138619,-0.04517539514526256,0.0,0.9878787878787879,0.0,0.0,0.8232323232323232,0.1743836052833778,163,2,33,0
common_strict,Cavia porcellus,5,16,DeepKla,0.5,198,33,165,0.6477502295684114,0.30529076955730106,0.10714511608714732,0.42424242424242425,0.7090909090909091,0.22580645161290322,0.2947368421052632,0.6616161616161617,0.20301369319793613,117,48,19,14
common_strict,Cavia porcellus,5,16,Auto-Kla,0.5,198,33,165,0.7544536271808999,0.3853980992619713,0.32319671104221825,0.5151515151515151,0.8424242424242424,0.3953488372093023,0.4473684210526315,0.7878787878787878,0.19382242849537343,139,26,16,17
common_strict,Cavia porcellus,5,16,HybridKla,0.5,198,33,165,0.8587695133149679,0.54344980840079,0.4040666737305971,0.696969696969697,0.793939393939394,0.40350877192982454,0.5111111111111111,0.7777777777777778,0.16634960855009842,131,34,10,23
common_strict,Cavia porcellus,5,16,PCBert-Kla,0.5,198,33,165,0.656198347107438,0.24062248885132737,-0.07198157507486946,0.0,0.9696969696969697,0.0,0.0,0.8080808080808081,0.18500658668793785,160,5,33,0
common_strict,Cavia porcellus,5,17,DeepKla,0.5,198,33,165,0.6062442607897154,0.2752472068434449,0.08115043833815472,0.42424242424242425,0.6787878787878788,0.208955223880597,0.27999999999999997,0.6363636363636364,0.21456008292399173,112,53,19,14
common_strict,Cavia porcellus,5,17,Auto-Kla,0.5,198,33,165,0.7767676767676768,0.3946048110287699,0.34877724928706744,0.5151515151515151,0.8606060606060606,0.425,0.4657534246575342,0.803030303030303,0.1819875012747785,142,23,16,17
common_strict,Cavia porcellus,5,17,HybridKla,0.5,198,33,165,0.8622589531680441,0.5963561615066558,0.4493559483386449,0.696969696969697,0.8303030303030303,0.45098039215686275,0.5476190476190477,0.8080808080808081,0.14142195397290208,137,28,10,23
common_strict,Cavia porcellus,5,17,PCBert-Kla,0.5,198,33,165,0.7004591368227732,0.28470376511626927,-0.05547001962252291,0.0,0.9818181818181818,0.0,0.0,0.8181818181818182,0.1832975888506919,162,3,33,0
common_strict,Cavia porcellus,5,18,DeepKla,0.5,198,33,165,0.6089990817263545,0.31050868515432417,0.08115043833815472,0.42424242424242425,0.6787878787878788,0.208955223880597,0.27999999999999997,0.6363636363636364,0.21190606165975837,112,53,19,14
common_strict,Cavia porcellus,5,18,Auto-Kla,0.5,198,33,165,0.7503213957759413,0.36087276627417697,0.2995037848883907,0.5151515151515151,0.8242424242424242,0.3695652173913043,0.43037974683544306,0.7727272727272727,0.21265046640710242,136,29,16,17
common_strict,Cavia porcellus,5,18,HybridKla,0.5,198,33,165,0.8628099173553718,0.6247719357860781,0.4185465116972183,0.696969696969697,0.806060606060606,0.41818181818181815,0.5227272727272727,0.7878787878787878,0.15726229712847256,133,32,10,23
common_strict,Cavia porcellus,5,18,PCBert-Kla,0.5,198,33,165,0.6644628099173554,0.27739019836485224,0.0,0.0,1.0,0.0,0.0,0.8333333333333334,0.16632318295486226,165,0,33,0
common_strict,Cavia porcellus,5,19,DeepKla,0.5,198,33,165,0.6000000000000001,0.2442931405458851,0.08115043833815472,0.42424242424242425,0.6787878787878788,0.208955223880597,0.27999999999999997,0.6363636363636364,0.22380982741904681,112,53,19,14
common_strict,Cavia porcellus,5,19,Auto-Kla,0.5,198,33,165,0.7450872359963269,0.36720805052686184,0.3151057242790674,0.5151515151515151,0.8363636363636363,0.38636363636363635,0.44155844155844154,0.7828282828282829,0.20450674494689713,138,27,16,17
common_strict,Cavia porcellus,5,19,HybridKla,0.5,198,33,165,0.8560146923783287,0.5667944094379891,0.3701376737555998,0.696969696969697,0.7636363636363637,0.3709677419354839,0.4842105263157895,0.7525252525252525,0.18398357558866468,126,39,10,23
common_strict,Cavia porcellus,5,19,PCBert-Kla,0.5,198,33,165,0.6222222222222222,0.22600633543618318,-0.05547001962252291,0.0,0.9818181818181818,0.0,0.0,0.8181818181818182,0.18044300987746364,162,3,33,0
common_strict,Cavia porcellus,5,20,DeepKla,0.5,198,33,165,0.6034894398530762,0.25753302935428657,0.08624393618641034,0.42424242424242425,0.6848484848484848,0.21212121212121213,0.2828282828282829,0.6414141414141414,0.22029019369623482,113,52,19,14
common_strict,Cavia porcellus,5,20,Auto-Kla,0.5,198,33,165,0.7646464646464647,0.3889407439522719,0.3151057242790674,0.5151515151515151,0.8363636363636363,0.38636363636363635,0.44155844155844154,0.7828282828282829,0.19967718133368959,138,27,16,17
common_strict,Cavia porcellus,5,20,HybridKla,0.5,198,33,165,0.8411386593204775,0.5382286720486099,0.39012940302356597,0.696969696969697,0.7818181818181819,0.3898305084745763,0.5,0.7676767676767676,0.16778976772948234,129,36,10,23
common_strict,Cavia porcellus,5,20,PCBert-Kla,0.5,198,33,165,0.6481175390266299,0.23257387323399373,-0.07198157507486946,0.0,0.9696969696969697,0.0,0.0,0.8080808080808081,0.18762710021564433,160,5,33,0
common_strict,Cavia porcellus,5,21,DeepKla,0.5,198,33,165,0.6369146005509643,0.26561560750829794,0.14623914264119675,0.42424242424242425,0.7515151515151515,0.2545454545454545,0.3181818181818182,0.696969696969697,0.20490267679046745,124,41,19,14
common_strict,Cavia porcellus,5,21,Auto-Kla,0.5,198,33,165,0.7820018365472912,0.41129199246497106,0.3577871029403924,0.5151515151515151,0.8666666666666667,0.4358974358974359,0.4722222222222222,0.8080808080808081,0.17801415391833542,143,22,16,17
common_strict,Cavia porcellus,5,21,HybridKla,0.5,198,33,165,0.8672176308539945,0.6582324530242103,0.48307992203682215,0.696969696969697,0.8545454545454545,0.48936170212765956,0.575,0.8282828282828283,0.13219648512939708,141,24,10,23
common_strict,Cavia porcellus,5,21,PCBert-Kla,0.5,198,33,165,0.6576675849403123,0.26103217261032324,-0.03186264939385831,0.0,0.9939393939393939,0.0,0.0,0.8282828282828283,0.17119206093871597,164,1,33,0
common_strict,Cavia porcellus,5,22,DeepKla,0.5,198,33,165,0.6089990817263544,0.267898668206011,0.1018350154434631,0.42424242424242425,0.703030303030303,0.2222222222222222,0.2916666666666667,0.6565656565656566,0.21455265359113734,116,49,19,14
common_strict,Cavia porcellus,5,22,Auto-Kla,0.5,198,33,165,0.7769513314967861,0.3980892219737151,0.3966997950996157,0.5151515151515151,0.8909090909090909,0.4857142857142857,0.5,0.8282828282828283,0.16654479634216424,147,18,16,17
common_strict,Cavia porcellus,5,22,HybridKla,0.5,198,33,165,0.8288337924701561,0.4927218179764848,0.38334908600273254,0.696969696969697,0.7757575757575758,0.38333333333333336,0.4946236559139786,0.7626262626262627,0.18213733582903519,128,37,10,23
common_strict,Cavia porcellus,5,22,PCBert-Kla,0.5,198,33,165,0.6539944903581267,0.22832127027003696,-0.05547001962252291,0.0,0.9818181818181818,0.0,0.0,0.8181818181818182,0.17948650808003627,162,3,33,0
common_strict,Cavia porcellus,5,23,DeepKla,0.5,198,33,165,0.607346189164371,0.2961205338504239,0.1018350154434631,0.42424242424242425,0.703030303030303,0.2222222222222222,0.2916666666666667,0.6565656565656566,0.21480918960490447,116,49,19,14
common_strict,Cavia porcellus,5,23,Auto-Kla,0.5,198,33,165,0.7726354453627181,0.3511764703267189,0.34001891584881094,0.5151515151515151,0.8545454545454545,0.4146341463414634,0.4594594594594595,0.797979797979798,0.19125046517196212,141,24,16,17
common_strict,Cavia porcellus,5,23,HybridKla,0.5,198,33,165,0.8670339761248852,0.6717159844810657,0.4658153870343624,0.696969696969697,0.8424242424242424,0.46938775510204084,0.5609756097560976,0.8181818181818182,0.13967899452889443,139,26,10,23
common_strict,Cavia porcellus,5,23,PCBert-Kla,0.5,198,33,165,0.6400367309458219,0.22616477403447763,-0.05547001962252291,0.0,0.9818181818181818,0.0,0.0,0.8181818181818182,0.17519128822812105,162,3,33,0
common_strict,Cavia porcellus,5,24,DeepKla,0.5,198,33,165,0.6163452708907254,0.2815684425985354,0.07610423906471905,0.42424242424242425,0.6727272727272727,0.20588235294117646,0.2772277227722772,0.6313131313131313,0.21794548289297677,111,54,19,14
common_strict,Cavia porcellus,5,24,Auto-Kla,0.5,198,33,165,0.7379247015610652,0.3119475001883464,0.27739567991933944,0.5151515151515151,0.806060606060606,0.3469387755102041,0.41463414634146345,0.7575757575757576,0.2226955109061847,133,32,16,17
common_strict,Cavia porcellus,5,24,HybridKla,0.5,198,33,165,0.8269972451790634,0.4495118768779482,0.3766869042220248,0.696969696969697,0.7696969696969697,0.3770491803278688,0.48936170212765956,0.7575757575757576,0.19312064514057292,127,38,10,23
common_strict,Cavia porcellus,5,24,PCBert-Kla,0.5,198,33,165,0.6369146005509643,0.2434064395559155,0.0,0.0,1.0,0.0,0.0,0.8333333333333334,0.16627435802142226,165,0,33,0
common_strict,Cavia porcellus,5,25,DeepKla,0.5,198,33,165,0.6130394857667585,0.2734270745175573,0.12345867184290062,0.42424242424242425,0.7272727272727273,0.23728813559322035,0.30434782608695654,0.6767676767676768,0.21377325288587498,120,45,19,14
common_strict,Cavia porcellus,5,25,Auto-Kla,0.5,198,33,165,0.7776859504132231,0.4208897972304849,0.3865006029094686,0.5151515151515151,0.8848484848484849,0.4722222222222222,0.49275362318840576,0.8232323232323232,0.16744055487083503,146,19,16,17
common_strict,Cavia porcellus,5,25,HybridKla,0.5,198,33,165,0.8718089990817264,0.7249244061479372,0.4185465116972183,0.696969696969697,0.806060606060606,0.41818181818181815,0.5227272727272727,0.7878787878787878,0.14106206027212873,133,32,10,23
common_strict,Cavia porcellus,5,25,PCBert-Kla,0.5,198,33,165,0.6176308539944904,0.21636126674597891,-0.06421612990679355,0.0,0.9757575757575757,0.0,0.0,0.8131313131313131,0.18094957955520422,161,4,33,0
common_strict,Cavia porcellus,5,26,DeepKla,0.5,198,33,165,0.6220385674931129,0.2789226745021076,0.09138735334633755,0.42424242424242425,0.6909090909090909,0.2153846153846154,0.28571428571428575,0.6464646464646465,0.21112748224039982,114,51,19,14
common_strict,Cavia porcellus,5,26,Auto-Kla,0.5,198,33,165,0.7480257116620753,0.338503925890256,0.2995037848883907,0.5151515151515151,0.8242424242424242,0.3695652173913043,0.43037974683544306,0.7727272727272727,0.19911399499831628,136,29,16,17
common_strict,Cavia porcellus,5,26,HybridKla,0.5,198,33,165,0.8411386593204775,0.5715893247978213,0.363696483726654,0.696969696969697,0.7575757575757576,0.36507936507936506,0.4791666666666666,0.7474747474747475,0.18966386724264747,125,40,10,23
common_strict,Cavia porcellus,5,26,PCBert-Kla,0.5,198,33,165,0.648852157943067,0.24170762132406437,-0.05547001962252291,0.0,0.9818181818181818,0.0,0.0,0.8181818181818182,0.17906389523877264,162,3,33,0
common_strict,Cavia porcellus,5,27,DeepKla,0.5,198,33,165,0.6113865932047751,0.2808901445042182,0.12345867184290062,0.42424242424242425,0.7272727272727273,0.23728813559322035,0.30434782608695654,0.6767676767676768,0.21354429288840432,120,45,19,14
common_strict,Cavia porcellus,5,27,Auto-Kla,0.5,198,33,165,0.8020202020202021,0.45416876735623407,0.41818181818181815,0.5151515151515151,0.9030303030303031,0.5151515151515151,0.5151515151515151,0.8383838383838383,0.148808999257939,149,16,16,17
common_strict,Cavia porcellus,5,27,HybridKla,0.5,198,33,165,0.8440771349862259,0.5271037592514907,0.38334908600273254,0.696969696969697,0.7757575757575758,0.38333333333333336,0.4946236559139786,0.7626262626262627,0.1705294129576161,128,37,10,23
common_strict,Cavia porcellus,5,27,PCBert-Kla,0.5,198,33,165,0.6629935720844812,0.26853504866033784,-0.04517539514526256,0.0,0.9878787878787879,0.0,0.0,0.8232323232323232,0.17435398963571186,163,2,33,0
common_strict,Cavia porcellus,5,28,DeepKla,0.5,198,33,165,0.6497704315886135,0.2840468667367085,0.09658342616078197,0.42424242424242425,0.696969696969697,0.21875,0.28865979381443296,0.6515151515151515,0.20803555986508618,115,50,19,14
common_strict,Cavia porcellus,5,28,Auto-Kla,0.5,198,33,165,0.7701561065197429,0.3837437894204579,0.34001891584881094,0.5151515151515151,0.8545454545454545,0.4146341463414634,0.4594594594594595,0.797979797979798,0.18940247211881614,141,24,16,17
common_strict,Cavia porcellus,5,28,HybridKla,0.5,198,33,165,0.8712580348943986,0.6073259958417108,0.41123556282108265,0.696969696969697,0.8,0.4107142857142857,0.5168539325842696,0.7828282828282829,0.15569460804382837,132,33,10,23
common_strict,Cavia porcellus,5,28,PCBert-Kla,0.5,198,33,165,0.6563820018365473,0.2435523923532497,-0.05547001962252291,0.0,0.9818181818181818,0.0,0.0,0.8181818181818182,0.1794046903527139,162,3,33,0
common_strict,Cavia porcellus,5,29,DeepKla,0.5,198,33,165,0.6091827364554637,0.29300182488494164,0.10714511608714732,0.42424242424242425,0.7090909090909091,0.22580645161290322,0.2947368421052632,0.6616161616161617,0.21385807441889354,117,48,19,14
common_strict,Cavia porcellus,5,29,Auto-Kla,0.5,198,33,165,0.7612488521579431,0.38327378728521744,0.3314967720658979,0.5151515151515151,0.8484848484848485,0.40476190476190477,0.4533333333333333,0.7929292929292929,0.19144574498872705,140,25,16,17
common_strict,Cavia porcellus,5,29,HybridKla,0.5,198,33,165,0.8596877869605142,0.6408852202833694,0.4040666737305971,0.696969696969697,0.793939393939394,0.40350877192982454,0.5111111111111111,0.7777777777777778,0.15376034972980407,131,34,10,23
common_strict,Cavia porcellus,5,29,PCBert-Kla,0.5,198,33,165,0.6934802571166208,0.3278239931746693,0.0,0.0,1.0,0.0,0.0,0.8333333333333334,0.16624323519499884,165,0,33,0
common_strict,Cavia porcellus,10,0,DeepKla,0.5,363,33,330,0.6013774104683195,0.15370475412645696,0.05901488181029703,0.42424242424242425,0.6727272727272727,0.11475409836065574,0.1806451612903226,0.650137741046832,0.2159634170492252,222,108,19,14
common_strict,Cavia porcellus,10,0,Auto-Kla,0.5,363,33,330,0.7814967860422406,0.2699650420659274,0.3112756948315557,0.5151515151515151,0.8787878787878788,0.2982456140350877,0.3777777777777777,0.8457300275482094,0.14008833750319488,290,40,16,17
common_strict,Cavia porcellus,10,0,HybridKla,0.5,363,33,330,0.8457300275482094,0.5485398245038717,0.3161964993672972,0.696969696969697,0.7848484848484848,0.24468085106382978,0.3622047244094488,0.7768595041322314,0.15917136885404795,259,71,10,23
common_strict,Cavia porcellus,10,0,PCBert-Kla,0.5,363,33,330,0.6299357208448118,0.12231599994619194,-0.03737175463759679,0.0,0.9848484848484849,0.0,0.0,0.8953168044077136,0.10306035249075633,325,5,33,0
common_strict,Cavia porcellus,10,1,DeepKla,0.5,363,33,330,0.6101928374655647,0.14442286632443746,0.08980199532574976,0.42424242424242425,0.7181818181818181,0.1308411214953271,0.19999999999999998,0.6914600550964187,0.21004082567226892,237,93,19,14
common_strict,Cavia porcellus,10,1,Auto-Kla,0.5,363,33,330,0.76010101010101,0.2221523283631125,0.30223668142167753,0.5151515151515151,0.8727272727272727,0.288135593220339,0.3695652173913043,0.8402203856749312,0.15130957720787988,288,42,16,17
common_strict,Cavia porcellus,10,1,HybridKla,0.5,363,33,330,0.8587695133149679,0.4628234467337656,0.32561909608264394,0.696969696969697,0.793939393939394,0.25274725274725274,0.3709677419354839,0.7851239669421488,0.15448791738521656,262,68,10,23
common_strict,Cavia porcellus,10,1,PCBert-Kla,0.5,363,33,330,0.6426997245179064,0.13890464835340297,-0.028867513459481287,0.0,0.990909090909091,0.0,0.0,0.9008264462809917,0.09801569552762665,327,3,33,0
common_strict,Cavia porcellus,10,2,DeepKla,0.5,363,33,330,0.640495867768595,0.16772970273058493,0.09414376822502504,0.42424242424242425,0.7242424242424242,0.13333333333333333,0.20289855072463767,0.696969696969697,0.19824598968495458,239,91,19,14
common_strict,Cavia porcellus,10,2,Auto-Kla,0.5,363,33,330,0.7780073461891643,0.2396440412553526,0.2978562939358236,0.5151515151515151,0.8696969696969697,0.2833333333333333,0.3655913978494624,0.837465564738292,0.1546751985349364,287,43,16,17
common_strict,Cavia porcellus,10,2,HybridKla,0.5,363,33,330,0.8518824609733701,0.47756579918476555,0.3192983147142665,0.696969696969697,0.7878787878787878,0.24731182795698925,0.36507936507936506,0.7796143250688705,0.15812059837332906,260,70,10,23
common_strict,Cavia porcellus,10,2,PCBert-Kla,0.5,363,33,330,0.6802571166207529,0.15315308528222363,-0.03337972630405625,0.0,0.9878787878787879,0.0,0.0,0.8980716253443526,0.09972093510884612,326,4,33,0
common_strict,Cavia porcellus,10,3,DeepKla,0.5,363,33,330,0.618732782369146,0.16238992985172115,0.06896698485759284,0.42424242424242425,0.6878787878787879,0.11965811965811966,0.18666666666666668,0.6639118457300276,0.20549931218556358,227,103,19,14
common_strict,Cavia porcellus,10,3,Auto-Kla,0.5,363,33,330,0.7838842975206611,0.2557014432197828,0.2893549528088916,0.5151515151515151,0.8636363636363636,0.27419354838709675,0.35789473684210527,0.8319559228650137,0.15329353804083895,285,45,16,17
common_strict,Cavia porcellus,10,3,HybridKla,0.5,363,33,330,0.8578512396694216,0.4877530578993544,0.3387614013183248,0.696969696969697,0.806060606060606,0.26436781609195403,0.38333333333333336,0.7961432506887053,0.15138013437109404,266,64,10,23
common_strict,Cavia porcellus,10,3,PCBert-Kla,0.5,363,33,330,0.6624426078971534,0.14943021793072714,-0.028867513459481287,0.0,0.990909090909091,0.0,0.0,0.9008264462809917,0.09777494134789125,327,3,33,0
common_strict,Cavia porcellus,10,4,DeepKla,0.5,363,33,330,0.6247015610651975,0.17224312491272653,0.06896698485759284,0.42424242424242425,0.6878787878787879,0.11965811965811966,0.18666666666666668,0.6639118457300276,0.2039320796175149,227,103,19,14
common_strict,Cavia porcellus,10,4,Auto-Kla,0.5,363,33,330,0.7509641873278237,0.23368061151009956,0.2344036154692477,0.5151515151515151,0.8181818181818182,0.22077922077922077,0.3090909090909091,0.790633608815427,0.1852249619715432,270,60,16,17
common_strict,Cavia porcellus,10,4,HybridKla,0.5,363,33,330,0.8336088154269973,0.40893662846765855,0.27895938973530776,0.696969696969697,0.7454545454545455,0.21495327102803738,0.32857142857142857,0.7410468319559229,0.18052205491621742,246,84,10,23
common_strict,Cavia porcellus,10,4,PCBert-Kla,0.5,363,33,330,0.6573921028466483,0.13578445067165285,-0.04099600308453939,0.0,0.9818181818181818,0.0,0.0,0.8925619834710744,0.1038566599285396,324,6,33,0
common_strict,Cavia porcellus,10,5,DeepKla,0.5,363,33,330,0.6098255280073461,0.13945118174471485,0.06495306517035289,0.42424242424242425,0.6818181818181818,0.11764705882352941,0.1842105263157895,0.6584022038567493,0.21456533215074772,225,105,19,14
common_strict,Cavia porcellus,10,5,Auto-Kla,0.5,363,33,330,0.7901744719926538,0.29744538469685694,0.2811768299469155,0.5151515151515151,0.8575757575757575,0.265625,0.3505154639175258,0.8264462809917356,0.15191261345963766,283,47,16,17
common_strict,Cavia porcellus,10,5,HybridKla,0.5,363,33,330,0.8405876951331497,0.4272844551070441,0.3131323139393201,0.696969696969697,0.7818181818181819,0.24210526315789474,0.35937500000000006,0.7741046831955923,0.16983571465484598,258,72,10,23
common_strict,Cavia porcellus,10,5,PCBert-Kla,0.5,363,33,330,0.662534435261708,0.1401123846319492,-0.047471266327754134,0.0,0.9757575757575757,0.0,0.0,0.8870523415977961,0.10784643411938305,322,8,33,0
common_strict,Cavia porcellus,10,6,DeepKla,0.5,363,33,330,0.6305785123966943,0.16163990849446813,0.09196482379583584,0.42424242424242425,0.7212121212121212,0.1320754716981132,0.20143884892086328,0.6942148760330579,0.2013898132658622,238,92,19,14
common_strict,Cavia porcellus,10,6,Auto-Kla,0.5,363,33,330,0.7614325068870523,0.21327006448259106,0.2376704750745689,0.5151515151515151,0.8212121212121212,0.2236842105263158,0.3119266055045872,0.7933884297520661,0.18428218167678936,271,59,16,17
common_strict,Cavia porcellus,10,6,HybridKla,0.5,363,33,330,0.8640036730945823,0.4952608120944459,0.3562345387670001,0.696969696969697,0.8212121212121212,0.2804878048780488,0.4,0.8099173553719008,0.1418816281913129,271,59,10,23
common_strict,Cavia porcellus,10,6,PCBert-Kla,0.5,363,33,330,0.6694214876033059,0.1535021239497592,-0.03337972630405625,0.0,0.9878787878787879,0.0,0.0,0.8980716253443526,0.09837881771527901,326,4,33,0
common_strict,Cavia porcellus,10,7,DeepKla,0.5,363,33,330,0.6248852157943067,0.17015435980691362,0.07507716972137927,0.42424242424242425,0.696969696969697,0.12280701754385964,0.19047619047619047,0.6721763085399449,0.20277870374044787,230,100,19,14
common_strict,Cavia porcellus,10,7,Auto-Kla,0.5,363,33,330,0.7753902662993573,0.24524287804711462,0.2732971972499743,0.5151515151515151,0.8515151515151516,0.25757575757575757,0.3434343434343434,0.8209366391184573,0.1620455943639214,281,49,16,17
common_strict,Cavia porcellus,10,7,HybridKla,0.5,363,33,330,0.8680440771349862,0.4485841249779988,0.37116611173587033,0.696969696969697,0.8333333333333334,0.2948717948717949,0.4144144144144144,0.8209366391184573,0.13534162071233674,275,55,10,23
common_strict,Cavia porcellus,10,7,PCBert-Kla,0.5,363,33,330,0.6595041322314049,0.14743710461358023,-0.023537557657892526,0.0,0.9939393939393939,0.0,0.0,0.9035812672176309,0.09628157114566671,328,2,33,0
common_strict,Cavia porcellus,10,8,DeepKla,0.5,363,33,330,0.6112947658402204,0.14351865707180078,0.07302807391163098,0.42424242424242425,0.693939393939394,0.12173913043478261,0.1891891891891892,0.6694214876033058,0.2118899907191554,229,101,19,14
common_strict,Cavia porcellus,10,8,Auto-Kla,0.5,363,33,330,0.774334251606979,0.2506671499354214,0.2893549528088916,0.5151515151515151,0.8636363636363636,0.27419354838709675,0.35789473684210527,0.8319559228650137,0.1498936181611641,285,45,16,17
common_strict,Cavia porcellus,10,8,HybridKla,0.5,363,33,330,0.8652892561983471,0.5239760839892652,0.33541019662496846,0.696969696969697,0.803030303030303,0.26136363636363635,0.3801652892561983,0.7933884297520661,0.14769801099284574,265,65,10,23
common_strict,Cavia porcellus,10,8,PCBert-Kla,0.5,363,33,330,0.6619834710743802,0.14680679514962786,-0.03337972630405625,0.0,0.9878787878787879,0.0,0.0,0.8980716253443526,0.0997808982994242,326,4,33,0
common_strict,Cavia porcellus,10,9,DeepKla,0.5,363,33,330,0.60633608815427,0.17054470244197417,0.0813030233766347,0.42424242424242425,0.706060606060606,0.12612612612612611,0.19444444444444442,0.6804407713498623,0.2084742581535459,233,97,19,14
common_strict,Cavia porcellus,10,9,Auto-Kla,0.5,363,33,330,0.7751606978879706,0.250997913881043,0.30223668142167753,0.5151515151515151,0.8727272727272727,0.288135593220339,0.3695652173913043,0.8402203856749312,0.14771838086891276,288,42,16,17
common_strict,Cavia porcellus,10,9,HybridKla,0.5,363,33,330,0.8471992653810836,0.4260107999422893,0.32561909608264394,0.696969696969697,0.793939393939394,0.25274725274725274,0.3709677419354839,0.7851239669421488,0.16567958923249965,262,68,10,23
common_strict,Cavia porcellus,10,9,PCBert-Kla,0.5,363,33,330,0.6328741965105602,0.1350057198797014,-0.04434289272060925,0.0,0.9787878787878788,0.0,0.0,0.8898071625344353,0.10827657160327185,323,7,33,0
common_strict,Cavia porcellus,10,10,DeepKla,0.5,363,33,330,0.615702479338843,0.16071169762046364,0.07302807391163098,0.42424242424242425,0.693939393939394,0.12173913043478261,0.1891891891891892,0.6694214876033058,0.21300073901009042,229,101,19,14
common_strict,Cavia porcellus,10,10,Auto-Kla,0.5,363,33,330,0.7865472910927456,0.3085664739766078,0.2978562939358236,0.5151515151515151,0.8696969696969697,0.2833333333333333,0.3655913978494624,0.837465564738292,0.14290166802623805,287,43,16,17
common_strict,Cavia porcellus,10,10,HybridKla,0.5,363,33,330,0.8647382920110194,0.5223034485297315,0.32243881538657326,0.696969696969697,0.7909090909090909,0.25,0.368,0.7823691460055097,0.151884653825813,261,69,10,23
common_strict,Cavia porcellus,10,10,PCBert-Kla,0.5,363,33,330,0.6391184573002755,0.1288995202286878,-0.03737175463759679,0.0,0.9848484848484849,0.0,0.0,0.8953168044077136,0.09943916553167023,325,5,33,0
common_strict,Cavia porcellus,10,11,DeepKla,0.5,363,33,330,0.6247015610651974,0.16471423665223467,0.09414376822502504,0.42424242424242425,0.7242424242424242,0.13333333333333333,0.20289855072463767,0.696969696969697,0.20307277444388216,239,91,19,14
common_strict,Cavia porcellus,10,11,Auto-Kla,0.5,363,33,330,0.7621671258034894,0.24733195452484982,0.24435074204882434,0.5151515151515151,0.8272727272727273,0.22972972972972974,0.31775700934579443,0.7988980716253443,0.17716160598769334,273,57,16,17
common_strict,Cavia porcellus,10,11,HybridKla,0.5,363,33,330,0.8598714416896236,0.5311978105606465,0.3131323139393201,0.696969696969697,0.7818181818181819,0.24210526315789474,0.35937500000000006,0.7741046831955923,0.15753712189555272,258,72,10,23
common_strict,Cavia porcellus,10,11,PCBert-Kla,0.5,363,33,330,0.6214876033057852,0.12152710377747677,-0.050421948408961074,0.0,0.9727272727272728,0.0,0.0,0.8842975206611571,0.11392533813584828,321,9,33,0
common_strict,Cavia porcellus,10,12,DeepKla,0.5,363,33,330,0.6342516069788796,0.1546081797574117,0.08765483240617118,0.42424242424242425,0.7151515151515152,0.12962962962962962,0.19858156028368795,0.6887052341597796,0.20055678465427904,236,94,19,14
common_strict,Cavia porcellus,10,12,Auto-Kla,0.5,363,33,330,0.763406795224977,0.27198808680799624,0.2619894461246596,0.5151515151515151,0.8424242424242424,0.2463768115942029,0.33333333333333337,0.8126721763085399,0.17215192799176945,278,52,16,17
common_strict,Cavia porcellus,10,12,HybridKla,0.5,363,33,330,0.8436179981634528,0.439051205720007,0.29548283377602014,0.696969696969697,0.7636363636363637,0.22772277227722773,0.34328358208955223,0.7575757575757576,0.17475481961621334,252,78,10,23
common_strict,Cavia porcellus,10,12,PCBert-Kla,0.5,363,33,330,0.6567493112947658,0.14163709330401686,-0.03337972630405625,0.0,0.9878787878787879,0.0,0.0,0.8980716253443526,0.10166733401450857,326,4,33,0
common_strict,Cavia porcellus,10,13,DeepKla,0.5,363,33,330,0.6483011937557392,0.1906323488415154,0.11692915520518916,0.42424242424242425,0.7545454545454545,0.14736842105263157,0.21875,0.7245179063360881,0.18827110274362494,249,81,19,14
common_strict,Cavia porcellus,10,13,Auto-Kla,0.5,363,33,330,0.7727272727272727,0.28387597088355204,0.2893549528088916,0.5151515151515151,0.8636363636363636,0.27419354838709675,0.35789473684210527,0.8319559228650137,0.15508830662572282,285,45,16,17
common_strict,Cavia porcellus,10,13,HybridKla,0.5,363,33,330,0.8669421487603306,0.5435251746279816,0.3789880548486369,0.696969696969697,0.8393939393939394,0.3026315789473684,0.42201834862385323,0.8264462809917356,0.13341539297525679,277,53,10,23
common_strict,Cavia porcellus,10,13,PCBert-Kla,0.5,363,33,330,0.6573921028466483,0.14398228603144225,-0.04099600308453939,0.0,0.9818181818181818,0.0,0.0,0.8925619834710744,0.10247952685499788,324,6,33,0
common_strict,Cavia porcellus,10,14,DeepKla,0.5,363,33,330,0.6287419651056014,0.16660086705939395,0.0855228975449195,0.42424242424242425,0.7121212121212122,0.12844036697247707,0.19718309859154934,0.6859504132231405,0.2016398877311344,235,95,19,14
common_strict,Cavia porcellus,10,14,Auto-Kla,0.5,363,33,330,0.763682277318641,0.2158820891226008,0.22800850121618207,0.5151515151515151,0.8121212121212121,0.21518987341772153,0.3035714285714286,0.7851239669421488,0.19069840779582073,268,62,16,17
common_strict,Cavia porcellus,10,14,HybridKla,0.5,363,33,330,0.8590449954086318,0.441173287635888,0.332103584662413,0.696969696969697,0.8,0.25842696629213485,0.37704918032786894,0.790633608815427,0.15351154161745043,264,66,10,23
common_strict,Cavia porcellus,10,14,PCBert-Kla,0.5,363,33,330,0.6544536271808999,0.13470148990296205,-0.04099600308453939,0.0,0.9818181818181818,0.0,0.0,0.8925619834710744,0.1043122207841548,324,6,33,0
common_strict,Cavia porcellus,10,15,DeepKla,0.5,363,33,330,0.5858585858585859,0.14845315402653253,0.05901488181029703,0.42424242424242425,0.6727272727272727,0.11475409836065574,0.1806451612903226,0.650137741046832,0.21851149153296423,222,108,19,14
common_strict,Cavia porcellus,10,15,Auto-Kla,0.5,363,33,330,0.7769054178145087,0.2589987183386809,0.2732971972499743,0.5151515151515151,0.8515151515151516,0.25757575757575757,0.3434343434343434,0.8209366391184573,0.1526186418592758,281,49,16,17
common_strict,Cavia porcellus,10,15,HybridKla,0.5,363,33,330,0.8504132231404959,0.4324414461857473,0.32884029275004933,0.696969696969697,0.796969696969697,0.25555555555555554,0.37398373983739835,0.7878787878787878,0.1605581041331082,263,67,10,23
common_strict,Cavia porcellus,10,15,PCBert-Kla,0.5,363,33,330,0.6433425160697889,0.1355398486776294,-0.03737175463759679,0.0,0.9848484848484849,0.0,0.0,0.8953168044077136,0.1012083718071813,325,5,33,0
common_strict,Cavia porcellus,10,16,DeepKla,0.5,363,33,330,0.6070707070707071,0.1772175529176797,0.06695429707585228,0.42424242424242425,0.6848484848484848,0.11864406779661017,0.18543046357615894,0.6611570247933884,0.21281345652869707,226,104,19,14
common_strict,Cavia porcellus,10,16,Auto-Kla,0.5,363,33,330,0.7432047750229569,0.23844610730578025,0.24098563043068372,0.5151515151515151,0.8242424242424242,0.22666666666666666,0.31481481481481477,0.7961432506887053,0.18039812576941097,272,58,16,17
common_strict,Cavia porcellus,10,16,HybridKla,0.5,363,33,330,0.8552800734618916,0.5226909825395671,0.3161964993672972,0.696969696969697,0.7848484848484848,0.24468085106382978,0.3622047244094488,0.7768595041322314,0.15263298506358236,259,71,10,23
common_strict,Cavia porcellus,10,16,PCBert-Kla,0.5,363,33,330,0.6435261707988981,0.12734331483932826,-0.04434289272060925,0.0,0.9787878787878788,0.0,0.0,0.8898071625344353,0.10901210986103427,323,7,33,0
common_strict,Cavia porcellus,10,17,DeepKla,0.5,363,33,330,0.6265381083562902,0.1834335319380378,0.08340576562282992,0.42424242424242425,0.7090909090909091,0.12727272727272726,0.19580419580419578,0.6831955922865014,0.20291323218316135,234,96,19,14
common_strict,Cavia porcellus,10,17,Auto-Kla,0.5,363,33,330,0.7781910009182736,0.23889558210349068,0.2732971972499743,0.5151515151515151,0.8515151515151516,0.25757575757575757,0.3434343434343434,0.8209366391184573,0.1636627051951014,281,49,16,17
common_strict,Cavia porcellus,10,17,HybridKla,0.5,363,33,330,0.8731864095500459,0.6013316168390417,0.36358661922845675,0.696969696969697,0.8272727272727273,0.2875,0.4070796460176991,0.8154269972451791,0.1287268032719901,273,57,10,23
common_strict,Cavia porcellus,10,17,PCBert-Kla,0.5,363,33,330,0.6575757575757576,0.14339687680085123,-0.04434289272060925,0.0,0.9787878787878788,0.0,0.0,0.8898071625344353,0.1062651969262847,323,7,33,0
common_strict,Cavia porcellus,10,18,DeepKla,0.5,363,33,330,0.617998163452709,0.1659398265169395,0.07921426890659519,0.42424242424242425,0.703030303030303,0.125,0.19310344827586204,0.6776859504132231,0.20422558926201184,232,98,19,14
common_strict,Cavia porcellus,10,18,Auto-Kla,0.5,363,33,330,0.7545454545454545,0.27143514828336346,0.2512378670237657,0.5151515151515151,0.8333333333333334,0.2361111111111111,0.32380952380952377,0.8044077134986226,0.18023860161052427,275,55,16,17
common_strict,Cavia porcellus,10,18,HybridKla,0.5,363,33,330,0.8590449954086318,0.44619279622443386,0.33541019662496846,0.696969696969697,0.803030303030303,0.26136363636363635,0.3801652892561983,0.7933884297520661,0.15064619525439935,265,65,10,23
common_strict,Cavia porcellus,10,18,PCBert-Kla,0.5,363,33,330,0.6489439853076217,0.13170166523728838,-0.04099600308453939,0.0,0.9818181818181818,0.0,0.0,0.8925619834710744,0.10561128451272037,324,6,33,0
common_strict,Cavia porcellus,10,19,DeepKla,0.5,363,33,330,0.6365472910927457,0.15482480577902397,0.07713911120745498,0.42424242424242425,0.7,0.12389380530973451,0.1917808219178082,0.6749311294765841,0.20098504891573896,231,99,19,14
common_strict,Cavia porcellus,10,19,Auto-Kla,0.5,363,33,330,0.7598714416896235,0.2623456975910181,0.2512378670237657,0.5151515151515151,0.8333333333333334,0.2361111111111111,0.32380952380952377,0.8044077134986226,0.17432343035248432,275,55,16,17
common_strict,Cavia porcellus,10,19,HybridKla,0.5,363,33,330,0.84811753902663,0.47855919194744073,0.32243881538657326,0.696969696969697,0.7909090909090909,0.25,0.368,0.7823691460055097,0.1582166774647196,261,69,10,23
common_strict,Cavia porcellus,10,19,PCBert-Kla,0.5,363,33,330,0.6380165289256198,0.13034106022056316,-0.03737175463759679,0.0,0.9848484848484849,0.0,0.0,0.8953168044077136,0.10364408447123086,325,5,33,0
common_strict,Cavia porcellus,10,20,DeepKla,0.5,363,33,330,0.620752984389348,0.15383678098801706,0.07921426890659519,0.42424242424242425,0.703030303030303,0.125,0.19310344827586204,0.6776859504132231,0.20581988396450362,232,98,19,14
common_strict,Cavia porcellus,10,20,Auto-Kla,0.5,363,33,330,0.7762626262626263,0.2300361121582255,0.2852270978615064,0.5151515151515151,0.8606060606060606,0.2698412698412698,0.3541666666666667,0.8292011019283747,0.15384642963775852,284,46,16,17
common_strict,Cavia porcellus,10,20,HybridKla,0.5,363,33,330,0.8539944903581267,0.469289010442337,0.332103584662413,0.696969696969697,0.8,0.25842696629213485,0.37704918032786894,0.790633608815427,0.15499544178236607,264,66,10,23
common_strict,Cavia porcellus,10,20,PCBert-Kla,0.5,363,33,330,0.6441689623507806,0.13462036688020534,-0.04434289272060925,0.0,0.9787878787878788,0.0,0.0,0.8898071625344353,0.1061197402911984,323,7,33,0
common_strict,Cavia porcellus,10,21,DeepKla,0.5,363,33,330,0.5978879706152433,0.1665410454186106,0.06695429707585228,0.42424242424242425,0.6848484848484848,0.11864406779661017,0.18543046357615894,0.6611570247933884,0.21436417256495963,226,104,19,14
common_strict,Cavia porcellus,10,21,Auto-Kla,0.5,363,33,330,0.7601010101010102,0.25716053565868124,0.2583467672909288,0.5151515151515151,0.8393939393939394,0.24285714285714285,0.3300970873786408,0.8099173553719008,0.1699888875957946,277,53,16,17
common_strict,Cavia porcellus,10,21,HybridKla,0.5,363,33,330,0.8556473829201102,0.5938056102892354,0.3101047404707351,0.696969696969697,0.7787878787878788,0.23958333333333334,0.35658914728682173,0.7713498622589532,0.15299732412475492,257,73,10,23
common_strict,Cavia porcellus,10,21,PCBert-Kla,0.5,363,33,330,0.6065197428833792,0.11994935739468716,-0.04099600308453939,0.0,0.9818181818181818,0.0,0.0,0.8925619834710744,0.1039403291240997,324,6,33,0
common_strict,Cavia porcellus,10,22,DeepKla,0.5,363,33,330,0.6211202938475666,0.14774652554291645,0.06695429707585228,0.42424242424242425,0.6848484848484848,0.11864406779661017,0.18543046357615894,0.6611570247933884,0.2080651005556237,226,104,19,14
common_strict,Cavia porcellus,10,22,Auto-Kla,0.5,363,33,330,0.7677685950413223,0.24779614859814192,0.2583467672909288,0.5151515151515151,0.8393939393939394,0.24285714285714285,0.3300970873786408,0.8099173553719008,0.16666012353466678,277,53,16,17
common_strict,Cavia porcellus,10,22,HybridKla,0.5,363,33,330,0.8505050505050505,0.49059661049341785,0.3131323139393201,0.696969696969697,0.7818181818181819,0.24210526315789474,0.35937500000000006,0.7741046831955923,0.16392301530503536,258,72,10,23
common_strict,Cavia porcellus,10,22,PCBert-Kla,0.5,363,33,330,0.6524334251606979,0.13339355864334268,-0.04099600308453939,0.0,0.9818181818181818,0.0,0.0,0.8925619834710744,0.10279311926357758,324,6,33,0
common_strict,Cavia porcellus,10,23,DeepKla,0.5,363,33,330,0.6387511478420569,0.16052623371212088,0.09414376822502504,0.42424242424242425,0.7242424242424242,0.13333333333333333,0.20289855072463767,0.696969696969697,0.20144315235809387,239,91,19,14
common_strict,Cavia porcellus,10,23,Auto-Kla,0.5,363,33,330,0.7640036730945822,0.2443262024571386,0.2619894461246596,0.5151515151515151,0.8424242424242424,0.2463768115942029,0.33333333333333337,0.8126721763085399,0.1697595846260288,278,52,16,17
common_strict,Cavia porcellus,10,23,HybridKla,0.5,363,33,330,0.857208448117539,0.45267260308344626,0.3421585217908304,0.696969696969697,0.8090909090909091,0.26744186046511625,0.38655462184873945,0.7988980716253443,0.1464951227085497,267,63,10,23
common_strict,Cavia porcellus,10,23,PCBert-Kla,0.5,363,33,330,0.6770431588613407,0.1513226116974135,-0.028867513459481287,0.0,0.990909090909091,0.0,0.0,0.9008264462809917,0.09853042601501603,327,3,33,0
common_strict,Cavia porcellus,10,24,DeepKla,0.5,363,33,330,0.6156106519742883,0.14735072370758986,0.05705628847200405,0.42424242424242425,0.6696969696969697,0.11382113821138211,0.17948717948717946,0.6473829201101928,0.21372844747082087,221,109,19,14
common_strict,Cavia porcellus,10,24,Auto-Kla,0.5,363,33,330,0.7696051423324151,0.24634104739177903,0.2811768299469155,0.5151515151515151,0.8575757575757575,0.265625,0.3505154639175258,0.8264462809917356,0.15799844498685478,283,47,16,17
common_strict,Cavia porcellus,10,24,HybridKla,0.5,363,33,330,0.8599632690541782,0.5819454849882598,0.33541019662496846,0.696969696969697,0.803030303030303,0.26136363636363635,0.3801652892561983,0.7933884297520661,0.14162112050838477,265,65,10,23
common_strict,Cavia porcellus,10,24,PCBert-Kla,0.5,363,33,330,0.6785123966942148,0.1467659253861866,-0.04099600308453939,0.0,0.9818181818181818,0.0,0.0,0.8925619834710744,0.1033832623990955,324,6,33,0
common_strict,Cavia porcellus,10,25,DeepKla,0.5,363,33,330,0.6050505050505051,0.13059763259098017,0.06098367211363063,0.42424242424242425,0.6757575757575758,0.11570247933884298,0.18181818181818182,0.6528925619834711,0.2155291295005153,223,107,19,14
common_strict,Cavia porcellus,10,25,Auto-Kla,0.5,363,33,330,0.7486225895316805,0.21182026865286915,0.24098563043068372,0.5151515151515151,0.8242424242424242,0.22666666666666666,0.31481481481481477,0.7961432506887053,0.18384557838411691,272,58,16,17
common_strict,Cavia porcellus,10,25,HybridKla,0.5,363,33,330,0.8355371900826447,0.4168214195254762,0.2710687382741972,0.696969696969697,0.7363636363636363,0.20909090909090908,0.32167832167832167,0.7327823691460055,0.1886681855683422,243,87,10,23
common_strict,Cavia porcellus,10,25,PCBert-Kla,0.5,363,33,330,0.6351698806244261,0.12891839699153163,-0.047471266327754134,0.0,0.9757575757575757,0.0,0.0,0.8870523415977961,0.11052929593810604,322,8,33,0
common_strict,Cavia porcellus,10,26,DeepKla,0.5,363,33,330,0.609366391184573,0.1521616265734106,0.06896698485759284,0.42424242424242425,0.6878787878787879,0.11965811965811966,0.18666666666666668,0.6639118457300276,0.21205818516062475,227,103,19,14
common_strict,Cavia porcellus,10,26,Auto-Kla,0.5,363,33,330,0.7626262626262627,0.2514413322897405,0.24098563043068372,0.5151515151515151,0.8242424242424242,0.22666666666666666,0.31481481481481477,0.7961432506887053,0.18608225098501838,272,58,16,17
common_strict,Cavia porcellus,10,26,HybridKla,0.5,363,33,330,0.859504132231405,0.4875792891593202,0.32243881538657326,0.696969696969697,0.7909090909090909,0.25,0.368,0.7823691460055097,0.15127190584273512,261,69,10,23
common_strict,Cavia porcellus,10,26,PCBert-Kla,0.5,363,33,330,0.6563820018365473,0.15926110089758969,0.0,0.0,1.0,0.0,0.0,0.9090909090909091,0.09115795760380097,330,0,33,0
common_strict,Cavia porcellus,10,27,DeepKla,0.5,363,33,330,0.6056932966023876,0.14089096868886145,0.06495306517035289,0.42424242424242425,0.6818181818181818,0.11764705882352941,0.1842105263157895,0.6584022038567493,0.21297945648281075,225,105,19,14
common_strict,Cavia porcellus,10,27,Auto-Kla,0.5,363,33,330,0.7304407713498623,0.21431511137498127,0.22800850121618207,0.5151515151515151,0.8121212121212121,0.21518987341772153,0.3035714285714286,0.7851239669421488,0.18533157349263776,268,62,16,17
common_strict,Cavia porcellus,10,27,HybridKla,0.5,363,33,330,0.8432506887052341,0.4480989946006193,0.3041555344578114,0.696969696969697,0.7727272727272727,0.23469387755102042,0.35114503816793896,0.7658402203856749,0.16739677353900803,255,75,10,23
common_strict,Cavia porcellus,10,27,PCBert-Kla,0.5,363,33,330,0.6510560146923783,0.13240371012122082,-0.04434289272060925,0.0,0.9787878787878788,0.0,0.0,0.8898071625344353,0.11100164482287198,323,7,33,0
common_strict,Cavia porcellus,10,28,DeepKla,0.5,363,33,330,0.6067952249770432,0.1366668398959655,0.06296296296296296,0.42424242424242425,0.6787878787878788,0.11666666666666667,0.18300653594771243,0.6556473829201102,0.2151217207482346,224,106,19,14
common_strict,Cavia porcellus,10,28,Auto-Kla,0.5,363,33,330,0.7540404040404041,0.2240641396773505,0.26569384701001836,0.5151515151515151,0.8454545454545455,0.25,0.33663366336633666,0.8154269972451791,0.17402139518535717,279,51,16,17
common_strict,Cavia porcellus,10,28,HybridKla,0.5,363,33,330,0.8598714416896236,0.46767868922018707,0.332103584662413,0.696969696969697,0.8,0.25842696629213485,0.37704918032786894,0.790633608815427,0.15240875214204147,264,66,10,23
common_strict,Cavia porcellus,10,28,PCBert-Kla,0.5,363,33,330,0.6423324150596877,0.1339861309183194,-0.050421948408961074,0.0,0.9727272727272728,0.0,0.0,0.8842975206611571,0.11276029224955036,321,9,33,0
common_strict,Cavia porcellus,10,29,DeepKla,0.5,363,33,330,0.5879706152433426,0.13712890921608434,0.05316851282763626,0.42424242424242425,0.6636363636363637,0.112,0.17721518987341772,0.6418732782369146,0.22122981072513695,219,111,19,14
common_strict,Cavia porcellus,10,29,Auto-Kla,0.5,363,33,330,0.7618457300275482,0.2601186992074745,0.23118346388119926,0.5151515151515151,0.8151515151515152,0.21794871794871795,0.3063063063063063,0.7878787878787878,0.18604416593655043,269,61,16,17
common_strict,Cavia porcellus,10,29,HybridKla,0.5,363,33,330,0.84811753902663,0.44140652653014734,0.32243881538657326,0.696969696969697,0.7909090909090909,0.25,0.368,0.7823691460055097,0.16382209593321084,261,69,10,23
common_strict,Cavia porcellus,10,29,PCBert-Kla,0.5,363,33,330,0.6359044995408631,0.1392242722501224,-0.03337972630405625,0.0,0.9878787878787879,0.0,0.0,0.8980716253443526,0.10007463097042411,326,4,33,0
common_strict,Cavia porcellus,all,0,DeepKla,0.5,6430,33,6397,0.6146489121321074,0.010057591287422625,0.018364030440842546,0.42424242424242425,0.6942316710958262,0.007106598984771574,0.01397903145282077,0.692846034214619,0.1994616817400041,4441,1956,19,14
common_strict,Cavia porcellus,all,0,Auto-Kla,0.5,6430,33,6397,0.7680636283106191,0.018212713672119178,0.07163558101414969,0.5151515151515151,0.847272158824449,0.01710261569416499,0.03310613437195716,0.8455676516329704,0.13593475445024383,5420,977,16,17
common_strict,Cavia porcellus,all,0,HybridKla,0.5,6430,33,6397,0.8539230036807026,0.0508660240895692,0.08593724019960361,0.696969696969697,0.7927153353134282,0.01704966641957005,0.03328509406657018,0.7922239502332815,0.1491538016383883,5071,1326,10,23
common_strict,Cavia porcellus,all,0,PCBert-Kla,0.5,6430,33,6397,0.6466288648561589,0.007937818232296324,-0.00893534610583807,0.0,0.9846803188994842,0.0,0.0,0.9796267496111976,0.018225034625250554,6299,98,33,0
common_strict,Cavia porcellus,all,1,DeepKla,0.5,6430,33,6397,0.6146489121321074,0.010057591287422625,0.018364030440842546,0.42424242424242425,0.6942316710958262,0.007106598984771574,0.01397903145282077,0.692846034214619,0.1994616817400041,4441,1956,19,14
common_strict,Cavia porcellus,all,1,Auto-Kla,0.5,6430,33,6397,0.7680636283106191,0.018212713672119178,0.07163558101414969,0.5151515151515151,0.847272158824449,0.01710261569416499,0.03310613437195716,0.8455676516329704,0.13593475445024383,5420,977,16,17
common_strict,Cavia porcellus,all,1,HybridKla,0.5,6430,33,6397,0.8539230036807026,0.0508660240895692,0.08593724019960361,0.696969696969697,0.7927153353134282,0.01704966641957005,0.03328509406657018,0.7922239502332815,0.1491538016383883,5071,1326,10,23
common_strict,Cavia porcellus,all,1,PCBert-Kla,0.5,6430,33,6397,0.6466288648561589,0.007937818232296324,-0.00893534610583807,0.0,0.9846803188994842,0.0,0.0,0.9796267496111976,0.018225034625250554,6299,98,33,0
common_strict,Cavia porcellus,all,2,DeepKla,0.5,6430,33,6397,0.6146489121321074,0.010057591287422625,0.018364030440842546,0.42424242424242425,0.6942316710958262,0.007106598984771574,0.01397903145282077,0.692846034214619,0.1994616817400041,4441,1956,19,14
common_strict,Cavia porcellus,all,2,Auto-Kla,0.5,6430,33,6397,0.7680636283106191,0.018212713672119178,0.07163558101414969,0.5151515151515151,0.847272158824449,0.01710261569416499,0.03310613437195716,0.8455676516329704,0.13593475445024383,5420,977,16,17
common_strict,Cavia porcellus,all,2,HybridKla,0.5,6430,33,6397,0.8539230036807026,0.0508660240895692,0.08593724019960361,0.696969696969697,0.7927153353134282,0.01704966641957005,0.03328509406657018,0.7922239502332815,0.1491538016383883,5071,1326,10,23
common_strict,Cavia porcellus,all,2,PCBert-Kla,0.5,6430,33,6397,0.6466288648561589,0.007937818232296324,-0.00893534610583807,0.0,0.9846803188994842,0.0,0.0,0.9796267496111976,0.018225034625250554,6299,98,33,0
common_strict,Cavia porcellus,all,3,DeepKla,0.5,6430,33,6397,0.6146489121321074,0.010057591287422625,0.018364030440842546,0.42424242424242425,0.6942316710958262,0.007106598984771574,0.01397903145282077,0.692846034214619,0.1994616817400041,4441,1956,19,14
common_strict,Cavia porcellus,all,3,Auto-Kla,0.5,6430,33,6397,0.7680636283106191,0.018212713672119178,0.07163558101414969,0.5151515151515151,0.847272158824449,0.01710261569416499,0.03310613437195716,0.8455676516329704,0.13593475445024383,5420,977,16,17
common_strict,Cavia porcellus,all,3,HybridKla,0.5,6430,33,6397,0.8539230036807026,0.0508660240895692,0.08593724019960361,0.696969696969697,0.7927153353134282,0.01704966641957005,0.03328509406657018,0.7922239502332815,0.1491538016383883,5071,1326,10,23
common_strict,Cavia porcellus,all,3,PCBert-Kla,0.5,6430,33,6397,0.6466288648561589,0.007937818232296324,-0.00893534610583807,0.0,0.9846803188994842,0.0,0.0,0.9796267496111976,0.018225034625250554,6299,98,33,0
common_strict,Cavia porcellus,all,4,DeepKla,0.5,6430,33,6397,0.6146489121321074,0.010057591287422625,0.018364030440842546,0.42424242424242425,0.6942316710958262,0.007106598984771574,0.01397903145282077,0.692846034214619,0.1994616817400041,4441,1956,19,14
common_strict,Cavia porcellus,all,4,Auto-Kla,0.5,6430,33,6397,0.7680636283106191,0.018212713672119178,0.07163558101414969,0.5151515151515151,0.847272158824449,0.01710261569416499,0.03310613437195716,0.8455676516329704,0.13593475445024383,5420,977,16,17
common_strict,Cavia porcellus,all,4,HybridKla,0.5,6430,33,6397,0.8539230036807026,0.0508660240895692,0.08593724019960361,0.696969696969697,0.7927153353134282,0.01704966641957005,0.03328509406657018,0.7922239502332815,0.1491538016383883,5071,1326,10,23
common_strict,Cavia porcellus,all,4,PCBert-Kla,0.5,6430,33,6397,0.6466288648561589,0.007937818232296324,-0.00893534610583807,0.0,0.9846803188994842,0.0,0.0,0.9796267496111976,0.018225034625250554,6299,98,33,0
common_strict,Cavia porcellus,all,5,DeepKla,0.5,6430,33,6397,0.6146489121321074,0.010057591287422625,0.018364030440842546,0.42424242424242425,0.6942316710958262,0.007106598984771574,0.01397903145282077,0.692846034214619,0.1994616817400041,4441,1956,19,14
common_strict,Cavia porcellus,all,5,Auto-Kla,0.5,6430,33,6397,0.7680636283106191,0.018212713672119178,0.07163558101414969,0.5151515151515151,0.847272158824449,0.01710261569416499,0.03310613437195716,0.8455676516329704,0.13593475445024383,5420,977,16,17
common_strict,Cavia porcellus,all,5,HybridKla,0.5,6430,33,6397,0.8539230036807026,0.0508660240895692,0.08593724019960361,0.696969696969697,0.7927153353134282,0.01704966641957005,0.03328509406657018,0.7922239502332815,0.1491538016383883,5071,1326,10,23
common_strict,Cavia porcellus,all,5,PCBert-Kla,0.5,6430,33,6397,0.6466288648561589,0.007937818232296324,-0.00893534610583807,0.0,0.9846803188994842,0.0,0.0,0.9796267496111976,0.018225034625250554,6299,98,33,0
common_strict,Cavia porcellus,all,6,DeepKla,0.5,6430,33,6397,0.6146489121321074,0.010057591287422625,0.018364030440842546,0.42424242424242425,0.6942316710958262,0.007106598984771574,0.01397903145282077,0.692846034214619,0.1994616817400041,4441,1956,19,14
common_strict,Cavia porcellus,all,6,Auto-Kla,0.5,6430,33,6397,0.7680636283106191,0.018212713672119178,0.07163558101414969,0.5151515151515151,0.847272158824449,0.01710261569416499,0.03310613437195716,0.8455676516329704,0.13593475445024383,5420,977,16,17
common_strict,Cavia porcellus,all,6,HybridKla,0.5,6430,33,6397,0.8539230036807026,0.0508660240895692,0.08593724019960361,0.696969696969697,0.7927153353134282,0.01704966641957005,0.03328509406657018,0.7922239502332815,0.1491538016383883,5071,1326,10,23
common_strict,Cavia porcellus,all,6,PCBert-Kla,0.5,6430,33,6397,0.6466288648561589,0.007937818232296324,-0.00893534610583807,0.0,0.9846803188994842,0.0,0.0,0.9796267496111976,0.018225034625250554,6299,98,33,0
common_strict,Cavia porcellus,all,7,DeepKla,0.5,6430,33,6397,0.6146489121321074,0.010057591287422625,0.018364030440842546,0.42424242424242425,0.6942316710958262,0.007106598984771574,0.01397903145282077,0.692846034214619,0.1994616817400041,4441,1956,19,14
common_strict,Cavia porcellus,all,7,Auto-Kla,0.5,6430,33,6397,0.7680636283106191,0.018212713672119178,0.07163558101414969,0.5151515151515151,0.847272158824449,0.01710261569416499,0.03310613437195716,0.8455676516329704,0.13593475445024383,5420,977,16,17
common_strict,Cavia porcellus,all,7,HybridKla,0.5,6430,33,6397,0.8539230036807026,0.0508660240895692,0.08593724019960361,0.696969696969697,0.7927153353134282,0.01704966641957005,0.03328509406657018,0.7922239502332815,0.1491538016383883,5071,1326,10,23
common_strict,Cavia porcellus,all,7,PCBert-Kla,0.5,6430,33,6397,0.6466288648561589,0.007937818232296324,-0.00893534610583807,0.0,0.9846803188994842,0.0,0.0,0.9796267496111976,0.018225034625250554,6299,98,33,0
common_strict,Cavia porcellus,all,8,DeepKla,0.5,6430,33,6397,0.6146489121321074,0.010057591287422625,0.018364030440842546,0.42424242424242425,0.6942316710958262,0.007106598984771574,0.01397903145282077,0.692846034214619,0.1994616817400041,4441,1956,19,14
common_strict,Cavia porcellus,all,8,Auto-Kla,0.5,6430,33,6397,0.7680636283106191,0.018212713672119178,0.07163558101414969,0.5151515151515151,0.847272158824449,0.01710261569416499,0.03310613437195716,0.8455676516329704,0.13593475445024383,5420,977,16,17
common_strict,Cavia porcellus,all,8,HybridKla,0.5,6430,33,6397,0.8539230036807026,0.0508660240895692,0.08593724019960361,0.696969696969697,0.7927153353134282,0.01704966641957005,0.03328509406657018,0.7922239502332815,0.1491538016383883,5071,1326,10,23
common_strict,Cavia porcellus,all,8,PCBert-Kla,0.5,6430,33,6397,0.6466288648561589,0.007937818232296324,-0.00893534610583807,0.0,0.9846803188994842,0.0,0.0,0.9796267496111976,0.018225034625250554,6299,98,33,0
common_strict,Cavia porcellus,all,9,DeepKla,0.5,6430,33,6397,0.6146489121321074,0.010057591287422625,0.018364030440842546,0.42424242424242425,0.6942316710958262,0.007106598984771574,0.01397903145282077,0.692846034214619,0.1994616817400041,4441,1956,19,14
common_strict,Cavia porcellus,all,9,Auto-Kla,0.5,6430,33,6397,0.7680636283106191,0.018212713672119178,0.07163558101414969,0.5151515151515151,0.847272158824449,0.01710261569416499,0.03310613437195716,0.8455676516329704,0.13593475445024383,5420,977,16,17
common_strict,Cavia porcellus,all,9,HybridKla,0.5,6430,33,6397,0.8539230036807026,0.0508660240895692,0.08593724019960361,0.696969696969697,0.7927153353134282,0.01704966641957005,0.03328509406657018,0.7922239502332815,0.1491538016383883,5071,1326,10,23
common_strict,Cavia porcellus,all,9,PCBert-Kla,0.5,6430,33,6397,0.6466288648561589,0.007937818232296324,-0.00893534610583807,0.0,0.9846803188994842,0.0,0.0,0.9796267496111976,0.018225034625250554,6299,98,33,0
common_strict,Cavia porcellus,all,10,DeepKla,0.5,6430,33,6397,0.6146489121321074,0.010057591287422625,0.018364030440842546,0.42424242424242425,0.6942316710958262,0.007106598984771574,0.01397903145282077,0.692846034214619,0.1994616817400041,4441,1956,19,14
common_strict,Cavia porcellus,all,10,Auto-Kla,0.5,6430,33,6397,0.7680636283106191,0.018212713672119178,0.07163558101414969,0.5151515151515151,0.847272158824449,0.01710261569416499,0.03310613437195716,0.8455676516329704,0.13593475445024383,5420,977,16,17
common_strict,Cavia porcellus,all,10,HybridKla,0.5,6430,33,6397,0.8539230036807026,0.0508660240895692,0.08593724019960361,0.696969696969697,0.7927153353134282,0.01704966641957005,0.03328509406657018,0.7922239502332815,0.1491538016383883,5071,1326,10,23
common_strict,Cavia porcellus,all,10,PCBert-Kla,0.5,6430,33,6397,0.6466288648561589,0.007937818232296324,-0.00893534610583807,0.0,0.9846803188994842,0.0,0.0,0.9796267496111976,0.018225034625250554,6299,98,33,0
common_strict,Cavia porcellus,all,11,DeepKla,0.5,6430,33,6397,0.6146489121321074,0.010057591287422625,0.018364030440842546,0.42424242424242425,0.6942316710958262,0.007106598984771574,0.01397903145282077,0.692846034214619,0.1994616817400041,4441,1956,19,14
common_strict,Cavia porcellus,all,11,Auto-Kla,0.5,6430,33,6397,0.7680636283106191,0.018212713672119178,0.07163558101414969,0.5151515151515151,0.847272158824449,0.01710261569416499,0.03310613437195716,0.8455676516329704,0.13593475445024383,5420,977,16,17
common_strict,Cavia porcellus,all,11,HybridKla,0.5,6430,33,6397,0.8539230036807026,0.0508660240895692,0.08593724019960361,0.696969696969697,0.7927153353134282,0.01704966641957005,0.03328509406657018,0.7922239502332815,0.1491538016383883,5071,1326,10,23
common_strict,Cavia porcellus,all,11,PCBert-Kla,0.5,6430,33,6397,0.6466288648561589,0.007937818232296324,-0.00893534610583807,0.0,0.9846803188994842,0.0,0.0,0.9796267496111976,0.018225034625250554,6299,98,33,0
common_strict,Cavia porcellus,all,12,DeepKla,0.5,6430,33,6397,0.6146489121321074,0.010057591287422625,0.018364030440842546,0.42424242424242425,0.6942316710958262,0.007106598984771574,0.01397903145282077,0.692846034214619,0.1994616817400041,4441,1956,19,14
common_strict,Cavia porcellus,all,12,Auto-Kla,0.5,6430,33,6397,0.7680636283106191,0.018212713672119178,0.07163558101414969,0.5151515151515151,0.847272158824449,0.01710261569416499,0.03310613437195716,0.8455676516329704,0.13593475445024383,5420,977,16,17
common_strict,Cavia porcellus,all,12,HybridKla,0.5,6430,33,6397,0.8539230036807026,0.0508660240895692,0.08593724019960361,0.696969696969697,0.7927153353134282,0.01704966641957005,0.03328509406657018,0.7922239502332815,0.1491538016383883,5071,1326,10,23
common_strict,Cavia porcellus,all,12,PCBert-Kla,0.5,6430,33,6397,0.6466288648561589,0.007937818232296324,-0.00893534610583807,0.0,0.9846803188994842,0.0,0.0,0.9796267496111976,0.018225034625250554,6299,98,33,0
common_strict,Cavia porcellus,all,13,DeepKla,0.5,6430,33,6397,0.6146489121321074,0.010057591287422625,0.018364030440842546,0.42424242424242425,0.6942316710958262,0.007106598984771574,0.01397903145282077,0.692846034214619,0.1994616817400041,4441,1956,19,14
common_strict,Cavia porcellus,all,13,Auto-Kla,0.5,6430,33,6397,0.7680636283106191,0.018212713672119178,0.07163558101414969,0.5151515151515151,0.847272158824449,0.01710261569416499,0.03310613437195716,0.8455676516329704,0.13593475445024383,5420,977,16,17
common_strict,Cavia porcellus,all,13,HybridKla,0.5,6430,33,6397,0.8539230036807026,0.0508660240895692,0.08593724019960361,0.696969696969697,0.7927153353134282,0.01704966641957005,0.03328509406657018,0.7922239502332815,0.1491538016383883,5071,1326,10,23
common_strict,Cavia porcellus,all,13,PCBert-Kla,0.5,6430,33,6397,0.6466288648561589,0.007937818232296324,-0.00893534610583807,0.0,0.9846803188994842,0.0,0.0,0.9796267496111976,0.018225034625250554,6299,98,33,0
common_strict,Cavia porcellus,all,14,DeepKla,0.5,6430,33,6397,0.6146489121321074,0.010057591287422625,0.018364030440842546,0.42424242424242425,0.6942316710958262,0.007106598984771574,0.01397903145282077,0.692846034214619,0.1994616817400041,4441,1956,19,14
common_strict,Cavia porcellus,all,14,Auto-Kla,0.5,6430,33,6397,0.7680636283106191,0.018212713672119178,0.07163558101414969,0.5151515151515151,0.847272158824449,0.01710261569416499,0.03310613437195716,0.8455676516329704,0.13593475445024383,5420,977,16,17
common_strict,Cavia porcellus,all,14,HybridKla,0.5,6430,33,6397,0.8539230036807026,0.0508660240895692,0.08593724019960361,0.696969696969697,0.7927153353134282,0.01704966641957005,0.03328509406657018,0.7922239502332815,0.1491538016383883,5071,1326,10,23
common_strict,Cavia porcellus,all,14,PCBert-Kla,0.5,6430,33,6397,0.6466288648561589,0.007937818232296324,-0.00893534610583807,0.0,0.9846803188994842,0.0,0.0,0.9796267496111976,0.018225034625250554,6299,98,33,0
common_strict,Cavia porcellus,all,15,DeepKla,0.5,6430,33,6397,0.6146489121321074,0.010057591287422625,0.018364030440842546,0.42424242424242425,0.6942316710958262,0.007106598984771574,0.01397903145282077,0.692846034214619,0.1994616817400041,4441,1956,19,14
common_strict,Cavia porcellus,all,15,Auto-Kla,0.5,6430,33,6397,0.7680636283106191,0.018212713672119178,0.07163558101414969,0.5151515151515151,0.847272158824449,0.01710261569416499,0.03310613437195716,0.8455676516329704,0.13593475445024383,5420,977,16,17
common_strict,Cavia porcellus,all,15,HybridKla,0.5,6430,33,6397,0.8539230036807026,0.0508660240895692,0.08593724019960361,0.696969696969697,0.7927153353134282,0.01704966641957005,0.03328509406657018,0.7922239502332815,0.1491538016383883,5071,1326,10,23
common_strict,Cavia porcellus,all,15,PCBert-Kla,0.5,6430,33,6397,0.6466288648561589,0.007937818232296324,-0.00893534610583807,0.0,0.9846803188994842,0.0,0.0,0.9796267496111976,0.018225034625250554,6299,98,33,0
common_strict,Cavia porcellus,all,16,DeepKla,0.5,6430,33,6397,0.6146489121321074,0.010057591287422625,0.018364030440842546,0.42424242424242425,0.6942316710958262,0.007106598984771574,0.01397903145282077,0.692846034214619,0.1994616817400041,4441,1956,19,14
common_strict,Cavia porcellus,all,16,Auto-Kla,0.5,6430,33,6397,0.7680636283106191,0.018212713672119178,0.07163558101414969,0.5151515151515151,0.847272158824449,0.01710261569416499,0.03310613437195716,0.8455676516329704,0.13593475445024383,5420,977,16,17
common_strict,Cavia porcellus,all,16,HybridKla,0.5,6430,33,6397,0.8539230036807026,0.0508660240895692,0.08593724019960361,0.696969696969697,0.7927153353134282,0.01704966641957005,0.03328509406657018,0.7922239502332815,0.1491538016383883,5071,1326,10,23
common_strict,Cavia porcellus,all,16,PCBert-Kla,0.5,6430,33,6397,0.6466288648561589,0.007937818232296324,-0.00893534610583807,0.0,0.9846803188994842,0.0,0.0,0.9796267496111976,0.018225034625250554,6299,98,33,0
common_strict,Cavia porcellus,all,17,DeepKla,0.5,6430,33,6397,0.6146489121321074,0.010057591287422625,0.018364030440842546,0.42424242424242425,0.6942316710958262,0.007106598984771574,0.01397903145282077,0.692846034214619,0.1994616817400041,4441,1956,19,14
common_strict,Cavia porcellus,all,17,Auto-Kla,0.5,6430,33,6397,0.7680636283106191,0.018212713672119178,0.07163558101414969,0.5151515151515151,0.847272158824449,0.01710261569416499,0.03310613437195716,0.8455676516329704,0.13593475445024383,5420,977,16,17
common_strict,Cavia porcellus,all,17,HybridKla,0.5,6430,33,6397,0.8539230036807026,0.0508660240895692,0.08593724019960361,0.696969696969697,0.7927153353134282,0.01704966641957005,0.03328509406657018,0.7922239502332815,0.1491538016383883,5071,1326,10,23
common_strict,Cavia porcellus,all,17,PCBert-Kla,0.5,6430,33,6397,0.6466288648561589,0.007937818232296324,-0.00893534610583807,0.0,0.9846803188994842,0.0,0.0,0.9796267496111976,0.018225034625250554,6299,98,33,0
common_strict,Cavia porcellus,all,18,DeepKla,0.5,6430,33,6397,0.6146489121321074,0.010057591287422625,0.018364030440842546,0.42424242424242425,0.6942316710958262,0.007106598984771574,0.01397903145282077,0.692846034214619,0.1994616817400041,4441,1956,19,14
common_strict,Cavia porcellus,all,18,Auto-Kla,0.5,6430,33,6397,0.7680636283106191,0.018212713672119178,0.07163558101414969,0.5151515151515151,0.847272158824449,0.01710261569416499,0.03310613437195716,0.8455676516329704,0.13593475445024383,5420,977,16,17
common_strict,Cavia porcellus,all,18,HybridKla,0.5,6430,33,6397,0.8539230036807026,0.0508660240895692,0.08593724019960361,0.696969696969697,0.7927153353134282,0.01704966641957005,0.03328509406657018,0.7922239502332815,0.1491538016383883,5071,1326,10,23
common_strict,Cavia porcellus,all,18,PCBert-Kla,0.5,6430,33,6397,0.6466288648561589,0.007937818232296324,-0.00893534610583807,0.0,0.9846803188994842,0.0,0.0,0.9796267496111976,0.018225034625250554,6299,98,33,0
common_strict,Cavia porcellus,all,19,DeepKla,0.5,6430,33,6397,0.6146489121321074,0.010057591287422625,0.018364030440842546,0.42424242424242425,0.6942316710958262,0.007106598984771574,0.01397903145282077,0.692846034214619,0.1994616817400041,4441,1956,19,14
common_strict,Cavia porcellus,all,19,Auto-Kla,0.5,6430,33,6397,0.7680636283106191,0.018212713672119178,0.07163558101414969,0.5151515151515151,0.847272158824449,0.01710261569416499,0.03310613437195716,0.8455676516329704,0.13593475445024383,5420,977,16,17
common_strict,Cavia porcellus,all,19,HybridKla,0.5,6430,33,6397,0.8539230036807026,0.0508660240895692,0.08593724019960361,0.696969696969697,0.7927153353134282,0.01704966641957005,0.03328509406657018,0.7922239502332815,0.1491538016383883,5071,1326,10,23
common_strict,Cavia porcellus,all,19,PCBert-Kla,0.5,6430,33,6397,0.6466288648561589,0.007937818232296324,-0.00893534610583807,0.0,0.9846803188994842,0.0,0.0,0.9796267496111976,0.018225034625250554,6299,98,33,0
common_strict,Cavia porcellus,all,20,DeepKla,0.5,6430,33,6397,0.6146489121321074,0.010057591287422625,0.018364030440842546,0.42424242424242425,0.6942316710958262,0.007106598984771574,0.01397903145282077,0.692846034214619,0.1994616817400041,4441,1956,19,14
common_strict,Cavia porcellus,all,20,Auto-Kla,0.5,6430,33,6397,0.7680636283106191,0.018212713672119178,0.07163558101414969,0.5151515151515151,0.847272158824449,0.01710261569416499,0.03310613437195716,0.8455676516329704,0.13593475445024383,5420,977,16,17
common_strict,Cavia porcellus,all,20,HybridKla,0.5,6430,33,6397,0.8539230036807026,0.0508660240895692,0.08593724019960361,0.696969696969697,0.7927153353134282,0.01704966641957005,0.03328509406657018,0.7922239502332815,0.1491538016383883,5071,1326,10,23
common_strict,Cavia porcellus,all,20,PCBert-Kla,0.5,6430,33,6397,0.6466288648561589,0.007937818232296324,-0.00893534610583807,0.0,0.9846803188994842,0.0,0.0,0.9796267496111976,0.018225034625250554,6299,98,33,0
common_strict,Cavia porcellus,all,21,DeepKla,0.5,6430,33,6397,0.6146489121321074,0.010057591287422625,0.018364030440842546,0.42424242424242425,0.6942316710958262,0.007106598984771574,0.01397903145282077,0.692846034214619,0.1994616817400041,4441,1956,19,14
common_strict,Cavia porcellus,all,21,Auto-Kla,0.5,6430,33,6397,0.7680636283106191,0.018212713672119178,0.07163558101414969,0.5151515151515151,0.847272158824449,0.01710261569416499,0.03310613437195716,0.8455676516329704,0.13593475445024383,5420,977,16,17
common_strict,Cavia porcellus,all,21,HybridKla,0.5,6430,33,6397,0.8539230036807026,0.0508660240895692,0.08593724019960361,0.696969696969697,0.7927153353134282,0.01704966641957005,0.03328509406657018,0.7922239502332815,0.1491538016383883,5071,1326,10,23
common_strict,Cavia porcellus,all,21,PCBert-Kla,0.5,6430,33,6397,0.6466288648561589,0.007937818232296324,-0.00893534610583807,0.0,0.9846803188994842,0.0,0.0,0.9796267496111976,0.018225034625250554,6299,98,33,0
common_strict,Cavia porcellus,all,22,DeepKla,0.5,6430,33,6397,0.6146489121321074,0.010057591287422625,0.018364030440842546,0.42424242424242425,0.6942316710958262,0.007106598984771574,0.01397903145282077,0.692846034214619,0.1994616817400041,4441,1956,19,14
common_strict,Cavia porcellus,all,22,Auto-Kla,0.5,6430,33,6397,0.7680636283106191,0.018212713672119178,0.07163558101414969,0.5151515151515151,0.847272158824449,0.01710261569416499,0.03310613437195716,0.8455676516329704,0.13593475445024383,5420,977,16,17
common_strict,Cavia porcellus,all,22,HybridKla,0.5,6430,33,6397,0.8539230036807026,0.0508660240895692,0.08593724019960361,0.696969696969697,0.7927153353134282,0.01704966641957005,0.03328509406657018,0.7922239502332815,0.1491538016383883,5071,1326,10,23
common_strict,Cavia porcellus,all,22,PCBert-Kla,0.5,6430,33,6397,0.6466288648561589,0.007937818232296324,-0.00893534610583807,0.0,0.9846803188994842,0.0,0.0,0.9796267496111976,0.018225034625250554,6299,98,33,0
common_strict,Cavia porcellus,all,23,DeepKla,0.5,6430,33,6397,0.6146489121321074,0.010057591287422625,0.018364030440842546,0.42424242424242425,0.6942316710958262,0.007106598984771574,0.01397903145282077,0.692846034214619,0.1994616817400041,4441,1956,19,14
common_strict,Cavia porcellus,all,23,Auto-Kla,0.5,6430,33,6397,0.7680636283106191,0.018212713672119178,0.07163558101414969,0.5151515151515151,0.847272158824449,0.01710261569416499,0.03310613437195716,0.8455676516329704,0.13593475445024383,5420,977,16,17
common_strict,Cavia porcellus,all,23,HybridKla,0.5,6430,33,6397,0.8539230036807026,0.0508660240895692,0.08593724019960361,0.696969696969697,0.7927153353134282,0.01704966641957005,0.03328509406657018,0.7922239502332815,0.1491538016383883,5071,1326,10,23
common_strict,Cavia porcellus,all,23,PCBert-Kla,0.5,6430,33,6397,0.6466288648561589,0.007937818232296324,-0.00893534610583807,0.0,0.9846803188994842,0.0,0.0,0.9796267496111976,0.018225034625250554,6299,98,33,0
common_strict,Cavia porcellus,all,24,DeepKla,0.5,6430,33,6397,0.6146489121321074,0.010057591287422625,0.018364030440842546,0.42424242424242425,0.6942316710958262,0.007106598984771574,0.01397903145282077,0.692846034214619,0.1994616817400041,4441,1956,19,14
common_strict,Cavia porcellus,all,24,Auto-Kla,0.5,6430,33,6397,0.7680636283106191,0.018212713672119178,0.07163558101414969,0.5151515151515151,0.847272158824449,0.01710261569416499,0.03310613437195716,0.8455676516329704,0.13593475445024383,5420,977,16,17
common_strict,Cavia porcellus,all,24,HybridKla,0.5,6430,33,6397,0.8539230036807026,0.0508660240895692,0.08593724019960361,0.696969696969697,0.7927153353134282,0.01704966641957005,0.03328509406657018,0.7922239502332815,0.1491538016383883,5071,1326,10,23
common_strict,Cavia porcellus,all,24,PCBert-Kla,0.5,6430,33,6397,0.6466288648561589,0.007937818232296324,-0.00893534610583807,0.0,0.9846803188994842,0.0,0.0,0.9796267496111976,0.018225034625250554,6299,98,33,0
common_strict,Cavia porcellus,all,25,DeepKla,0.5,6430,33,6397,0.6146489121321074,0.010057591287422625,0.018364030440842546,0.42424242424242425,0.6942316710958262,0.007106598984771574,0.01397903145282077,0.692846034214619,0.1994616817400041,4441,1956,19,14
common_strict,Cavia porcellus,all,25,Auto-Kla,0.5,6430,33,6397,0.7680636283106191,0.018212713672119178,0.07163558101414969,0.5151515151515151,0.847272158824449,0.01710261569416499,0.03310613437195716,0.8455676516329704,0.13593475445024383,5420,977,16,17
common_strict,Cavia porcellus,all,25,HybridKla,0.5,6430,33,6397,0.8539230036807026,0.0508660240895692,0.08593724019960361,0.696969696969697,0.7927153353134282,0.01704966641957005,0.03328509406657018,0.7922239502332815,0.1491538016383883,5071,1326,10,23
common_strict,Cavia porcellus,all,25,PCBert-Kla,0.5,6430,33,6397,0.6466288648561589,0.007937818232296324,-0.00893534610583807,0.0,0.9846803188994842,0.0,0.0,0.9796267496111976,0.018225034625250554,6299,98,33,0
common_strict,Cavia porcellus,all,26,DeepKla,0.5,6430,33,6397,0.6146489121321074,0.010057591287422625,0.018364030440842546,0.42424242424242425,0.6942316710958262,0.007106598984771574,0.01397903145282077,0.692846034214619,0.1994616817400041,4441,1956,19,14
common_strict,Cavia porcellus,all,26,Auto-Kla,0.5,6430,33,6397,0.7680636283106191,0.018212713672119178,0.07163558101414969,0.5151515151515151,0.847272158824449,0.01710261569416499,0.03310613437195716,0.8455676516329704,0.13593475445024383,5420,977,16,17
common_strict,Cavia porcellus,all,26,HybridKla,0.5,6430,33,6397,0.8539230036807026,0.0508660240895692,0.08593724019960361,0.696969696969697,0.7927153353134282,0.01704966641957005,0.03328509406657018,0.7922239502332815,0.1491538016383883,5071,1326,10,23
common_strict,Cavia porcellus,all,26,PCBert-Kla,0.5,6430,33,6397,0.6466288648561589,0.007937818232296324,-0.00893534610583807,0.0,0.9846803188994842,0.0,0.0,0.9796267496111976,0.018225034625250554,6299,98,33,0
common_strict,Cavia porcellus,all,27,DeepKla,0.5,6430,33,6397,0.6146489121321074,0.010057591287422625,0.018364030440842546,0.42424242424242425,0.6942316710958262,0.007106598984771574,0.01397903145282077,0.692846034214619,0.1994616817400041,4441,1956,19,14
common_strict,Cavia porcellus,all,27,Auto-Kla,0.5,6430,33,6397,0.7680636283106191,0.018212713672119178,0.07163558101414969,0.5151515151515151,0.847272158824449,0.01710261569416499,0.03310613437195716,0.8455676516329704,0.13593475445024383,5420,977,16,17
common_strict,Cavia porcellus,all,27,HybridKla,0.5,6430,33,6397,0.8539230036807026,0.0508660240895692,0.08593724019960361,0.696969696969697,0.7927153353134282,0.01704966641957005,0.03328509406657018,0.7922239502332815,0.1491538016383883,5071,1326,10,23
common_strict,Cavia porcellus,all,27,PCBert-Kla,0.5,6430,33,6397,0.6466288648561589,0.007937818232296324,-0.00893534610583807,0.0,0.9846803188994842,0.0,0.0,0.9796267496111976,0.018225034625250554,6299,98,33,0
common_strict,Cavia porcellus,all,28,DeepKla,0.5,6430,33,6397,0.6146489121321074,0.010057591287422625,0.018364030440842546,0.42424242424242425,0.6942316710958262,0.007106598984771574,0.01397903145282077,0.692846034214619,0.1994616817400041,4441,1956,19,14
common_strict,Cavia porcellus,all,28,Auto-Kla,0.5,6430,33,6397,0.7680636283106191,0.018212713672119178,0.07163558101414969,0.5151515151515151,0.847272158824449,0.01710261569416499,0.03310613437195716,0.8455676516329704,0.13593475445024383,5420,977,16,17
common_strict,Cavia porcellus,all,28,HybridKla,0.5,6430,33,6397,0.8539230036807026,0.0508660240895692,0.08593724019960361,0.696969696969697,0.7927153353134282,0.01704966641957005,0.03328509406657018,0.7922239502332815,0.1491538016383883,5071,1326,10,23
common_strict,Cavia porcellus,all,28,PCBert-Kla,0.5,6430,33,6397,0.6466288648561589,0.007937818232296324,-0.00893534610583807,0.0,0.9846803188994842,0.0,0.0,0.9796267496111976,0.018225034625250554,6299,98,33,0
common_strict,Cavia porcellus,all,29,DeepKla,0.5,6430,33,6397,0.6146489121321074,0.010057591287422625,0.018364030440842546,0.42424242424242425,0.6942316710958262,0.007106598984771574,0.01397903145282077,0.692846034214619,0.1994616817400041,4441,1956,19,14
common_strict,Cavia porcellus,all,29,Auto-Kla,0.5,6430,33,6397,0.7680636283106191,0.018212713672119178,0.07163558101414969,0.5151515151515151,0.847272158824449,0.01710261569416499,0.03310613437195716,0.8455676516329704,0.13593475445024383,5420,977,16,17
common_strict,Cavia porcellus,all,29,HybridKla,0.5,6430,33,6397,0.8539230036807026,0.0508660240895692,0.08593724019960361,0.696969696969697,0.7927153353134282,0.01704966641957005,0.03328509406657018,0.7922239502332815,0.1491538016383883,5071,1326,10,23
common_strict,Cavia porcellus,all,29,PCBert-Kla,0.5,6430,33,6397,0.6466288648561589,0.007937818232296324,-0.00893534610583807,0.0,0.9846803188994842,0.0,0.0,0.9796267496111976,0.018225034625250554,6299,98,33,0
common_strict,Glycine max,1,0,DeepKla,0.5,154,77,77,0.5530443582391634,0.5325730721643,0.0,0.36363636363636365,0.6363636363636364,0.5,0.4210526315789474,0.5,0.26509574357400817,49,28,49,28
common_strict,Glycine max,1,0,Auto-Kla,0.5,154,77,77,0.6721200877045033,0.6051992494352271,0.15061880828219448,0.3116883116883117,0.8181818181818182,0.631578947368421,0.41739130434782606,0.564935064935065,0.411730243064981,63,14,53,24
common_strict,Glycine max,1,0,HybridKla,0.5,154,77,77,0.7569573283858998,0.7685036588448269,0.44078431434795945,0.5974025974025974,0.8311688311688312,0.7796610169491526,0.676470588235294,0.7142857142857143,0.22534951600374126,64,13,31,46
common_strict,Glycine max,1,0,PCBert-Kla,0.5,154,77,77,0.46635182998819363,0.47769395525859043,0.0,0.0,1.0,0.0,0.0,0.5,0.49741542348172546,77,0,77,0
common_strict,Glycine max,1,1,DeepKla,0.5,154,77,77,0.5609714960364311,0.5659605905336964,-0.026802813370944874,0.36363636363636365,0.6103896103896104,0.4827586206896552,0.4148148148148148,0.487012987012987,0.260579527538804,47,30,49,28
common_strict,Glycine max,1,1,Auto-Kla,0.5,154,77,77,0.6470737055152639,0.6057105664571052,0.18411492357966466,0.3116883116883117,0.8441558441558441,0.6666666666666666,0.4247787610619469,0.577922077922078,0.398690832402903,65,12,53,24
common_strict,Glycine max,1,1,HybridKla,0.5,154,77,77,0.6933715635014336,0.6964955414207633,0.32744848167140833,0.5974025974025974,0.7272727272727273,0.6865671641791045,0.638888888888889,0.6623376623376623,0.26778367819744087,56,21,31,46
common_strict,Glycine max,1,1,PCBert-Kla,0.5,154,77,77,0.49181986844324505,0.5054895249378945,-0.08084520834544431,0.0,0.987012987012987,0.0,0.0,0.4935064935064935,0.5000500514106001,76,1,77,0
common_strict,Glycine max,1,2,DeepKla,0.5,154,77,77,0.55675493337831,0.5487171644242959,0.02721655269759087,0.36363636363636365,0.6623376623376623,0.5185185185185185,0.42748091603053434,0.512987012987013,0.2628747014196737,51,26,49,28
common_strict,Glycine max,1,2,Auto-Kla,0.5,154,77,77,0.6752403440715129,0.6310707141532808,0.18411492357966466,0.3116883116883117,0.8441558441558441,0.6666666666666666,0.4247787610619469,0.577922077922078,0.39130857368258765,65,12,53,24
common_strict,Glycine max,1,2,HybridKla,0.5,154,77,77,0.7142857142857142,0.7259355196094638,0.3411615227029607,0.5974025974025974,0.7402597402597403,0.696969696969697,0.6433566433566433,0.6688311688311688,0.2506822471500922,57,20,31,46
common_strict,Glycine max,1,2,PCBert-Kla,0.5,154,77,77,0.42739079102715466,0.43969736178898944,-0.14095229572048187,0.0,0.961038961038961,0.0,0.0,0.4805194805194805,0.5113555289570293,74,3,77,0
common_strict,Glycine max,1,3,DeepKla,0.5,154,77,77,0.6368696238826109,0.5977177342088253,0.12691170877981514,0.36363636363636365,0.7532467532467533,0.5957446808510638,0.4516129032258065,0.5584415584415584,0.24668741321012805,58,19,49,28
common_strict,Glycine max,1,3,Auto-Kla,0.5,154,77,77,0.6587957497048407,0.6085135172391829,0.2014354251173236,0.3116883116883117,0.8571428571428571,0.6857142857142857,0.42857142857142855,0.5844155844155844,0.3979326238083258,66,11,53,24
common_strict,Glycine max,1,3,HybridKla,0.5,154,77,77,0.7389104402091414,0.7816939211545055,0.3549867004216238,0.5974025974025974,0.7532467532467533,0.7076923076923077,0.6478873239436619,0.6753246753246753,0.24273875280946366,58,19,31,46
common_strict,Glycine max,1,3,PCBert-Kla,0.5,154,77,77,0.5022769438353853,0.506337041618463,0.0,0.0,1.0,0.0,0.0,0.5,0.49740961150496527,77,0,77,0
common_strict,Glycine max,1,4,DeepKla,0.5,154,77,77,0.5759824590993421,0.5472446792383318,0.04100366087914892,0.36363636363636365,0.6753246753246753,0.5283018867924528,0.43076923076923074,0.5194805194805194,0.26051391743159164,52,25,49,28
common_strict,Glycine max,1,4,Auto-Kla,0.5,154,77,77,0.6651205936920224,0.605878139833086,0.15061880828219448,0.3116883116883117,0.8181818181818182,0.631578947368421,0.41739130434782606,0.564935064935065,0.40665035021367363,63,14,53,24
common_strict,Glycine max,1,4,HybridKla,0.5,154,77,77,0.7038286388935738,0.7082745393758172,0.31383946857956485,0.5974025974025974,0.7142857142857143,0.6764705882352942,0.6344827586206896,0.6558441558441559,0.2664582720223125,55,22,31,46
common_strict,Glycine max,1,4,PCBert-Kla,0.5,154,77,77,0.4727610052285377,0.48040337325065235,0.0,0.0,1.0,0.0,0.0,0.5,0.49746017775466794,77,0,77,0
common_strict,Glycine max,1,5,DeepKla,0.5,154,77,77,0.5245403946702649,0.5301092366970347,-0.013448588493413856,0.36363636363636365,0.6233766233766234,0.49122807017543857,0.417910447761194,0.4935064935064935,0.2710950178541798,48,29,49,28
common_strict,Glycine max,1,5,Auto-Kla,0.5,154,77,77,0.7079608702985325,0.6546686841023173,0.18411492357966466,0.3116883116883117,0.8441558441558441,0.6666666666666666,0.4247787610619469,0.577922077922078,0.3973466858911606,65,12,53,24
common_strict,Glycine max,1,5,HybridKla,0.5,154,77,77,0.6948895260583572,0.6784538534887823,0.30032661958503204,0.5974025974025974,0.7012987012987013,0.6666666666666666,0.6301369863013698,0.6493506493506493,0.277707369223597,54,23,31,46
common_strict,Glycine max,1,5,PCBert-Kla,0.5,154,77,77,0.4995783437341879,0.5103622989219442,-0.08084520834544431,0.0,0.987012987012987,0.0,0.0,0.4935064935064935,0.5038461281336236,76,1,77,0
common_strict,Glycine max,1,6,DeepKla,0.5,154,77,77,0.5842469219092595,0.5641238523178156,0.04100366087914892,0.36363636363636365,0.6753246753246753,0.5283018867924528,0.43076923076923074,0.5194805194805194,0.2574058101111079,52,25,49,28
common_strict,Glycine max,1,6,Auto-Kla,0.5,154,77,77,0.701045707539214,0.6892500195800458,0.23737862175776975,0.3116883116883117,0.8831168831168831,0.7272727272727273,0.4363636363636364,0.5974025974025974,0.3778490352726285,68,9,53,24
common_strict,Glycine max,1,6,HybridKla,0.5,154,77,77,0.7284533648170012,0.7206209373883214,0.3549867004216238,0.5974025974025974,0.7532467532467533,0.7076923076923077,0.6478873239436619,0.6753246753246753,0.2530217804588599,58,19,31,46
common_strict,Glycine max,1,6,PCBert-Kla,0.5,154,77,77,0.45184685444425704,0.46172194614947903,-0.11470786693528089,0.0,0.974025974025974,0.0,0.0,0.487012987012987,0.5088396084064429,75,2,77,0
common_strict,Glycine max,1,7,DeepKla,0.5,154,77,77,0.6176420981615787,0.6186329300093749,0.11215443081840885,0.36363636363636365,0.7402597402597403,0.5833333333333334,0.448,0.551948051948052,0.2478048059883811,57,20,49,28
common_strict,Glycine max,1,7,Auto-Kla,0.5,154,77,77,0.6383032551863721,0.5829424785265485,0.15061880828219448,0.3116883116883117,0.8181818181818182,0.631578947368421,0.41739130434782606,0.564935064935065,0.4152537438898214,63,14,53,24
common_strict,Glycine max,1,7,HybridKla,0.5,154,77,77,0.6746500252993759,0.6774380516750916,0.2602896031476768,0.5974025974025974,0.6623376623376623,0.6388888888888888,0.6174496644295301,0.6298701298701299,0.2872485884171954,51,26,31,46
common_strict,Glycine max,1,7,PCBert-Kla,0.5,154,77,77,0.46702648001349306,0.4823603037161447,-0.08084520834544431,0.0,0.987012987012987,0.0,0.0,0.4935064935064935,0.5018222785190721,76,1,77,0
common_strict,Glycine max,1,8,DeepKla,0.5,154,77,77,0.5854275594535334,0.5696387976175572,0.06898684822115773,0.36363636363636365,0.7012987012987013,0.5490196078431373,0.43750000000000006,0.5324675324675324,0.25622362345141325,54,23,49,28
common_strict,Glycine max,1,8,Auto-Kla,0.5,154,77,77,0.681649519311857,0.613509468031935,0.16718560928210285,0.3116883116883117,0.8311688311688312,0.6486486486486487,0.4210526315789474,0.5714285714285714,0.4085319801213886,64,13,53,24
common_strict,Glycine max,1,8,HybridKla,0.5,154,77,77,0.7046719514251982,0.7088590266777242,0.3411615227029607,0.5974025974025974,0.7402597402597403,0.696969696969697,0.6433566433566433,0.6688311688311688,0.26239666641715886,57,20,31,46
common_strict,Glycine max,1,8,PCBert-Kla,0.5,154,77,77,0.4402091415078428,0.4517216675212216,-0.14095229572048187,0.0,0.961038961038961,0.0,0.0,0.4805194805194805,0.5160842873292224,74,3,77,0
common_strict,Glycine max,1,9,DeepKla,0.5,154,77,77,0.618485410693203,0.5881898227412632,0.054923503638108974,0.36363636363636365,0.6883116883116883,0.5384615384615384,0.43410852713178294,0.525974025974026,0.2493032967552017,53,24,49,28
common_strict,Glycine max,1,9,Auto-Kla,0.5,154,77,77,0.7157193455894755,0.7013603884128339,0.2753059000067871,0.3116883116883117,0.9090909090909091,0.7741935483870968,0.4444444444444445,0.6103896103896104,0.3728900027725461,70,7,53,24
common_strict,Glycine max,1,9,HybridKla,0.5,154,77,77,0.7485242030696576,0.7814148590174067,0.32744848167140833,0.5974025974025974,0.7272727272727273,0.6865671641791045,0.638888888888889,0.6623376623376623,0.24371259718254393,56,21,31,46
common_strict,Glycine max,1,9,PCBert-Kla,0.5,154,77,77,0.5279136447967617,0.5386806308060343,0.0,0.0,1.0,0.0,0.0,0.5,0.49743498467720976,77,0,77,0
common_strict,Glycine max,1,10,DeepKla,0.5,154,77,77,0.6174734356552538,0.6397715691678865,0.11215443081840885,0.36363636363636365,0.7402597402597403,0.5833333333333334,0.448,0.551948051948052,0.24530354288668127,57,20,49,28
common_strict,Glycine max,1,10,Auto-Kla,0.5,154,77,77,0.6775172879068984,0.6527801089009894,0.2014354251173236,0.3116883116883117,0.8571428571428571,0.6857142857142857,0.42857142857142855,0.5844155844155844,0.3935528150289308,66,11,53,24
common_strict,Glycine max,1,10,HybridKla,0.5,154,77,77,0.7303086523865744,0.763125218528115,0.31383946857956485,0.5974025974025974,0.7142857142857143,0.6764705882352942,0.6344827586206896,0.6558441558441559,0.26179256449826266,55,22,31,46
common_strict,Glycine max,1,10,PCBert-Kla,0.5,154,77,77,0.49063923089897116,0.4895174582674058,-0.08084520834544431,0.0,0.987012987012987,0.0,0.0,0.4935064935064935,0.5037467778610456,76,1,77,0
common_strict,Glycine max,1,11,DeepKla,0.5,154,77,77,0.5257210322145387,0.5151642057943128,-0.05326236412913075,0.36363636363636365,0.5844155844155844,0.4666666666666667,0.40875912408759124,0.474025974025974,0.271302159897103,45,32,49,28
common_strict,Glycine max,1,11,Auto-Kla,0.5,154,77,77,0.6616630123123629,0.6290964144432755,0.16718560928210285,0.3116883116883117,0.8311688311688312,0.6486486486486487,0.4210526315789474,0.5714285714285714,0.401904269989754,64,13,53,24
common_strict,Glycine max,1,11,HybridKla,0.5,154,77,77,0.6628436498566369,0.6659527775198537,0.18183351671314588,0.5974025974025974,0.5844155844155844,0.5897435897435898,0.5935483870967742,0.5909090909090909,0.3000498332739893,45,32,31,46
common_strict,Glycine max,1,11,PCBert-Kla,0.5,154,77,77,0.46584584246921906,0.47493906201141606,0.0,0.0,1.0,0.0,0.0,0.5,0.4979242764713824,77,0,77,0
common_strict,Glycine max,1,12,DeepKla,0.5,154,77,77,0.546972508011469,0.5532443182370943,-0.026802813370944874,0.36363636363636365,0.6103896103896104,0.4827586206896552,0.4148148148148148,0.487012987012987,0.2640670397604337,47,30,49,28
common_strict,Glycine max,1,12,Auto-Kla,0.5,154,77,77,0.6722887502108281,0.6377530457568216,0.23737862175776975,0.3116883116883117,0.8831168831168831,0.7272727272727273,0.4363636363636364,0.5974025974025974,0.38486375939628026,68,9,53,24
common_strict,Glycine max,1,12,HybridKla,0.5,154,77,77,0.6766739753752741,0.7142636144004575,0.23394386020951635,0.5974025974025974,0.6363636363636364,0.6216216216216216,0.6092715231788081,0.6168831168831169,0.29531988836459316,49,28,31,46
common_strict,Glycine max,1,12,PCBert-Kla,0.5,154,77,77,0.4992410187215382,0.49666661220676145,-0.11470786693528089,0.0,0.974025974025974,0.0,0.0,0.487012987012987,0.5101061860626199,75,2,77,0
common_strict,Glycine max,1,13,DeepKla,0.5,154,77,77,0.6245572609208974,0.6012933794291102,0.12691170877981514,0.36363636363636365,0.7532467532467533,0.5957446808510638,0.4516129032258065,0.5584415584415584,0.24693142655046868,58,19,49,28
common_strict,Glycine max,1,13,Auto-Kla,0.5,154,77,77,0.6386405801990218,0.6149532804793166,0.10284114183180786,0.3116883116883117,0.7792207792207793,0.5853658536585366,0.4067796610169491,0.5454545454545454,0.4214207571762272,60,17,53,24
common_strict,Glycine max,1,13,HybridKla,0.5,154,77,77,0.7227188396019565,0.7119428959583113,0.2735590420100705,0.5974025974025974,0.6753246753246753,0.647887323943662,0.6216216216216216,0.6363636363636364,0.2743242812108369,52,25,31,46
common_strict,Glycine max,1,13,PCBert-Kla,0.5,154,77,77,0.4545454545454546,0.46941371041893265,-0.08084520834544431,0.0,0.987012987012987,0.0,0.0,0.4935064935064935,0.5029846312921542,76,1,77,0
common_strict,Glycine max,1,14,DeepKla,0.5,154,77,77,0.536178107606679,0.5463782061306864,0.09759000729485331,0.36363636363636365,0.7272727272727273,0.5714285714285714,0.4444444444444444,0.5454545454545454,0.26595220019089527,56,21,49,28
common_strict,Glycine max,1,14,Auto-Kla,0.5,154,77,77,0.6547478495530443,0.66096427528608,0.2753059000067871,0.3116883116883117,0.9090909090909091,0.7741935483870968,0.4444444444444445,0.6103896103896104,0.37203003865040113,70,7,53,24
common_strict,Glycine max,1,14,HybridKla,0.5,154,77,77,0.71344240175409,0.755613475770598,0.31383946857956485,0.5974025974025974,0.7142857142857143,0.6764705882352942,0.6344827586206896,0.6558441558441559,0.26245310051325405,55,22,31,46
common_strict,Glycine max,1,14,PCBert-Kla,0.5,154,77,77,0.43211334120425027,0.446483100810784,-0.14095229572048187,0.0,0.961038961038961,0.0,0.0,0.4805194805194805,0.5126328464904357,74,3,77,0
common_strict,Glycine max,1,15,DeepKla,0.5,154,77,77,0.6100522853769607,0.5999507082739862,0.08320502943378436,0.36363636363636365,0.7142857142857143,0.56,0.44094488188976383,0.538961038961039,0.25010492197910006,55,22,49,28
common_strict,Glycine max,1,15,Auto-Kla,0.5,154,77,77,0.6682408500590318,0.636124317654736,0.16718560928210285,0.3116883116883117,0.8311688311688312,0.6486486486486487,0.4210526315789474,0.5714285714285714,0.41408895067742113,64,13,53,24
common_strict,Glycine max,1,15,HybridKla,0.5,154,77,77,0.7131050767414404,0.744121913452757,0.30032661958503204,0.5974025974025974,0.7012987012987013,0.6666666666666666,0.6301369863013698,0.6493506493506493,0.27116732056947224,54,23,31,46
common_strict,Glycine max,1,15,PCBert-Kla,0.5,154,77,77,0.4963737561140158,0.4909358382262997,0.0,0.0,1.0,0.0,0.0,0.5,0.4980367639613109,77,0,77,0
common_strict,Glycine max,1,16,DeepKla,0.5,154,77,77,0.5633327711249789,0.5280223857138625,0.04100366087914892,0.36363636363636365,0.6753246753246753,0.5283018867924528,0.43076923076923074,0.5194805194805194,0.2647939857012391,52,25,49,28
common_strict,Glycine max,1,16,Auto-Kla,0.5,154,77,77,0.7057682577163097,0.6541023245863876,0.2014354251173236,0.3116883116883117,0.8571428571428571,0.6857142857142857,0.42857142857142855,0.5844155844155844,0.3895123913098798,66,11,53,24
common_strict,Glycine max,1,16,HybridKla,0.5,154,77,77,0.7051779389441728,0.6784924850394234,0.28690229202651557,0.5974025974025974,0.6883116883116883,0.6571428571428571,0.6258503401360545,0.6428571428571429,0.2738816050985575,53,24,31,46
common_strict,Glycine max,1,16,PCBert-Kla,0.5,154,77,77,0.5108787316579524,0.49779020798849327,-0.08084520834544431,0.0,0.987012987012987,0.0,0.0,0.4935064935064935,0.5047815807335684,76,1,77,0
common_strict,Glycine max,1,17,DeepKla,0.5,154,77,77,0.5548996458087366,0.5446067109336592,0.054923503638108974,0.36363636363636365,0.6883116883116883,0.5384615384615384,0.43410852713178294,0.525974025974026,0.26366874380896255,53,24,49,28
common_strict,Glycine max,1,17,Auto-Kla,0.5,154,77,77,0.6312194299207287,0.6128037133720107,0.2014354251173236,0.3116883116883117,0.8571428571428571,0.6857142857142857,0.42857142857142855,0.5844155844155844,0.3976203643456006,66,11,53,24
common_strict,Glycine max,1,17,HybridKla,0.5,154,77,77,0.6756620003373249,0.6863390097024047,0.2208537328369545,0.5974025974025974,0.6233766233766234,0.6133333333333333,0.6052631578947367,0.6103896103896104,0.2889063638894809,48,29,31,46
common_strict,Glycine max,1,17,PCBert-Kla,0.5,154,77,77,0.41963231573621185,0.44067536525922163,-0.08084520834544431,0.0,0.987012987012987,0.0,0.0,0.4935064935064935,0.5037697987351156,76,1,77,0
common_strict,Glycine max,1,18,DeepKla,0.5,154,77,77,0.538370720188902,0.5430454175186412,-0.013448588493413856,0.36363636363636365,0.6233766233766234,0.49122807017543857,0.417910447761194,0.4935064935064935,0.2668676979276106,48,29,49,28
common_strict,Glycine max,1,18,Auto-Kla,0.5,154,77,77,0.6932029009951088,0.6513811468822304,0.2014354251173236,0.3116883116883117,0.8571428571428571,0.6857142857142857,0.42857142857142855,0.5844155844155844,0.3914959598091103,66,11,53,24
common_strict,Glycine max,1,18,HybridKla,0.5,154,77,77,0.6925282509698094,0.68285631933278,0.30032661958503204,0.5974025974025974,0.7012987012987013,0.6666666666666666,0.6301369863013698,0.6493506493506493,0.27379848122260847,54,23,31,46
common_strict,Glycine max,1,18,PCBert-Kla,0.5,154,77,77,0.5213358070500927,0.5065318693016257,-0.11470786693528089,0.0,0.974025974025974,0.0,0.0,0.487012987012987,0.5102345794304601,75,2,77,0
common_strict,Glycine max,1,19,DeepKla,0.5,154,77,77,0.5522010457075393,0.539589942131958,0.0,0.36363636363636365,0.6363636363636364,0.5,0.4210526315789474,0.5,0.26357465450787665,49,28,49,28
common_strict,Glycine max,1,19,Auto-Kla,0.5,154,77,77,0.671276775172879,0.6383708993470226,0.15061880828219448,0.3116883116883117,0.8181818181818182,0.631578947368421,0.41739130434782606,0.564935064935065,0.40780437865503977,63,14,53,24
common_strict,Glycine max,1,19,HybridKla,0.5,154,77,77,0.7247427896778547,0.7703620976753118,0.3549867004216238,0.5974025974025974,0.7532467532467533,0.7076923076923077,0.6478873239436619,0.6753246753246753,0.2538657033945084,58,19,31,46
common_strict,Glycine max,1,19,PCBert-Kla,0.5,154,77,77,0.4698937426210153,0.47808611597545353,-0.08084520834544431,0.0,0.987012987012987,0.0,0.0,0.4935064935064935,0.5023819140911314,76,1,77,0
common_strict,Glycine max,1,20,DeepKla,0.5,154,77,77,0.6257378984651711,0.598414215358965,0.11215443081840885,0.36363636363636365,0.7402597402597403,0.5833333333333334,0.448,0.551948051948052,0.24786504367280418,57,20,49,28
common_strict,Glycine max,1,20,Auto-Kla,0.5,154,77,77,0.7195142519817845,0.6878169925048543,0.23737862175776975,0.3116883116883117,0.8831168831168831,0.7272727272727273,0.4363636363636364,0.5974025974025974,0.38252398798576315,68,9,53,24
common_strict,Glycine max,1,20,HybridKla,0.5,154,77,77,0.7009613762860516,0.7046241353230541,0.32744848167140833,0.5974025974025974,0.7272727272727273,0.6865671641791045,0.638888888888889,0.6623376623376623,0.2715166012119059,56,21,31,46
common_strict,Glycine max,1,20,PCBert-Kla,0.5,154,77,77,0.5385393826952268,0.5233088134726189,0.0,0.0,1.0,0.0,0.0,0.5,0.4974063119844968,77,0,77,0
common_strict,Glycine max,1,21,DeepKla,0.5,154,77,77,0.557935570922584,0.5492976404779499,-0.026802813370944874,0.36363636363636365,0.6103896103896104,0.4827586206896552,0.4148148148148148,0.487012987012987,0.26247024952545617,47,30,49,28
common_strict,Glycine max,1,21,Auto-Kla,0.5,154,77,77,0.5969809411367852,0.5576908838933475,0.10284114183180786,0.3116883116883117,0.7792207792207793,0.5853658536585366,0.4067796610169491,0.5454545454545454,0.4317193903948766,60,17,53,24
common_strict,Glycine max,1,21,HybridKla,0.5,154,77,77,0.6889863383369877,0.6644411662779477,0.2735590420100705,0.5974025974025974,0.6753246753246753,0.647887323943662,0.6216216216216216,0.6363636363636364,0.2844264186686979,52,25,31,46
common_strict,Glycine max,1,21,PCBert-Kla,0.5,154,77,77,0.43616124135604656,0.44879090026170454,-0.11470786693528089,0.0,0.974025974025974,0.0,0.0,0.487012987012987,0.5098571492485909,75,2,77,0
common_strict,Glycine max,1,22,DeepKla,0.5,154,77,77,0.5446112329229214,0.5618467588886186,0.0,0.36363636363636365,0.6363636363636364,0.5,0.4210526315789474,0.5,0.2639335816390637,49,28,49,28
common_strict,Glycine max,1,22,Auto-Kla,0.5,154,77,77,0.6852757631978411,0.6473978168816772,0.2014354251173236,0.3116883116883117,0.8571428571428571,0.6857142857142857,0.42857142857142855,0.5844155844155844,0.392289229609271,66,11,53,24
common_strict,Glycine max,1,22,HybridKla,0.5,154,77,77,0.7443076404115365,0.7719436503099814,0.36893239368631087,0.5974025974025974,0.7662337662337663,0.71875,0.652482269503546,0.6818181818181818,0.24729747393670987,59,18,31,46
common_strict,Glycine max,1,22,PCBert-Kla,0.5,154,77,77,0.47613425535503456,0.47351814278920223,-0.11470786693528089,0.0,0.974025974025974,0.0,0.0,0.487012987012987,0.504907008983085,75,2,77,0
common_strict,Glycine max,1,23,DeepKla,0.5,154,77,77,0.5904874346432788,0.578060472193095,0.08320502943378436,0.36363636363636365,0.7142857142857143,0.56,0.44094488188976383,0.538961038961039,0.25413849030218316,55,22,49,28
common_strict,Glycine max,1,23,Auto-Kla,0.5,154,77,77,0.7355371900826446,0.6966870320410539,0.23737862175776975,0.3116883116883117,0.8831168831168831,0.7272727272727273,0.4363636363636364,0.5974025974025974,0.37721629776124804,68,9,53,24
common_strict,Glycine max,1,23,HybridKla,0.5,154,77,77,0.7873165795243717,0.8117147663173524,0.426098913033046,0.5974025974025974,0.8181818181818182,0.7666666666666667,0.6715328467153285,0.7077922077922078,0.2192919818046035,63,14,31,46
common_strict,Glycine max,1,23,PCBert-Kla,0.5,154,77,77,0.5301062573789848,0.5406133354702324,0.0,0.0,1.0,0.0,0.0,0.5,0.4974079360551196,77,0,77,0
common_strict,Glycine max,1,24,DeepKla,0.5,154,77,77,0.5506830831506156,0.5492017552107631,0.054923503638108974,0.36363636363636365,0.6883116883116883,0.5384615384615384,0.43410852713178294,0.525974025974026,0.26215491852002193,53,24,49,28
common_strict,Glycine max,1,24,Auto-Kla,0.5,154,77,77,0.6781919379321976,0.6501528657262099,0.18411492357966466,0.3116883116883117,0.8441558441558441,0.6666666666666666,0.4247787610619469,0.577922077922078,0.39710562017175244,65,12,53,24
common_strict,Glycine max,1,24,HybridKla,0.5,154,77,77,0.7360431776016191,0.7154403916936363,0.3411615227029607,0.5974025974025974,0.7402597402597403,0.696969696969697,0.6433566433566433,0.6688311688311688,0.2536913270104402,57,20,31,46
common_strict,Glycine max,1,24,PCBert-Kla,0.5,154,77,77,0.4557260920897285,0.4710465750864756,0.0,0.0,1.0,0.0,0.0,0.5,0.49744207409888713,77,0,77,0
common_strict,Glycine max,1,25,DeepKla,0.5,154,77,77,0.5771630966436161,0.5529758108519163,0.04100366087914892,0.36363636363636365,0.6753246753246753,0.5283018867924528,0.43076923076923074,0.5194805194805194,0.25971145589204403,52,25,49,28
common_strict,Glycine max,1,25,Auto-Kla,0.5,154,77,77,0.6817338505650195,0.6496618068498677,0.18411492357966466,0.3116883116883117,0.8441558441558441,0.6666666666666666,0.4247787610619469,0.577922077922078,0.3994642920054512,65,12,53,24
common_strict,Glycine max,1,25,HybridKla,0.5,154,77,77,0.7252487771968291,0.743662305879832,0.3411615227029607,0.5974025974025974,0.7402597402597403,0.696969696969697,0.6433566433566433,0.6688311688311688,0.26362596428066504,57,20,31,46
common_strict,Glycine max,1,25,PCBert-Kla,0.5,154,77,77,0.4874346432787991,0.4814549288140463,-0.11470786693528089,0.0,0.974025974025974,0.0,0.0,0.487012987012987,0.5050436445348954,75,2,77,0
common_strict,Glycine max,1,26,DeepKla,0.5,154,77,77,0.6179794231742284,0.5985136598185391,0.11215443081840885,0.36363636363636365,0.7402597402597403,0.5833333333333334,0.448,0.551948051948052,0.24916166057073202,57,20,49,28
common_strict,Glycine max,1,26,Auto-Kla,0.5,154,77,77,0.6122448979591836,0.5753375454595274,0.042835293687811936,0.3116883116883117,0.7272727272727273,0.5333333333333333,0.39344262295081966,0.5194805194805194,0.4517534072104582,56,21,53,24
common_strict,Glycine max,1,26,HybridKla,0.5,154,77,77,0.7451509529431608,0.7750033694397701,0.36893239368631087,0.5974025974025974,0.7662337662337663,0.71875,0.652482269503546,0.6818181818181818,0.24506147745009538,59,18,31,46
common_strict,Glycine max,1,26,PCBert-Kla,0.5,154,77,77,0.4833867431270029,0.4943867460078356,0.0,0.0,1.0,0.0,0.0,0.5,0.4974079811127373,77,0,77,0
common_strict,Glycine max,1,27,DeepKla,0.5,154,77,77,0.5432619328723225,0.5372971946831424,0.04100366087914892,0.36363636363636365,0.6753246753246753,0.5283018867924528,0.43076923076923074,0.5194805194805194,0.26557902079470025,52,25,49,28
common_strict,Glycine max,1,27,Auto-Kla,0.5,154,77,77,0.7172373081463991,0.6844535920091798,0.23737862175776975,0.3116883116883117,0.8831168831168831,0.7272727272727273,0.4363636363636364,0.5974025974025974,0.37633130368645884,68,9,53,24
common_strict,Glycine max,1,27,HybridKla,0.5,154,77,77,0.7677517287906899,0.7665260397805456,0.36893239368631087,0.5974025974025974,0.7662337662337663,0.71875,0.652482269503546,0.6818181818181818,0.2340645300553175,59,18,31,46
common_strict,Glycine max,1,27,PCBert-Kla,0.5,154,77,77,0.4810254680384551,0.47880142163545786,-0.08084520834544431,0.0,0.987012987012987,0.0,0.0,0.4935064935064935,0.5028837894534625,76,1,77,0
common_strict,Glycine max,1,28,DeepKla,0.5,154,77,77,0.5554056333277112,0.5336757269235421,0.054923503638108974,0.36363636363636365,0.6883116883116883,0.5384615384615384,0.43410852713178294,0.525974025974026,0.2640447756268768,53,24,49,28
common_strict,Glycine max,1,28,Auto-Kla,0.5,154,77,77,0.605751391465677,0.5612771936810187,0.08748177652797065,0.3116883116883117,0.7662337662337663,0.5714285714285714,0.40336134453781514,0.538961038961039,0.4346167251525736,59,18,53,24
common_strict,Glycine max,1,28,HybridKla,0.5,154,77,77,0.6731320627424523,0.676007136500065,0.23394386020951635,0.5974025974025974,0.6363636363636364,0.6216216216216216,0.6092715231788081,0.6168831168831169,0.2879503063483761,49,28,31,46
common_strict,Glycine max,1,28,PCBert-Kla,0.5,154,77,77,0.4413897790521167,0.45370804948799004,-0.08084520834544431,0.0,0.987012987012987,0.0,0.0,0.4935064935064935,0.5044219236420969,76,1,77,0
common_strict,Glycine max,1,29,DeepKla,0.5,154,77,77,0.5982459099342216,0.5922706660859574,0.08320502943378436,0.36363636363636365,0.7142857142857143,0.56,0.44094488188976383,0.538961038961039,0.25246272753539845,55,22,49,28
common_strict,Glycine max,1,29,Auto-Kla,0.5,154,77,77,0.6647832686793725,0.6046551542695716,0.13438824602209942,0.3116883116883117,0.8051948051948052,0.6153846153846154,0.41379310344827586,0.5584415584415584,0.41794568934326864,62,15,53,24
common_strict,Glycine max,1,29,HybridKla,0.5,154,77,77,0.7348625400573452,0.7213309000340775,0.4115809848666786,0.5974025974025974,0.8051948051948052,0.7540983606557377,0.6666666666666666,0.7012987012987013,0.24169687570716084,62,15,31,46
common_strict,Glycine max,1,29,PCBert-Kla,0.5,154,77,77,0.48726598077247424,0.4775478295816056,-0.11470786693528089,0.0,0.974025974025974,0.0,0.0,0.487012987012987,0.5088468330779439,75,2,77,0
common_strict,Glycine max,5,0,DeepKla,0.5,462,77,385,0.5562489458593355,0.1927220901046498,0.020405613785198905,0.36363636363636365,0.6623376623376623,0.17721518987341772,0.23829787234042557,0.6125541125541125,0.22913718292905771,255,130,49,28
common_strict,Glycine max,5,0,Auto-Kla,0.5,462,77,385,0.6884634845673807,0.26830716184399184,0.1570753235008234,0.3116883116883117,0.8493506493506493,0.2926829268292683,0.3018867924528302,0.7597402597402597,0.2193035119901077,327,58,53,24
common_strict,Glycine max,5,0,HybridKla,0.5,462,77,385,0.7193793219767245,0.3519858216634597,0.25298522276858937,0.5974025974025974,0.7220779220779221,0.3006535947712418,0.39999999999999997,0.7012987012987013,0.2279145774088845,278,107,31,46
common_strict,Glycine max,5,0,PCBert-Kla,0.5,462,77,385,0.4549165120593692,0.1524408947748902,-0.03615507630310936,0.0,0.9922077922077922,0.0,0.0,0.8268398268398268,0.1716169474895079,382,3,77,0
common_strict,Glycine max,5,1,DeepKla,0.5,462,77,385,0.58384213189408,0.21720858900352974,0.04797657066251844,0.36363636363636365,0.6961038961038961,0.19310344827586207,0.25225225225225223,0.6406926406926406,0.2167222794201452,268,117,49,28
common_strict,Glycine max,5,1,Auto-Kla,0.5,462,77,385,0.6992241524709057,0.2880224883270992,0.19215378456610455,0.3116883116883117,0.8753246753246753,0.3333333333333333,0.3221476510067114,0.7813852813852814,0.20173626115972967,337,48,53,24
common_strict,Glycine max,5,1,HybridKla,0.5,462,77,385,0.7197841119919042,0.3444681431793426,0.255466549463402,0.5974025974025974,0.7246753246753247,0.3026315789473684,0.4017467248908297,0.7034632034632035,0.22331827922677452,279,106,31,46
common_strict,Glycine max,5,1,PCBert-Kla,0.5,462,77,385,0.4956653735874515,0.16602142004695503,-0.0467780269724988,0.0,0.987012987012987,0.0,0.0,0.8225108225108225,0.17466006976662357,380,5,77,0
common_strict,Glycine max,5,2,DeepKla,0.5,462,77,385,0.561038961038961,0.19856651302835132,0.020405613785198905,0.36363636363636365,0.6623376623376623,0.17721518987341772,0.23829787234042557,0.6125541125541125,0.22626284741144,255,130,49,28
common_strict,Glycine max,5,2,Auto-Kla,0.5,462,77,385,0.6786135941980098,0.25249081010444063,0.13804665497550847,0.3116883116883117,0.8337662337662337,0.2727272727272727,0.2909090909090909,0.7467532467532467,0.23280429008825823,321,64,53,24
common_strict,Glycine max,5,2,HybridKla,0.5,462,77,385,0.715635014336313,0.34769599792253636,0.2480649075984812,0.5974025974025974,0.7168831168831169,0.2967741935483871,0.396551724137931,0.696969696969697,0.2270638568253413,276,109,31,46
common_strict,Glycine max,5,2,PCBert-Kla,0.5,462,77,385,0.45677179962894254,0.15059027291198324,-0.05936521771955248,0.0,0.9792207792207792,0.0,0.0,0.816017316017316,0.180028631623436,377,8,77,0
common_strict,Glycine max,5,3,DeepKla,0.5,462,77,385,0.5814471243042671,0.21138984456814014,0.04797657066251844,0.36363636363636365,0.6961038961038961,0.19310344827586207,0.25225225225225223,0.6406926406926406,0.21815612996597916,268,117,49,28
common_strict,Glycine max,5,3,Auto-Kla,0.5,462,77,385,0.6785967279473775,0.2703618851888549,0.1538105700263253,0.3116883116883117,0.8467532467532467,0.2891566265060241,0.30000000000000004,0.7575757575757576,0.21715238286900337,326,59,53,24
common_strict,Glycine max,5,3,HybridKla,0.5,462,77,385,0.6964074886152809,0.3284129102864095,0.21050370650886407,0.5974025974025974,0.6753246753246753,0.26900584795321636,0.3709677419354838,0.6623376623376623,0.24589590009588982,260,125,31,46
common_strict,Glycine max,5,3,PCBert-Kla,0.5,462,77,385,0.4825771630966436,0.16094540440862476,-0.0512989176042577,0.0,0.9844155844155844,0.0,0.0,0.8203463203463204,0.1754847797857905,379,6,77,0
common_strict,Glycine max,5,4,DeepKla,0.5,462,77,385,0.5733175914994096,0.2014793976024027,0.014220565008492751,0.36363636363636365,0.6545454545454545,0.17391304347826086,0.2352941176470588,0.6060606060606061,0.22319431619904131,252,133,49,28
common_strict,Glycine max,5,4,Auto-Kla,0.5,462,77,385,0.6747849553044358,0.2540397826347589,0.12312054140438718,0.3116883116883117,0.8207792207792208,0.25806451612903225,0.2823529411764706,0.7359307359307359,0.24153846376348187,316,69,53,24
common_strict,Glycine max,5,4,HybridKla,0.5,462,77,385,0.7087873165795243,0.37693561593487984,0.22657029203668735,0.5974025974025974,0.6935064935064935,0.2804878048780488,0.38174273858921165,0.6774891774891775,0.23890935349244682,267,118,31,46
common_strict,Glycine max,5,4,PCBert-Kla,0.5,462,77,385,0.46702648001349306,0.15007547489701284,-0.06651901052377393,0.0,0.974025974025974,0.0,0.0,0.8116883116883117,0.1852655656171303,375,10,77,0
common_strict,Glycine max,5,5,DeepKla,0.5,462,77,385,0.581615786810592,0.2040391012467961,0.04797657066251844,0.36363636363636365,0.6961038961038961,0.19310344827586207,0.25225225225225223,0.6406926406926406,0.21956810829911444,268,117,49,28
common_strict,Glycine max,5,5,Auto-Kla,0.5,462,77,385,0.695159386068477,0.2722425185243622,0.1570753235008234,0.3116883116883117,0.8493506493506493,0.2926829268292683,0.3018867924528302,0.7597402597402597,0.21542978613585886,327,58,53,24
common_strict,Glycine max,5,5,HybridKla,0.5,462,77,385,0.7151290268173385,0.37958611183164537,0.25298522276858937,0.5974025974025974,0.7220779220779221,0.3006535947712418,0.39999999999999997,0.7012987012987013,0.2256533308281548,278,107,31,46
common_strict,Glycine max,5,5,PCBert-Kla,0.5,462,77,385,0.48298195311182324,0.15720971754704444,-0.05936521771955248,0.0,0.9792207792207792,0.0,0.0,0.816017316017316,0.17910657730047516,377,8,77,0
common_strict,Glycine max,5,6,DeepKla,0.5,462,77,385,0.5452858829482206,0.1859220514356153,0.004035014446386333,0.36363636363636365,0.6415584415584416,0.1686746987951807,0.23045267489711935,0.5952380952380952,0.23272932548386988,247,138,49,28
common_strict,Glycine max,5,6,Auto-Kla,0.5,462,77,385,0.703693708888514,0.28062072798358917,0.15058465048420855,0.3116883116883117,0.8441558441558441,0.2857142857142857,0.2981366459627329,0.7554112554112554,0.21889798297974783,325,60,53,24
common_strict,Glycine max,5,6,HybridKla,0.5,462,77,385,0.7296340023612751,0.3842106251057643,0.262998587379011,0.5974025974025974,0.7324675324675325,0.3087248322147651,0.40707964601769914,0.70995670995671,0.2127692992833888,282,103,31,46
common_strict,Glycine max,5,6,PCBert-Kla,0.5,462,77,385,0.4830156856130882,0.16050430423331508,-0.06303578296313003,0.0,0.9766233766233766,0.0,0.0,0.8138528138528138,0.18268725977190536,376,9,77,0
common_strict,Glycine max,5,7,DeepKla,0.5,462,77,385,0.577298026648676,0.19667000800199488,0.028747978728803452,0.36363636363636365,0.6727272727272727,0.18181818181818182,0.24242424242424246,0.6212121212121212,0.22274018336782897,259,126,49,28
common_strict,Glycine max,5,7,Auto-Kla,0.5,462,77,385,0.6867262607522346,0.28849877578158517,0.19215378456610455,0.3116883116883117,0.8753246753246753,0.3333333333333333,0.3221476510067114,0.7813852813852814,0.20330900564604446,337,48,53,24
common_strict,Glycine max,5,7,HybridKla,0.5,462,77,385,0.7119581716984316,0.37763457031282116,0.2219257945512483,0.5974025974025974,0.6883116883116883,0.27710843373493976,0.37860082304526743,0.6731601731601732,0.23153510180314307,265,120,31,46
common_strict,Glycine max,5,7,PCBert-Kla,0.5,462,77,385,0.48048574801821553,0.15920880803279946,-0.05547001962252291,0.0,0.9818181818181818,0.0,0.0,0.8181818181818182,0.1788510082741475,378,7,77,0
common_strict,Glycine max,5,8,DeepKla,0.5,462,77,385,0.584887839433294,0.22399220332509504,0.04797657066251844,0.36363636363636365,0.6961038961038961,0.19310344827586207,0.25225225225225223,0.6406926406926406,0.216018651869359,268,117,49,28
common_strict,Glycine max,5,8,Auto-Kla,0.5,462,77,385,0.6587282847023107,0.2457367980768623,0.13499829021843265,0.3116883116883117,0.8311688311688312,0.2696629213483146,0.2891566265060241,0.7445887445887446,0.23820777453478661,320,65,53,24
common_strict,Glycine max,5,8,HybridKla,0.5,462,77,385,0.7022094788328554,0.3581156733694844,0.20825005018045106,0.5974025974025974,0.6727272727272727,0.26744186046511625,0.36947791164658633,0.6601731601731602,0.2493962284379618,259,126,31,46
common_strict,Glycine max,5,8,PCBert-Kla,0.5,462,77,385,0.46571091246415924,0.15467849863976266,-0.0512989176042577,0.0,0.9844155844155844,0.0,0.0,0.8203463203463204,0.17658601278288655,379,6,77,0
common_strict,Glycine max,5,9,DeepKla,0.5,462,77,385,0.5507168156518806,0.1888852806382459,0.01217161238900369,0.36363636363636365,0.6519480519480519,0.1728395061728395,0.23430962343096232,0.6038961038961039,0.23313218578573752,251,134,49,28
common_strict,Glycine max,5,9,Auto-Kla,0.5,462,77,385,0.6685781750716816,0.2560888150030899,0.13499829021843265,0.3116883116883117,0.8311688311688312,0.2696629213483146,0.2891566265060241,0.7445887445887446,0.23171409658651235,320,65,53,24
common_strict,Glycine max,5,9,HybridKla,0.5,462,77,385,0.7194805194805194,0.4134034156843383,0.23838612993552702,0.5974025974025974,0.7064935064935065,0.2893081761006289,0.3898305084745763,0.6883116883116883,0.22278702632414674,272,113,31,46
common_strict,Glycine max,5,9,PCBert-Kla,0.5,462,77,385,0.47890032045876196,0.1550400996860225,-0.05936521771955248,0.0,0.9792207792207792,0.0,0.0,0.816017316017316,0.18148048116932264,377,8,77,0
common_strict,Glycine max,5,10,DeepKla,0.5,462,77,385,0.5819193793219767,0.2050953802254677,0.04797657066251844,0.36363636363636365,0.6961038961038961,0.19310344827586207,0.25225225225225223,0.6406926406926406,0.2191319893437421,268,117,49,28
common_strict,Glycine max,5,10,Auto-Kla,0.5,462,77,385,0.669219092595716,0.25539232514216104,0.13804665497550847,0.3116883116883117,0.8337662337662337,0.2727272727272727,0.2909090909090909,0.7467532467532467,0.2316225817359035,321,64,53,24
common_strict,Glycine max,5,10,HybridKla,0.5,462,77,385,0.7039973013998988,0.33081599143070667,0.2312606353910701,0.5974025974025974,0.6987012987012987,0.2839506172839506,0.38493723849372385,0.6818181818181818,0.23565385789872956,269,116,31,46
common_strict,Glycine max,5,10,PCBert-Kla,0.5,462,77,385,0.46726260752234783,0.1548473171518954,-0.02948839123097943,0.0,0.9948051948051948,0.0,0.0,0.829004329004329,0.16999620920139466,383,2,77,0
common_strict,Glycine max,5,11,DeepKla,0.5,462,77,385,0.5808736717827627,0.21762729427909175,0.03934624535591503,0.36363636363636365,0.6857142857142857,0.18791946308724833,0.24778761061946902,0.6320346320346321,0.21766900087778326,264,121,49,28
common_strict,Glycine max,5,11,Auto-Kla,0.5,462,77,385,0.6768257716309665,0.2648849235499442,0.1671149955977733,0.3116883116883117,0.8571428571428571,0.3037974683544304,0.3076923076923077,0.7662337662337663,0.21882566480761428,330,55,53,24
common_strict,Glycine max,5,11,HybridKla,0.5,462,77,385,0.722212852082982,0.4004592562690603,0.24562537539453733,0.5974025974025974,0.7142857142857143,0.2948717948717949,0.3948497854077253,0.6948051948051948,0.22509613053147914,275,110,31,46
common_strict,Glycine max,5,11,PCBert-Kla,0.5,462,77,385,0.4749198853094957,0.15745210858716815,-0.02948839123097943,0.0,0.9948051948051948,0.0,0.0,0.829004329004329,0.16916041977773974,383,2,77,0
common_strict,Glycine max,5,12,DeepKla,0.5,462,77,385,0.5630966436161242,0.19543362033400874,0.03508288105699559,0.36363636363636365,0.6805194805194805,0.18543046357615894,0.2456140350877193,0.6277056277056277,0.22699619088755907,262,123,49,28
common_strict,Glycine max,5,12,Auto-Kla,0.5,462,77,385,0.700455388767077,0.3024848742875205,0.21576949235052,0.3116883116883117,0.8909090909090909,0.36363636363636365,0.3356643356643357,0.7943722943722944,0.19083366525584894,343,42,53,24
common_strict,Glycine max,5,12,HybridKla,0.5,462,77,385,0.7135773317591501,0.3745602031522779,0.2431992399541879,0.5974025974025974,0.7116883116883117,0.2929936305732484,0.39316239316239315,0.6926406926406926,0.2229069002022967,274,111,31,46
common_strict,Glycine max,5,12,PCBert-Kla,0.5,462,77,385,0.4909090909090909,0.1607593019056464,-0.06303578296313003,0.0,0.9766233766233766,0.0,0.0,0.8138528138528138,0.18242570003377245,376,9,77,0
common_strict,Glycine max,5,13,DeepKla,0.5,462,77,385,0.5610726935402259,0.19565169997842058,0.020405613785198905,0.36363636363636365,0.6623376623376623,0.17721518987341772,0.23829787234042557,0.6125541125541125,0.22749305834700637,255,130,49,28
common_strict,Glycine max,5,13,Auto-Kla,0.5,462,77,385,0.7059706527238995,0.294238537200515,0.18112482312037628,0.3116883116883117,0.8675324675324675,0.32,0.31578947368421056,0.7748917748917749,0.20826545899261822,334,51,53,24
common_strict,Glycine max,5,13,HybridKla,0.5,462,77,385,0.7357733175914994,0.44064928812549403,0.27586342441653555,0.5974025974025974,0.7454545454545455,0.3194444444444444,0.41628959276018096,0.7207792207792207,0.20632487885614734,287,98,31,46
common_strict,Glycine max,5,13,PCBert-Kla,0.5,462,77,385,0.49978073874177764,0.16661514393666454,-0.05547001962252291,0.0,0.9818181818181818,0.0,0.0,0.8181818181818182,0.18060344601656225,378,7,77,0
common_strict,Glycine max,5,14,DeepKla,0.5,462,77,385,0.564344746162928,0.19985923434120192,0.03934624535591503,0.36363636363636365,0.6857142857142857,0.18791946308724833,0.24778761061946902,0.6320346320346321,0.225925308613159,264,121,49,28
common_strict,Glycine max,5,14,Auto-Kla,0.5,462,77,385,0.6642941474110305,0.2518362831898687,0.1411284570145594,0.3116883116883117,0.8363636363636363,0.27586206896551724,0.2926829268292683,0.7489177489177489,0.23127359527474783,322,63,53,24
common_strict,Glycine max,5,14,HybridKla,0.5,462,77,385,0.7009276437847868,0.37767863645079114,0.21732537978733282,0.5974025974025974,0.6831168831168831,0.27380952380952384,0.3755102040816327,0.6688311688311688,0.24652520505897696,263,122,31,46
common_strict,Glycine max,5,14,PCBert-Kla,0.5,462,77,385,0.4643616124135605,0.15184621450396246,-0.05547001962252291,0.0,0.9818181818181818,0.0,0.0,0.8181818181818182,0.17822764130801186,378,7,77,0
common_strict,Glycine max,5,15,DeepKla,0.5,462,77,385,0.5778377466689155,0.20799383257559034,0.028747978728803452,0.36363636363636365,0.6727272727272727,0.18181818181818182,0.24242424242424246,0.6212121212121212,0.22186286648237702,259,126,49,28
common_strict,Glycine max,5,15,Auto-Kla,0.5,462,77,385,0.6807050092764378,0.27776953046964586,0.1442446928662856,0.3116883116883117,0.8389610389610389,0.27906976744186046,0.294478527607362,0.7510822510822511,0.22316375524318607,323,62,53,24
common_strict,Glycine max,5,15,HybridKla,0.5,462,77,385,0.7269016697588127,0.36418476414013184,0.278485943094313,0.5974025974025974,0.7480519480519481,0.32167832167832167,0.41818181818181815,0.7229437229437229,0.21074362396000412,288,97,31,46
common_strict,Glycine max,5,15,PCBert-Kla,0.5,462,77,385,0.4943498060381178,0.16187402640461462,-0.05936521771955248,0.0,0.9792207792207792,0.0,0.0,0.816017316017316,0.18108345107221366,377,8,77,0
common_strict,Glycine max,5,16,DeepKla,0.5,462,77,385,0.5599257884972171,0.20894386433931836,0.03296342573721317,0.36363636363636365,0.6779220779220779,0.18421052631578946,0.2445414847161572,0.6255411255411255,0.22370032016574368,261,124,49,28
common_strict,Glycine max,5,16,Auto-Kla,0.5,462,77,385,0.6812278630460449,0.27009692986374256,0.16038012587880981,0.3116883116883117,0.8519480519480519,0.2962962962962963,0.30379746835443033,0.7619047619047619,0.22080852432160136,328,57,53,24
common_strict,Glycine max,5,16,HybridKla,0.5,462,77,385,0.7152302243211334,0.3561105495139701,0.2431992399541879,0.5974025974025974,0.7116883116883117,0.2929936305732484,0.39316239316239315,0.6926406926406926,0.23132224830564077,274,111,31,46
common_strict,Glycine max,5,16,PCBert-Kla,0.5,462,77,385,0.4858154832180806,0.16344687693387455,-0.02948839123097943,0.0,0.9948051948051948,0.0,0.0,0.829004329004329,0.17032662847421276,383,2,77,0
common_strict,Glycine max,5,17,DeepKla,0.5,462,77,385,0.5844155844155844,0.2300491788087534,0.05454678828928479,0.36363636363636365,0.7038961038961039,0.19718309859154928,0.25570776255707767,0.6471861471861472,0.21527797807434773,271,114,49,28
common_strict,Glycine max,5,17,Auto-Kla,0.5,462,77,385,0.6794737729802665,0.26152681183094156,0.1289980711281687,0.3116883116883117,0.825974025974026,0.26373626373626374,0.2857142857142857,0.7402597402597403,0.23455009664662668,318,67,53,24
common_strict,Glycine max,5,17,HybridKla,0.5,462,77,385,0.7228537696070164,0.3638709151430595,0.2431992399541879,0.5974025974025974,0.7116883116883117,0.2929936305732484,0.39316239316239315,0.6926406926406926,0.22058698974025379,274,111,31,46
common_strict,Glycine max,5,17,PCBert-Kla,0.5,462,77,385,0.48962725586102207,0.16094422139713235,-0.02948839123097943,0.0,0.9948051948051948,0.0,0.0,0.829004329004329,0.17013370391783877,383,2,77,0
common_strict,Glycine max,5,18,DeepKla,0.5,462,77,385,0.5889357395850903,0.21061717807578517,0.05897678246195885,0.36363636363636365,0.7090909090909091,0.2,0.25806451612903225,0.6515151515151515,0.21617742795246606,273,112,49,28
common_strict,Glycine max,5,18,Auto-Kla,0.5,462,77,385,0.6870298532636193,0.2777410377973481,0.1671149955977733,0.3116883116883117,0.8571428571428571,0.3037974683544304,0.3076923076923077,0.7662337662337663,0.21531641373343954,330,55,53,24
common_strict,Glycine max,5,18,HybridKla,0.5,462,77,385,0.7160398043514926,0.4076650130798104,0.22890962027863598,0.5974025974025974,0.6961038961038961,0.2822085889570552,0.38333333333333336,0.6796536796536796,0.22166419488625622,268,117,31,46
common_strict,Glycine max,5,18,PCBert-Kla,0.5,462,77,385,0.4719176926969135,0.15713388958188496,-0.041793837952857286,0.0,0.9896103896103896,0.0,0.0,0.8246753246753247,0.1740649087051227,381,4,77,0
common_strict,Glycine max,5,19,DeepKla,0.5,462,77,385,0.565390453702142,0.19540866288939368,0.03296342573721317,0.36363636363636365,0.6779220779220779,0.18421052631578946,0.2445414847161572,0.6255411255411255,0.22613507380367384,261,124,49,28
common_strict,Glycine max,5,19,Auto-Kla,0.5,462,77,385,0.7134592680047227,0.3148741748065032,0.19215378456610455,0.3116883116883117,0.8753246753246753,0.3333333333333333,0.3221476510067114,0.7813852813852814,0.19631258565488746,337,48,53,24
common_strict,Glycine max,5,19,HybridKla,0.5,462,77,385,0.7112497891718671,0.34748799695890364,0.23838612993552702,0.5974025974025974,0.7064935064935065,0.2893081761006289,0.3898305084745763,0.6883116883116883,0.22965325108285595,272,113,31,46
common_strict,Glycine max,5,19,PCBert-Kla,0.5,462,77,385,0.4824085005903188,0.16028435715981723,-0.05547001962252291,0.0,0.9818181818181818,0.0,0.0,0.8181818181818182,0.1791749626105596,378,7,77,0
common_strict,Glycine max,5,20,DeepKla,0.5,462,77,385,0.5576319784111993,0.19362643514480787,0.03296342573721317,0.36363636363636365,0.6779220779220779,0.18421052631578946,0.2445414847161572,0.6255411255411255,0.22803282535925734,261,124,49,28
common_strict,Glycine max,5,20,Auto-Kla,0.5,462,77,385,0.6941305447798956,0.29898309455556776,0.20368330845387134,0.3116883116883117,0.8831168831168831,0.34782608695652173,0.3287671232876712,0.7878787878787878,0.1927166615710217,340,45,53,24
common_strict,Glycine max,5,20,HybridKla,0.5,462,77,385,0.7174903019058864,0.3518649698202462,0.23838612993552702,0.5974025974025974,0.7064935064935065,0.2893081761006289,0.3898305084745763,0.6883116883116883,0.22697049708871042,272,113,31,46
common_strict,Glycine max,5,20,PCBert-Kla,0.5,462,77,385,0.47798954292460794,0.15760181513791194,-0.041793837952857286,0.0,0.9896103896103896,0.0,0.0,0.8246753246753247,0.17326680182847123,381,4,77,0
common_strict,Glycine max,5,21,DeepKla,0.5,462,77,385,0.5817169843143869,0.21535576918633167,0.03508288105699559,0.36363636363636365,0.6805194805194805,0.18543046357615894,0.2456140350877193,0.6277056277056277,0.21721591415004815,262,123,49,28
common_strict,Glycine max,5,21,Auto-Kla,0.5,462,77,385,0.6951087873165795,0.27773207833698355,0.18842438906937872,0.3116883116883117,0.8727272727272727,0.3287671232876712,0.32,0.7792207792207793,0.20495682073711463,336,49,53,24
common_strict,Glycine max,5,21,HybridKla,0.5,462,77,385,0.7237308146399056,0.3481457622092713,0.2732578589908659,0.5974025974025974,0.7428571428571429,0.31724137931034485,0.41441441441441446,0.7186147186147186,0.21124899541929912,286,99,31,46
common_strict,Glycine max,5,21,PCBert-Kla,0.5,462,77,385,0.49738573115196494,0.1688301595115721,-0.02082881368183567,0.0,0.9974025974025974,0.0,0.0,0.8311688311688312,0.16840471380919642,384,1,77,0
common_strict,Glycine max,5,22,DeepKla,0.5,462,77,385,0.5556080283353011,0.1966637710637693,0.008091796144167406,0.36363636363636365,0.6467532467532467,0.17073170731707318,0.23236514522821575,0.5995670995670995,0.22927753018721284,249,136,49,28
common_strict,Glycine max,5,22,Auto-Kla,0.5,462,77,385,0.6686962388261091,0.25277450041476063,0.13198240351921797,0.3116883116883117,0.8285714285714286,0.26666666666666666,0.2874251497005988,0.7424242424242424,0.23214707159719547,319,66,53,24
common_strict,Glycine max,5,22,HybridKla,0.5,462,77,385,0.7173553719008264,0.3542518708874936,0.2579623607132029,0.5974025974025974,0.7272727272727273,0.304635761589404,0.40350877192982454,0.7056277056277056,0.22442238009432125,280,105,31,46
common_strict,Glycine max,5,22,PCBert-Kla,0.5,462,77,385,0.49208972845336485,0.16268271148703195,-0.0467780269724988,0.0,0.987012987012987,0.0,0.0,0.8225108225108225,0.17415278919905217,380,5,77,0
common_strict,Glycine max,5,23,DeepKla,0.5,462,77,385,0.5551695058188565,0.1912038233855703,0.014220565008492751,0.36363636363636365,0.6545454545454545,0.17391304347826086,0.2352941176470588,0.6060606060606061,0.2293379609506393,252,133,49,28
common_strict,Glycine max,5,23,Auto-Kla,0.5,462,77,385,0.6831674818687807,0.28396866993007125,0.18112482312037628,0.3116883116883117,0.8675324675324675,0.32,0.31578947368421056,0.7748917748917749,0.20619803976945464,334,51,53,24
common_strict,Glycine max,5,23,HybridKla,0.5,462,77,385,0.7129364142351156,0.37139467990842256,0.25051810035100147,0.5974025974025974,0.7194805194805195,0.2987012987012987,0.39826839826839827,0.6991341991341992,0.22436767653419576,277,108,31,46
common_strict,Glycine max,5,23,PCBert-Kla,0.5,462,77,385,0.4903019058863214,0.15934374903395448,-0.05547001962252291,0.0,0.9818181818181818,0.0,0.0,0.8181818181818182,0.1777023959468424,378,7,77,0
common_strict,Glycine max,5,24,DeepKla,0.5,462,77,385,0.5866081969978073,0.21650714362932844,0.03296342573721317,0.36363636363636365,0.6779220779220779,0.18421052631578946,0.2445414847161572,0.6255411255411255,0.2170450514203679,261,124,49,28
common_strict,Glycine max,5,24,Auto-Kla,0.5,462,77,385,0.6672120087704504,0.24885955580068192,0.12312054140438718,0.3116883116883117,0.8207792207792208,0.25806451612903225,0.2823529411764706,0.7359307359307359,0.2398177200785251,316,69,53,24
common_strict,Glycine max,5,24,HybridKla,0.5,462,77,385,0.7234272221285208,0.35961469437073285,0.255466549463402,0.5974025974025974,0.7246753246753247,0.3026315789473684,0.4017467248908297,0.7034632034632035,0.22013779671321712,279,106,31,46
common_strict,Glycine max,5,24,PCBert-Kla,0.5,462,77,385,0.4737392477652218,0.15575914314092953,-0.03615507630310936,0.0,0.9922077922077922,0.0,0.0,0.8268398268398268,0.17070701066701974,382,3,77,0
common_strict,Glycine max,5,25,DeepKla,0.5,462,77,385,0.5780738741777703,0.20111791659577677,0.02665160164281203,0.36363636363636365,0.6701298701298701,0.18064516129032257,0.24137931034482757,0.6190476190476191,0.22113500766272096,258,127,49,28
common_strict,Glycine max,5,25,Auto-Kla,0.5,462,77,385,0.6871647832686794,0.2753766174896032,0.17755113875191714,0.3116883116883117,0.8649350649350649,0.3157894736842105,0.3137254901960784,0.7727272727272727,0.20834015063515676,333,52,53,24
common_strict,Glycine max,5,25,HybridKla,0.5,462,77,385,0.6967110811266656,0.30800443020929524,0.21962018457891067,0.5974025974025974,0.6857142857142857,0.2754491017964072,0.3770491803278688,0.670995670995671,0.24289862118073768,264,121,31,46
common_strict,Glycine max,5,25,PCBert-Kla,0.5,462,77,385,0.5085511890706695,0.16845634629053674,-0.041793837952857286,0.0,0.9896103896103896,0.0,0.0,0.8246753246753247,0.17267191205017496,381,4,77,0
common_strict,Glycine max,5,26,DeepKla,0.5,462,77,385,0.5742958340360939,0.21081647866890033,0.04364357804719848,0.36363636363636365,0.6909090909090909,0.19047619047619047,0.25,0.6363636363636364,0.2197892368065604,266,119,49,28
common_strict,Glycine max,5,26,Auto-Kla,0.5,462,77,385,0.6849384381851915,0.2879474289648724,0.18842438906937872,0.3116883116883117,0.8727272727272727,0.3287671232876712,0.32,0.7792207792207793,0.20593800167066997,336,49,53,24
common_strict,Glycine max,5,26,HybridKla,0.5,462,77,385,0.7077078765390453,0.3616879857595069,0.21732537978733282,0.5974025974025974,0.6831168831168831,0.27380952380952384,0.3755102040816327,0.6688311688311688,0.2416294565284486,263,122,31,46
common_strict,Glycine max,5,26,PCBert-Kla,0.5,462,77,385,0.47910271546635186,0.16013469339961808,-0.041793837952857286,0.0,0.9896103896103896,0.0,0.0,0.8246753246753247,0.17311121813506294,381,4,77,0
common_strict,Glycine max,5,27,DeepKla,0.5,462,77,385,0.5654916512059369,0.1981438661357125,0.02248060201257199,0.36363636363636365,0.6649350649350649,0.17834394904458598,0.23931623931623933,0.6147186147186147,0.22527890322984936,256,129,49,28
common_strict,Glycine max,5,27,Auto-Kla,0.5,462,77,385,0.67562826783606,0.26711169533773094,0.14739639831710416,0.3116883116883117,0.8415584415584415,0.2823529411764706,0.2962962962962963,0.7532467532467533,0.226745585141366,324,61,53,24
common_strict,Glycine max,5,27,HybridKla,0.5,462,77,385,0.7289593523359758,0.35885764745810944,0.25298522276858937,0.5974025974025974,0.7220779220779221,0.3006535947712418,0.39999999999999997,0.7012987012987013,0.21974900052539378,278,107,31,46
common_strict,Glycine max,5,27,PCBert-Kla,0.5,462,77,385,0.48706358576488445,0.15865522442357577,-0.0512989176042577,0.0,0.9844155844155844,0.0,0.0,0.8203463203463204,0.17702184437939655,379,6,77,0
common_strict,Glycine max,5,28,DeepKla,0.5,462,77,385,0.5570922583909597,0.19997641628059465,0.02665160164281203,0.36363636363636365,0.6701298701298701,0.18064516129032257,0.24137931034482757,0.6190476190476191,0.22688675044140702,258,127,49,28
common_strict,Glycine max,5,28,Auto-Kla,0.5,462,77,385,0.6741609040310339,0.25893778494072994,0.1411284570145594,0.3116883116883117,0.8363636363636363,0.27586206896551724,0.2926829268292683,0.7489177489177489,0.2302927441827392,322,63,53,24
common_strict,Glycine max,5,28,HybridKla,0.5,462,77,385,0.7193793219767246,0.3787496116343684,0.262998587379011,0.5974025974025974,0.7324675324675325,0.3087248322147651,0.40707964601769914,0.70995670995671,0.22050549107852874,282,103,31,46
common_strict,Glycine max,5,28,PCBert-Kla,0.5,462,77,385,0.4505312868949233,0.14922522641227443,-0.05547001962252291,0.0,0.9818181818181818,0.0,0.0,0.8181818181818182,0.1792933842477537,378,7,77,0
common_strict,Glycine max,5,29,DeepKla,0.5,462,77,385,0.5458593354697251,0.19397845805630828,0.01217161238900369,0.36363636363636365,0.6519480519480519,0.1728395061728395,0.23430962343096232,0.6038961038961039,0.2306592929637397,251,134,49,28
common_strict,Glycine max,5,29,Auto-Kla,0.5,462,77,385,0.6572103221453871,0.24076752075920446,0.13499829021843265,0.3116883116883117,0.8311688311688312,0.2696629213483146,0.2891566265060241,0.7445887445887446,0.23565441075984045,320,65,53,24
common_strict,Glycine max,5,29,HybridKla,0.5,462,77,385,0.7033901163771293,0.377965972458124,0.22890962027863598,0.5974025974025974,0.6961038961038961,0.2822085889570552,0.38333333333333336,0.6796536796536796,0.23550575570260215,268,117,31,46
common_strict,Glycine max,5,29,PCBert-Kla,0.5,462,77,385,0.46284364985663684,0.15242155761068216,-0.0467780269724988,0.0,0.987012987012987,0.0,0.0,0.8225108225108225,0.17622093802025288,380,5,77,0
common_strict,Glycine max,10,0,DeepKla,0.5,847,77,770,0.5755945353347951,0.11212676207504213,0.030444847848378948,0.36363636363636365,0.6857142857142857,0.1037037037037037,0.16138328530259366,0.6564344746162928,0.21321148279761826,528,242,49,28
common_strict,Glycine max,10,0,Auto-Kla,0.5,847,77,770,0.6864479676167988,0.1563282668751995,0.12328016432125015,0.3116883116883117,0.8480519480519481,0.1702127659574468,0.2201834862385321,0.7992916174734357,0.18007290838373058,653,117,53,24
common_strict,Glycine max,10,0,HybridKla,0.5,847,77,770,0.7192949907235622,0.2400570051565801,0.19305557928354672,0.5974025974025974,0.7142857142857143,0.17293233082706766,0.26822157434402333,0.7036599763872491,0.21430687817492733,550,220,31,46
common_strict,Glycine max,10,0,PCBert-Kla,0.5,847,77,770,0.48244223309158374,0.08698253180379982,-0.0379094414163938,0.0,0.9844155844155844,0.0,0.0,0.8949232585596222,0.10337197709829075,758,12,77,0
common_strict,Glycine max,10,1,DeepKla,0.5,847,77,770,0.5680215888008096,0.11068496284099325,0.023852984367973284,0.36363636363636365,0.6753246753246753,0.10071942446043165,0.15774647887323942,0.6469893742621016,0.21544279391704713,520,250,49,28
common_strict,Glycine max,10,1,Auto-Kla,0.5,847,77,770,0.6785208298195311,0.15591077164395675,0.1344300528228587,0.3116883116883117,0.8584415584415584,0.18045112781954886,0.22857142857142856,0.8087367178276269,0.17360327804658177,661,109,53,24
common_strict,Glycine max,10,1,HybridKla,0.5,847,77,770,0.7177264294147411,0.22657288492017183,0.19405847460120482,0.5974025974025974,0.7155844155844155,0.17358490566037735,0.26900584795321636,0.704840613931523,0.21541276607486887,551,219,31,46
common_strict,Glycine max,10,1,PCBert-Kla,0.5,847,77,770,0.49124641592174056,0.0886748891276126,-0.03277172073893787,0.0,0.9883116883116884,0.0,0.0,0.898465171192444,0.10015441950969425,761,9,77,0
common_strict,Glycine max,10,2,DeepKla,0.5,847,77,770,0.5748524203069658,0.1131871365491619,0.027134781239448045,0.36363636363636365,0.6805194805194805,0.10218978102189781,0.15954415954415954,0.6517119244391971,0.21244694623213592,524,246,49,28
common_strict,Glycine max,10,2,Auto-Kla,0.5,847,77,770,0.6732501264968798,0.1481411553770005,0.12193295530680441,0.3116883116883117,0.8467532467532467,0.16901408450704225,0.2191780821917808,0.7981109799291618,0.181050582385837,652,118,53,24
common_strict,Glycine max,10,2,HybridKla,0.5,847,77,770,0.709782425366841,0.2193243380876301,0.19405847460120482,0.5974025974025974,0.7155844155844155,0.17358490566037735,0.26900584795321636,0.704840613931523,0.22154302581892404,551,219,31,46
common_strict,Glycine max,10,2,PCBert-Kla,0.5,847,77,770,0.4739247765221791,0.08407822458733763,-0.0379094414163938,0.0,0.9844155844155844,0.0,0.0,0.8949232585596222,0.10268276606873411,758,12,77,0
common_strict,Glycine max,10,3,DeepKla,0.5,847,77,770,0.5722887502108283,0.1168184578863298,0.02878618594532406,0.36363636363636365,0.6831168831168831,0.10294117647058823,0.16045845272206302,0.654073199527745,0.2123138758569967,526,244,49,28
common_strict,Glycine max,10,3,Auto-Kla,0.5,847,77,770,0.6756788665879575,0.15120815195119194,0.11404822845938352,0.3116883116883117,0.8389610389610389,0.16216216216216217,0.21333333333333335,0.7910271546635183,0.18896221803731422,646,124,53,24
common_strict,Glycine max,10,3,HybridKla,0.5,847,77,770,0.7145049755439367,0.22743855357224774,0.192056174248315,0.5974025974025974,0.712987012987013,0.17228464419475656,0.26744186046511625,0.7024793388429752,0.21688235768031291,549,221,31,46
common_strict,Glycine max,10,3,PCBert-Kla,0.5,847,77,770,0.4674818687805701,0.08275541109108092,-0.03627381250550059,0.0,0.9857142857142858,0.0,0.0,0.8961038961038961,0.10152333174662619,759,11,77,0
common_strict,Glycine max,10,4,DeepKla,0.5,847,77,770,0.5877213695395513,0.11726855369462272,0.0414169018313051,0.36363636363636365,0.7025974025974026,0.10894941634241245,0.16766467065868262,0.6717827626918536,0.20793413129098132,541,229,49,28
common_strict,Glycine max,10,4,Auto-Kla,0.5,847,77,770,0.6903019058863216,0.16614341735427685,0.14176514889383118,0.3116883116883117,0.8649350649350649,0.1875,0.23414634146341462,0.8146399055489965,0.16747420043481104,666,104,53,24
common_strict,Glycine max,10,4,HybridKla,0.5,847,77,770,0.709259571597234,0.23501677540141874,0.18224606920925784,0.5974025974025974,0.7,0.16606498194945848,0.2598870056497175,0.6906729634002361,0.22359573351268922,539,231,31,46
common_strict,Glycine max,10,4,PCBert-Kla,0.5,847,77,770,0.4771124978917187,0.08538152617413877,-0.03627381250550059,0.0,0.9857142857142858,0.0,0.0,0.8961038961038961,0.10093726711042146,759,11,77,0
common_strict,Glycine max,10,5,DeepKla,0.5,847,77,770,0.5645471411705179,0.10888668625327064,0.01736833685729687,0.36363636363636365,0.6649350649350649,0.0979020979020979,0.15426997245179064,0.6375442739079102,0.21734505486646205,512,258,49,28
common_strict,Glycine max,10,5,Auto-Kla,0.5,847,77,770,0.6807809074042841,0.1533125945971713,0.12738194748295936,0.3116883116883117,0.8519480519480519,0.17391304347826086,0.22325581395348837,0.8028335301062574,0.18014081612624186,656,114,53,24
common_strict,Glycine max,10,5,HybridKla,0.5,847,77,770,0.7208804182830156,0.22902116473840597,0.1880927149405158,0.5974025974025974,0.7077922077922078,0.16974169741697417,0.26436781609195403,0.6977567886658795,0.21773300554141276,545,225,31,46
common_strict,Glycine max,10,5,PCBert-Kla,0.5,847,77,770,0.47102378141339185,0.08288447451707717,-0.040996003084539386,0.0,0.9818181818181818,0.0,0.0,0.8925619834710744,0.1050842245486681,756,14,77,0
common_strict,Glycine max,10,6,DeepKla,0.5,847,77,770,0.5773823579018384,0.11168455730375938,0.029614597671485467,0.36363636363636365,0.6844155844155844,0.1033210332103321,0.16091954022988508,0.6552538370720189,0.2134456208836616,527,243,49,28
common_strict,Glycine max,10,6,Auto-Kla,0.5,847,77,770,0.6898380839939282,0.1568747080947989,0.1260044793070081,0.3116883116883117,0.8506493506493507,0.17266187050359713,0.2222222222222222,0.8016528925619835,0.1785976939572091,655,115,53,24
common_strict,Glycine max,10,6,HybridKla,0.5,847,77,770,0.7159723393489628,0.22095850150521307,0.192056174248315,0.5974025974025974,0.712987012987013,0.17228464419475656,0.26744186046511625,0.7024793388429752,0.2217309297140772,549,221,31,46
common_strict,Glycine max,10,6,PCBert-Kla,0.5,847,77,770,0.4865407319952774,0.0875162052267878,-0.040996003084539386,0.0,0.9818181818181818,0.0,0.0,0.8925619834710744,0.10523979219342883,756,14,77,0
common_strict,Glycine max,10,7,DeepKla,0.5,847,77,770,0.571377972676674,0.11381788671501444,0.022222222222222223,0.36363636363636365,0.6727272727272727,0.1,0.15686274509803924,0.6446280991735537,0.21486616031323705,518,252,49,28
common_strict,Glycine max,10,7,Auto-Kla,0.5,847,77,770,0.6817507168156519,0.156112192661113,0.11926756083217402,0.3116883116883117,0.8441558441558441,0.16666666666666666,0.2171945701357466,0.7957497048406139,0.18331792003516512,650,120,53,24
common_strict,Glycine max,10,7,HybridKla,0.5,847,77,770,0.7233766233766233,0.24741739918691483,0.20428796295205748,0.5974025974025974,0.7285714285714285,0.1803921568627451,0.27710843373493976,0.7166469893742621,0.2087415907653523,561,209,31,46
common_strict,Glycine max,10,7,PCBert-Kla,0.5,847,77,770,0.4785967279473773,0.08532137158937317,-0.0394810460550619,0.0,0.9831168831168832,0.0,0.0,0.8937426210153483,0.10326064518819816,757,13,77,0
common_strict,Glycine max,10,8,DeepKla,0.5,847,77,770,0.5817507168156518,0.11715222048956422,0.02795958845578088,0.36363636363636365,0.6818181818181818,0.10256410256410256,0.16,0.6528925619834711,0.2091958170682664,525,245,49,28
common_strict,Glycine max,10,8,Auto-Kla,0.5,847,77,770,0.6704250295159386,0.15247525288418273,0.12059547765471652,0.3116883116883117,0.8454545454545455,0.16783216783216784,0.2181818181818182,0.7969303423848878,0.1868588034150068,651,119,53,24
common_strict,Glycine max,10,8,HybridKla,0.5,847,77,770,0.7110642604149097,0.22076572801680255,0.1871102086446064,0.5974025974025974,0.7064935064935065,0.16911764705882354,0.2636103151862464,0.6965761511216056,0.22336198670628424,544,226,31,46
common_strict,Glycine max,10,8,PCBert-Kla,0.5,847,77,770,0.4773992241524709,0.08530268669232675,-0.03277172073893787,0.0,0.9883116883116884,0.0,0.0,0.898465171192444,0.09868037221731177,761,9,77,0
common_strict,Glycine max,10,9,DeepKla,0.5,847,77,770,0.5673469387755102,0.11460646023451124,0.023036777536999654,0.36363636363636365,0.674025974025974,0.1003584229390681,0.15730337078651685,0.6458087367178277,0.21345417581146559,519,251,49,28
common_strict,Glycine max,10,9,Auto-Kla,0.5,847,77,770,0.682138640580199,0.16026668921671872,0.1287698717098957,0.3116883116883117,0.8532467532467533,0.17518248175182483,0.22429906542056074,0.8040141676505312,0.17664804462898348,657,113,53,24
common_strict,Glycine max,10,9,HybridKla,0.5,847,77,770,0.7215382020576826,0.23205954944597365,0.1981057233651093,0.5974025974025974,0.7207792207792207,0.17624521072796934,0.27218934911242604,0.7095631641086186,0.21178759296436736,555,215,31,46
common_strict,Glycine max,10,9,PCBert-Kla,0.5,847,77,770,0.48057007927137796,0.08603397357295106,-0.030879055856421977,0.0,0.9896103896103896,0.0,0.0,0.8996458087367178,0.09793022098219309,762,8,77,0
common_strict,Glycine max,10,10,DeepKla,0.5,847,77,770,0.5635520323832013,0.1082440543083026,0.02059797704891187,0.36363636363636365,0.6701298701298701,0.09929078014184398,0.15598885793871867,0.6422668240850059,0.2178473440466248,516,254,49,28
common_strict,Glycine max,10,10,Auto-Kla,0.5,847,77,770,0.6935486591330747,0.16596817576080097,0.13732812231125213,0.3116883116883117,0.861038961038961,0.183206106870229,0.23076923076923078,0.8110979929161747,0.17184153665599208,663,107,53,24
common_strict,Glycine max,10,10,HybridKla,0.5,847,77,770,0.7221116545791871,0.22703351130865237,0.21382996182393127,0.5974025974025974,0.7402597402597403,0.18699186991869918,0.28482972136222906,0.7272727272727273,0.20381276622464828,570,200,31,46
common_strict,Glycine max,10,10,PCBert-Kla,0.5,847,77,770,0.47129364142351154,0.08358003114680625,-0.03277172073893787,0.0,0.9883116883116884,0.0,0.0,0.898465171192444,0.09892920817189611,761,9,77,0
common_strict,Glycine max,10,11,DeepKla,0.5,847,77,770,0.5802327542587283,0.11407298641984756,0.023852984367973284,0.36363636363636365,0.6753246753246753,0.10071942446043165,0.15774647887323942,0.6469893742621016,0.21148975735294973,520,250,49,28
common_strict,Glycine max,10,11,Auto-Kla,0.5,847,77,770,0.6881345926800473,0.15719129875676052,0.1344300528228587,0.3116883116883117,0.8584415584415584,0.18045112781954886,0.22857142857142856,0.8087367178276269,0.17256487070222798,661,109,53,24
common_strict,Glycine max,10,11,HybridKla,0.5,847,77,770,0.7198853094956992,0.23099192772641516,0.1950648980862749,0.5974025974025974,0.7168831168831169,0.17424242424242425,0.2697947214076246,0.706021251475797,0.21425942861312472,552,218,31,46
common_strict,Glycine max,10,11,PCBert-Kla,0.5,847,77,770,0.48164951931185696,0.08585277465037985,-0.03277172073893787,0.0,0.9883116883116884,0.0,0.0,0.898465171192444,0.09918046277165352,761,9,77,0
common_strict,Glycine max,10,12,DeepKla,0.5,847,77,770,0.5555405633327711,0.10680254699044328,0.010187387021976937,0.36363636363636365,0.6532467532467533,0.09491525423728814,0.15053763440860216,0.6269185360094451,0.22129042760393253,503,267,49,28
common_strict,Glycine max,10,12,Auto-Kla,0.5,847,77,770,0.6911367852926295,0.15793928031000923,0.1260044793070081,0.3116883116883117,0.8506493506493507,0.17266187050359713,0.2222222222222222,0.8016528925619835,0.17756672745662253,655,115,53,24
common_strict,Glycine max,10,12,HybridKla,0.5,847,77,770,0.7191769269691346,0.22301266847905163,0.1981057233651093,0.5974025974025974,0.7207792207792207,0.17624521072796934,0.27218934911242604,0.7095631641086186,0.2157172708531361,555,215,31,46
common_strict,Glycine max,10,12,PCBert-Kla,0.5,847,77,770,0.4918198684432451,0.08844105165772453,-0.0394810460550619,0.0,0.9831168831168832,0.0,0.0,0.8937426210153483,0.10357473679852548,757,13,77,0
common_strict,Glycine max,10,13,DeepKla,0.5,847,77,770,0.5614606173047731,0.1115563800557849,0.02878618594532406,0.36363636363636365,0.6831168831168831,0.10294117647058823,0.16045845272206302,0.654073199527745,0.2174299060660069,526,244,49,28
common_strict,Glycine max,10,13,Auto-Kla,0.5,847,77,770,0.6753921403272053,0.15131143936696495,0.12059547765471652,0.3116883116883117,0.8454545454545455,0.16783216783216784,0.2181818181818182,0.7969303423848878,0.1797054234009947,651,119,53,24
common_strict,Glycine max,10,13,HybridKla,0.5,847,77,770,0.7098330241187385,0.2263478134285549,0.19006768574465177,0.5974025974025974,0.7103896103896103,0.17100371747211895,0.2658959537572254,0.7001180637544274,0.21833710339664905,547,223,31,46
common_strict,Glycine max,10,13,PCBert-Kla,0.5,847,77,770,0.46566031371226174,0.08309432583546779,-0.040996003084539386,0.0,0.9818181818181818,0.0,0.0,0.8925619834710744,0.10499406221605867,756,14,77,0
common_strict,Glycine max,10,14,DeepKla,0.5,847,77,770,0.5730645977399225,0.11389493245632504,0.024670865264135342,0.36363636363636365,0.6766233766233766,0.10108303249097472,0.1581920903954802,0.6481700118063755,0.21276248323782207,521,249,49,28
common_strict,Glycine max,10,14,Auto-Kla,0.5,847,77,770,0.6766992747512228,0.1497240020046397,0.11926756083217402,0.3116883116883117,0.8441558441558441,0.16666666666666666,0.2171945701357466,0.7957497048406139,0.18402670848566358,650,120,53,24
common_strict,Glycine max,10,14,HybridKla,0.5,847,77,770,0.7186034744476303,0.25419651556418954,0.192056174248315,0.5974025974025974,0.712987012987013,0.17228464419475656,0.26744186046511625,0.7024793388429752,0.2166840901603964,549,221,31,46
common_strict,Glycine max,10,14,PCBert-Kla,0.5,847,77,770,0.47465002529937594,0.08421383186055251,-0.03627381250550059,0.0,0.9857142857142858,0.0,0.0,0.8961038961038961,0.10222107322666292,759,11,77,0
common_strict,Glycine max,10,15,DeepKla,0.5,847,77,770,0.5738910440209142,0.1141808491590358,0.02795958845578088,0.36363636363636365,0.6818181818181818,0.10256410256410256,0.16,0.6528925619834711,0.2141536374436244,525,245,49,28
common_strict,Glycine max,10,15,Auto-Kla,0.5,847,77,770,0.672212852082982,0.14812961714793896,0.11149177579026431,0.3116883116883117,0.8363636363636363,0.16,0.21145374449339205,0.7886658795749705,0.19084180951512952,644,126,53,24
common_strict,Glycine max,10,15,HybridKla,0.5,847,77,770,0.7193287232248271,0.23531943634364047,0.20015129675111734,0.5974025974025974,0.7233766233766233,0.1776061776061776,0.27380952380952384,0.7119244391971665,0.21357653918408323,557,213,31,46
common_strict,Glycine max,10,15,PCBert-Kla,0.5,847,77,770,0.47662337662337667,0.08481013416104714,-0.0394810460550619,0.0,0.9831168831168832,0.0,0.0,0.8937426210153483,0.1033351243210768,757,13,77,0
common_strict,Glycine max,10,16,DeepKla,0.5,847,77,770,0.5696576151121606,0.1102686866958365,0.027134781239448045,0.36363636363636365,0.6805194805194805,0.10218978102189781,0.15954415954415954,0.6517119244391971,0.21615880457105133,524,246,49,28
common_strict,Glycine max,10,16,Auto-Kla,0.5,847,77,770,0.6916259065609716,0.16080010495279756,0.13879491152367324,0.3116883116883117,0.8623376623376623,0.18461538461538463,0.2318840579710145,0.8122786304604487,0.17079995475009083,664,106,53,24
common_strict,Glycine max,10,16,HybridKla,0.5,847,77,770,0.7191431944678698,0.22786870499197925,0.19305557928354672,0.5974025974025974,0.7142857142857143,0.17293233082706766,0.26822157434402333,0.7036599763872491,0.21595789935192986,550,220,31,46
common_strict,Glycine max,10,16,PCBert-Kla,0.5,847,77,770,0.49072356215213353,0.08789998013934595,-0.0379094414163938,0.0,0.9844155844155844,0.0,0.0,0.8949232585596222,0.10162631465439205,758,12,77,0
common_strict,Glycine max,10,17,DeepKla,0.5,847,77,770,0.5721538202057683,0.11284540760526925,0.022222222222222223,0.36363636363636365,0.6727272727272727,0.1,0.15686274509803924,0.6446280991735537,0.21361837300333952,518,252,49,28
common_strict,Glycine max,10,17,Auto-Kla,0.5,847,77,770,0.6706948895260583,0.14611872499367543,0.10772029352710513,0.3116883116883117,0.8324675324675325,0.1568627450980392,0.20869565217391303,0.7851239669421488,0.19420869301758795,641,129,53,24
common_strict,Glycine max,10,17,HybridKla,0.5,847,77,770,0.717793894417271,0.211376675157025,0.20015129675111734,0.5974025974025974,0.7233766233766233,0.1776061776061776,0.27380952380952384,0.7119244391971665,0.21441992668190948,557,213,31,46
common_strict,Glycine max,10,17,PCBert-Kla,0.5,847,77,770,0.4796593017372238,0.08561120127603075,-0.03627381250550059,0.0,0.9857142857142858,0.0,0.0,0.8961038961038961,0.10134825412257314,759,11,77,0
common_strict,Glycine max,10,18,DeepKla,0.5,847,77,770,0.5749536178107607,0.11167782083691624,0.032110961691423585,0.36363636363636365,0.6883116883116883,0.1044776119402985,0.16231884057971016,0.6587957497048406,0.2135633708696423,530,240,49,28
common_strict,Glycine max,10,18,Auto-Kla,0.5,847,77,770,0.679279811097993,0.15186206306932465,0.11794903830092708,0.3116883116883117,0.8428571428571429,0.16551724137931034,0.2162162162162162,0.79456906729634,0.18434102147562972,649,121,53,24
common_strict,Glycine max,10,18,HybridKla,0.5,847,77,770,0.714690504300894,0.2245442288587909,0.18907852874256398,0.5974025974025974,0.7090909090909091,0.17037037037037037,0.26512968299711814,0.6989374262101535,0.21996055981498913,546,224,31,46
common_strict,Glycine max,10,18,PCBert-Kla,0.5,847,77,770,0.48370720188902006,0.08611762292515757,-0.0394810460550619,0.0,0.9831168831168832,0.0,0.0,0.8937426210153483,0.10293193252777018,757,13,77,0
common_strict,Glycine max,10,19,DeepKla,0.5,847,77,770,0.5606510372744138,0.11471057828116528,0.014961928675634784,0.36363636363636365,0.6610389610389611,0.09688581314878893,0.15300546448087432,0.6340023612750886,0.2173569667542197,509,261,49,28
common_strict,Glycine max,10,19,Auto-Kla,0.5,847,77,770,0.6920475628267837,0.16330411205267537,0.14176514889383118,0.3116883116883117,0.8649350649350649,0.1875,0.23414634146341462,0.8146399055489965,0.1681938210629575,666,104,53,24
common_strict,Glycine max,10,19,HybridKla,0.5,847,77,770,0.71900826446281,0.2264177118896673,0.2022119324704896,0.5974025974025974,0.7259740259740259,0.17898832684824903,0.2754491017964072,0.7142857142857143,0.21339421736109127,559,211,31,46
common_strict,Glycine max,10,19,PCBert-Kla,0.5,847,77,770,0.4662337662337662,0.08273978467165083,-0.03456505649101418,0.0,0.987012987012987,0.0,0.0,0.89728453364817,0.10016910518594759,760,10,77,0
common_strict,Glycine max,10,20,DeepKla,0.5,847,77,770,0.5631472423680217,0.10864475664242007,0.02059797704891187,0.36363636363636365,0.6701298701298701,0.09929078014184398,0.15598885793871867,0.6422668240850059,0.21847393816360824,516,254,49,28
common_strict,Glycine max,10,20,Auto-Kla,0.5,847,77,770,0.6730224321133411,0.15936706742229384,0.1315778631928525,0.3116883116883117,0.8558441558441559,0.17777777777777778,0.22641509433962262,0.8063754427390791,0.17521539895046187,659,111,53,24
common_strict,Glycine max,10,20,HybridKla,0.5,847,77,770,0.7151121605667061,0.24005813922381178,0.18907852874256398,0.5974025974025974,0.7090909090909091,0.17037037037037037,0.26512968299711814,0.6989374262101535,0.2189932502769147,546,224,31,46
common_strict,Glycine max,10,20,PCBert-Kla,0.5,847,77,770,0.46886490133243375,0.08391881019616798,-0.03627381250550059,0.0,0.9857142857142858,0.0,0.0,0.8961038961038961,0.10177996540866531,759,11,77,0
common_strict,Glycine max,10,21,DeepKla,0.5,847,77,770,0.5653229886996121,0.11469803956830774,0.02059797704891187,0.36363636363636365,0.6701298701298701,0.09929078014184398,0.15598885793871867,0.6422668240850059,0.21537051377673494,516,254,49,28
common_strict,Glycine max,10,21,Auto-Kla,0.5,847,77,770,0.6857311519649183,0.16060664614942202,0.13732812231125213,0.3116883116883117,0.861038961038961,0.183206106870229,0.23076923076923078,0.8110979929161747,0.1716993540947228,663,107,53,24
common_strict,Glycine max,10,21,HybridKla,0.5,847,77,770,0.7040647664024287,0.21654809567340969,0.18224606920925784,0.5974025974025974,0.7,0.16606498194945848,0.2598870056497175,0.6906729634002361,0.22875751907981343,539,231,31,46
common_strict,Glycine max,10,21,PCBert-Kla,0.5,847,77,770,0.4828976218586608,0.08642915707958276,-0.030879055856421977,0.0,0.9896103896103896,0.0,0.0,0.8996458087367178,0.09839803056894275,762,8,77,0
common_strict,Glycine max,10,22,DeepKla,0.5,847,77,770,0.5628942486085343,0.110444726337557,0.018173444466748106,0.36363636363636365,0.6662337662337663,0.09824561403508772,0.15469613259668508,0.6387249114521841,0.21789193245148683,513,257,49,28
common_strict,Glycine max,10,22,Auto-Kla,0.5,847,77,770,0.6851239669421487,0.15624986698121243,0.12463727935222313,0.3116883116883117,0.8493506493506493,0.17142857142857143,0.22119815668202764,0.8004722550177096,0.18141257679458708,654,116,53,24
common_strict,Glycine max,10,22,HybridKla,0.5,847,77,770,0.7300050598751898,0.25581799980990455,0.20954765032193487,0.5974025974025974,0.7350649350649351,0.184,0.2813455657492355,0.7225501770956316,0.20140908442301697,566,204,31,46
common_strict,Glycine max,10,22,PCBert-Kla,0.5,847,77,770,0.47648844661831674,0.08519921141884507,-0.03456505649101418,0.0,0.987012987012987,0.0,0.0,0.89728453364817,0.10051747266441614,760,10,77,0
common_strict,Glycine max,10,23,DeepKla,0.5,847,77,770,0.5647326699274752,0.11283229530002066,0.015762599747031966,0.36363636363636365,0.6623376623376623,0.09722222222222222,0.15342465753424658,0.6351829988193625,0.2167537323823942,510,260,49,28
common_strict,Glycine max,10,23,Auto-Kla,0.5,847,77,770,0.6642435486591332,0.15175733850645,0.11794903830092708,0.3116883116883117,0.8428571428571429,0.16551724137931034,0.2162162162162162,0.79456906729634,0.18358277478711676,649,121,53,24
common_strict,Glycine max,10,23,HybridKla,0.5,847,77,770,0.7005397200202395,0.21709710513201586,0.1690264108448859,0.5974025974025974,0.6818181818181818,0.15807560137457044,0.25,0.6741440377804014,0.23468518189675328,525,245,31,46
common_strict,Glycine max,10,23,PCBert-Kla,0.5,847,77,770,0.47321639399561477,0.08489798543094187,-0.0379094414163938,0.0,0.9844155844155844,0.0,0.0,0.8949232585596222,0.10073742610354296,758,12,77,0
common_strict,Glycine max,10,24,DeepKla,0.5,847,77,770,0.5710406476640243,0.11352157432960634,0.02059797704891187,0.36363636363636365,0.6701298701298701,0.09929078014184398,0.15598885793871867,0.6422668240850059,0.21468192424515367,516,254,49,28
common_strict,Glycine max,10,24,Auto-Kla,0.5,847,77,770,0.6831421824928319,0.1531775597664822,0.12059547765471652,0.3116883116883117,0.8454545454545455,0.16783216783216784,0.2181818181818182,0.7969303423848878,0.18497079344001188,651,119,53,24
common_strict,Glycine max,10,24,HybridKla,0.5,847,77,770,0.723123629617136,0.23134805343455184,0.20743162202951068,0.5974025974025974,0.7324675324675325,0.18253968253968253,0.2796352583586626,0.7201889020070839,0.2064712058820301,564,206,31,46
common_strict,Glycine max,10,24,PCBert-Kla,0.5,847,77,770,0.48900320458762014,0.08726092793047939,-0.03456505649101418,0.0,0.987012987012987,0.0,0.0,0.89728453364817,0.10024960784057618,760,10,77,0
common_strict,Glycine max,10,25,DeepKla,0.5,847,77,770,0.5736886490133244,0.11671428499491047,0.027134781239448045,0.36363636363636365,0.6805194805194805,0.10218978102189781,0.15954415954415954,0.6517119244391971,0.2118914148191984,524,246,49,28
common_strict,Glycine max,10,25,Auto-Kla,0.5,847,77,770,0.684542081295328,0.1546160972324306,0.1260044793070081,0.3116883116883117,0.8506493506493507,0.17266187050359713,0.2222222222222222,0.8016528925619835,0.180856386641619,655,115,53,24
common_strict,Glycine max,10,25,HybridKla,0.5,847,77,770,0.7230730308652387,0.21642193139131985,0.2022119324704896,0.5974025974025974,0.7259740259740259,0.17898832684824903,0.2754491017964072,0.7142857142857143,0.21169950190771503,559,211,31,46
common_strict,Glycine max,10,25,PCBert-Kla,0.5,847,77,770,0.47524034407151283,0.08414738292791041,-0.0379094414163938,0.0,0.9844155844155844,0.0,0.0,0.8949232585596222,0.1027757428205499,758,12,77,0
common_strict,Glycine max,10,26,DeepKla,0.5,847,77,770,0.5745319615449487,0.11601373823837013,0.02795958845578088,0.36363636363636365,0.6818181818181818,0.10256410256410256,0.16,0.6528925619834711,0.21164496577741468,525,245,49,28
common_strict,Glycine max,10,26,Auto-Kla,0.5,847,77,770,0.6745656940462136,0.1477051441667766,0.11926756083217402,0.3116883116883117,0.8441558441558441,0.16666666666666666,0.2171945701357466,0.7957497048406139,0.18877690096616367,650,120,53,24
common_strict,Glycine max,10,26,HybridKla,0.5,847,77,770,0.7043683589138134,0.22151372673688566,0.18321255906191358,0.5974025974025974,0.7012987012987013,0.16666666666666666,0.26062322946175637,0.69185360094451,0.2286422429980505,540,230,31,46
common_strict,Glycine max,10,26,PCBert-Kla,0.5,847,77,770,0.47844493169168495,0.08574478917713238,-0.03627381250550059,0.0,0.9857142857142858,0.0,0.0,0.8961038961038961,0.10146163237598053,759,11,77,0
common_strict,Glycine max,10,27,DeepKla,0.5,847,77,770,0.561561814808568,0.10863310480415567,0.018173444466748106,0.36363636363636365,0.6662337662337663,0.09824561403508772,0.15469613259668508,0.6387249114521841,0.21874001227048517,513,257,49,28
common_strict,Glycine max,10,27,Auto-Kla,0.5,847,77,770,0.6803086523865745,0.15686425571578097,0.1344300528228587,0.3116883116883117,0.8584415584415584,0.18045112781954886,0.22857142857142856,0.8087367178276269,0.1707010356732093,661,109,53,24
common_strict,Glycine max,10,27,HybridKla,0.5,847,77,770,0.719396188227357,0.23354017956739792,0.20015129675111734,0.5974025974025974,0.7233766233766233,0.1776061776061776,0.27380952380952384,0.7119244391971665,0.21087196241505118,557,213,31,46
common_strict,Glycine max,10,27,PCBert-Kla,0.5,847,77,770,0.4813121942992073,0.08576369145256664,-0.0394810460550619,0.0,0.9831168831168832,0.0,0.0,0.8937426210153483,0.10390946174273741,757,13,77,0
common_strict,Glycine max,10,28,DeepKla,0.5,847,77,770,0.5775341541575308,0.11692778094790607,0.024670865264135342,0.36363636363636365,0.6766233766233766,0.10108303249097472,0.1581920903954802,0.6481700118063755,0.2121081072390651,521,249,49,28
common_strict,Glycine max,10,28,Auto-Kla,0.5,847,77,770,0.6795159386068477,0.15189295542889084,0.12193295530680441,0.3116883116883117,0.8467532467532467,0.16901408450704225,0.2191780821917808,0.7981109799291618,0.1844852649089318,652,118,53,24
common_strict,Glycine max,10,28,HybridKla,0.5,847,77,770,0.7180974869286558,0.23363327487460972,0.18907852874256398,0.5974025974025974,0.7090909090909091,0.17037037037037037,0.26512968299711814,0.6989374262101535,0.22083340199574855,546,224,31,46
common_strict,Glycine max,10,28,PCBert-Kla,0.5,847,77,770,0.4802496205093608,0.08475119299887249,-0.040996003084539386,0.0,0.9818181818181818,0.0,0.0,0.8925619834710744,0.10405666303275228,756,14,77,0
common_strict,Glycine max,10,29,DeepKla,0.5,847,77,770,0.5705852588969472,0.1121346160947761,0.031276960945322445,0.36363636363636365,0.687012987012987,0.10408921933085502,0.16184971098265896,0.6576151121605667,0.2146599552480192,529,241,49,28
common_strict,Glycine max,10,29,Auto-Kla,0.5,847,77,770,0.6871141845167819,0.16173912841540605,0.1315778631928525,0.3116883116883117,0.8558441558441559,0.17777777777777778,0.22641509433962262,0.8063754427390791,0.16810716186181912,659,111,53,24
common_strict,Glycine max,10,29,HybridKla,0.5,847,77,770,0.7167144543767922,0.24238068812412822,0.18613097457705557,0.5974025974025974,0.7051948051948052,0.1684981684981685,0.26285714285714284,0.6953955135773318,0.22170382353616075,543,227,31,46
common_strict,Glycine max,10,29,PCBert-Kla,0.5,847,77,770,0.47586439534491476,0.08464740022738632,-0.04246038878042234,0.0,0.9805194805194806,0.0,0.0,0.8913813459268005,0.1066425944704258,755,15,77,0
common_strict,Glycine max,all,0,DeepKla,0.5,1650,77,1573,0.5707267938672898,0.05876306935773118,0.01802963047287768,0.36363636363636365,0.6764144945963128,0.0521415270018622,0.09120521172638436,0.6618181818181819,0.20956179252675325,1064,509,49,28
common_strict,Glycine max,all,0,Auto-Kla,0.5,1650,77,1573,0.6810503546040736,0.08249404375558969,0.09307227299842856,0.3116883116883117,0.8493324856961221,0.09195402298850575,0.14201183431952663,0.8242424242424242,0.15670828538351997,1336,237,53,24
common_strict,Glycine max,all,0,HybridKla,0.5,1650,77,1573,0.7164405842091793,0.12863830266137047,0.14509518105795233,0.5974025974025974,0.7171010807374444,0.09368635437881874,0.1619718309859155,0.7115151515151515,0.2117215264853688,1128,445,31,46
common_strict,Glycine max,all,0,PCBert-Kla,0.5,1650,77,1573,0.47722525408475824,0.0434997717883302,-0.027442541077410603,0.0,0.9841068022886205,0.0,0.0,0.9381818181818182,0.05929800843559298,1548,25,77,0
common_strict,Glycine max,all,1,DeepKla,0.5,1650,77,1573,0.5707267938672898,0.05876306935773118,0.01802963047287768,0.36363636363636365,0.6764144945963128,0.0521415270018622,0.09120521172638436,0.6618181818181819,0.20956179252675325,1064,509,49,28
common_strict,Glycine max,all,1,Auto-Kla,0.5,1650,77,1573,0.6810503546040736,0.08249404375558969,0.09307227299842856,0.3116883116883117,0.8493324856961221,0.09195402298850575,0.14201183431952663,0.8242424242424242,0.15670828538351997,1336,237,53,24
common_strict,Glycine max,all,1,HybridKla,0.5,1650,77,1573,0.7164405842091793,0.12863830266137047,0.14509518105795233,0.5974025974025974,0.7171010807374444,0.09368635437881874,0.1619718309859155,0.7115151515151515,0.2117215264853688,1128,445,31,46
common_strict,Glycine max,all,1,PCBert-Kla,0.5,1650,77,1573,0.47722525408475824,0.0434997717883302,-0.027442541077410603,0.0,0.9841068022886205,0.0,0.0,0.9381818181818182,0.05929800843559298,1548,25,77,0
common_strict,Glycine max,all,2,DeepKla,0.5,1650,77,1573,0.5707267938672898,0.05876306935773118,0.01802963047287768,0.36363636363636365,0.6764144945963128,0.0521415270018622,0.09120521172638436,0.6618181818181819,0.20956179252675325,1064,509,49,28
common_strict,Glycine max,all,2,Auto-Kla,0.5,1650,77,1573,0.6810503546040736,0.08249404375558969,0.09307227299842856,0.3116883116883117,0.8493324856961221,0.09195402298850575,0.14201183431952663,0.8242424242424242,0.15670828538351997,1336,237,53,24
common_strict,Glycine max,all,2,HybridKla,0.5,1650,77,1573,0.7164405842091793,0.12863830266137047,0.14509518105795233,0.5974025974025974,0.7171010807374444,0.09368635437881874,0.1619718309859155,0.7115151515151515,0.2117215264853688,1128,445,31,46
common_strict,Glycine max,all,2,PCBert-Kla,0.5,1650,77,1573,0.47722525408475824,0.0434997717883302,-0.027442541077410603,0.0,0.9841068022886205,0.0,0.0,0.9381818181818182,0.05929800843559298,1548,25,77,0
common_strict,Glycine max,all,3,DeepKla,0.5,1650,77,1573,0.5707267938672898,0.05876306935773118,0.01802963047287768,0.36363636363636365,0.6764144945963128,0.0521415270018622,0.09120521172638436,0.6618181818181819,0.20956179252675325,1064,509,49,28
common_strict,Glycine max,all,3,Auto-Kla,0.5,1650,77,1573,0.6810503546040736,0.08249404375558969,0.09307227299842856,0.3116883116883117,0.8493324856961221,0.09195402298850575,0.14201183431952663,0.8242424242424242,0.15670828538351997,1336,237,53,24
common_strict,Glycine max,all,3,HybridKla,0.5,1650,77,1573,0.7164405842091793,0.12863830266137047,0.14509518105795233,0.5974025974025974,0.7171010807374444,0.09368635437881874,0.1619718309859155,0.7115151515151515,0.2117215264853688,1128,445,31,46
common_strict,Glycine max,all,3,PCBert-Kla,0.5,1650,77,1573,0.47722525408475824,0.0434997717883302,-0.027442541077410603,0.0,0.9841068022886205,0.0,0.0,0.9381818181818182,0.05929800843559298,1548,25,77,0
common_strict,Glycine max,all,4,DeepKla,0.5,1650,77,1573,0.5707267938672898,0.05876306935773118,0.01802963047287768,0.36363636363636365,0.6764144945963128,0.0521415270018622,0.09120521172638436,0.6618181818181819,0.20956179252675325,1064,509,49,28
common_strict,Glycine max,all,4,Auto-Kla,0.5,1650,77,1573,0.6810503546040736,0.08249404375558969,0.09307227299842856,0.3116883116883117,0.8493324856961221,0.09195402298850575,0.14201183431952663,0.8242424242424242,0.15670828538351997,1336,237,53,24
common_strict,Glycine max,all,4,HybridKla,0.5,1650,77,1573,0.7164405842091793,0.12863830266137047,0.14509518105795233,0.5974025974025974,0.7171010807374444,0.09368635437881874,0.1619718309859155,0.7115151515151515,0.2117215264853688,1128,445,31,46
common_strict,Glycine max,all,4,PCBert-Kla,0.5,1650,77,1573,0.47722525408475824,0.0434997717883302,-0.027442541077410603,0.0,0.9841068022886205,0.0,0.0,0.9381818181818182,0.05929800843559298,1548,25,77,0
common_strict,Glycine max,all,5,DeepKla,0.5,1650,77,1573,0.5707267938672898,0.05876306935773118,0.01802963047287768,0.36363636363636365,0.6764144945963128,0.0521415270018622,0.09120521172638436,0.6618181818181819,0.20956179252675325,1064,509,49,28
common_strict,Glycine max,all,5,Auto-Kla,0.5,1650,77,1573,0.6810503546040736,0.08249404375558969,0.09307227299842856,0.3116883116883117,0.8493324856961221,0.09195402298850575,0.14201183431952663,0.8242424242424242,0.15670828538351997,1336,237,53,24
common_strict,Glycine max,all,5,HybridKla,0.5,1650,77,1573,0.7164405842091793,0.12863830266137047,0.14509518105795233,0.5974025974025974,0.7171010807374444,0.09368635437881874,0.1619718309859155,0.7115151515151515,0.2117215264853688,1128,445,31,46
common_strict,Glycine max,all,5,PCBert-Kla,0.5,1650,77,1573,0.47722525408475824,0.0434997717883302,-0.027442541077410603,0.0,0.9841068022886205,0.0,0.0,0.9381818181818182,0.05929800843559298,1548,25,77,0
common_strict,Glycine max,all,6,DeepKla,0.5,1650,77,1573,0.5707267938672898,0.05876306935773118,0.01802963047287768,0.36363636363636365,0.6764144945963128,0.0521415270018622,0.09120521172638436,0.6618181818181819,0.20956179252675325,1064,509,49,28
common_strict,Glycine max,all,6,Auto-Kla,0.5,1650,77,1573,0.6810503546040736,0.08249404375558969,0.09307227299842856,0.3116883116883117,0.8493324856961221,0.09195402298850575,0.14201183431952663,0.8242424242424242,0.15670828538351997,1336,237,53,24
common_strict,Glycine max,all,6,HybridKla,0.5,1650,77,1573,0.7164405842091793,0.12863830266137047,0.14509518105795233,0.5974025974025974,0.7171010807374444,0.09368635437881874,0.1619718309859155,0.7115151515151515,0.2117215264853688,1128,445,31,46
common_strict,Glycine max,all,6,PCBert-Kla,0.5,1650,77,1573,0.47722525408475824,0.0434997717883302,-0.027442541077410603,0.0,0.9841068022886205,0.0,0.0,0.9381818181818182,0.05929800843559298,1548,25,77,0
common_strict,Glycine max,all,7,DeepKla,0.5,1650,77,1573,0.5707267938672898,0.05876306935773118,0.01802963047287768,0.36363636363636365,0.6764144945963128,0.0521415270018622,0.09120521172638436,0.6618181818181819,0.20956179252675325,1064,509,49,28
common_strict,Glycine max,all,7,Auto-Kla,0.5,1650,77,1573,0.6810503546040736,0.08249404375558969,0.09307227299842856,0.3116883116883117,0.8493324856961221,0.09195402298850575,0.14201183431952663,0.8242424242424242,0.15670828538351997,1336,237,53,24
common_strict,Glycine max,all,7,HybridKla,0.5,1650,77,1573,0.7164405842091793,0.12863830266137047,0.14509518105795233,0.5974025974025974,0.7171010807374444,0.09368635437881874,0.1619718309859155,0.7115151515151515,0.2117215264853688,1128,445,31,46
common_strict,Glycine max,all,7,PCBert-Kla,0.5,1650,77,1573,0.47722525408475824,0.0434997717883302,-0.027442541077410603,0.0,0.9841068022886205,0.0,0.0,0.9381818181818182,0.05929800843559298,1548,25,77,0
common_strict,Glycine max,all,8,DeepKla,0.5,1650,77,1573,0.5707267938672898,0.05876306935773118,0.01802963047287768,0.36363636363636365,0.6764144945963128,0.0521415270018622,0.09120521172638436,0.6618181818181819,0.20956179252675325,1064,509,49,28
common_strict,Glycine max,all,8,Auto-Kla,0.5,1650,77,1573,0.6810503546040736,0.08249404375558969,0.09307227299842856,0.3116883116883117,0.8493324856961221,0.09195402298850575,0.14201183431952663,0.8242424242424242,0.15670828538351997,1336,237,53,24
common_strict,Glycine max,all,8,HybridKla,0.5,1650,77,1573,0.7164405842091793,0.12863830266137047,0.14509518105795233,0.5974025974025974,0.7171010807374444,0.09368635437881874,0.1619718309859155,0.7115151515151515,0.2117215264853688,1128,445,31,46
common_strict,Glycine max,all,8,PCBert-Kla,0.5,1650,77,1573,0.47722525408475824,0.0434997717883302,-0.027442541077410603,0.0,0.9841068022886205,0.0,0.0,0.9381818181818182,0.05929800843559298,1548,25,77,0
common_strict,Glycine max,all,9,DeepKla,0.5,1650,77,1573,0.5707267938672898,0.05876306935773118,0.01802963047287768,0.36363636363636365,0.6764144945963128,0.0521415270018622,0.09120521172638436,0.6618181818181819,0.20956179252675325,1064,509,49,28
common_strict,Glycine max,all,9,Auto-Kla,0.5,1650,77,1573,0.6810503546040736,0.08249404375558969,0.09307227299842856,0.3116883116883117,0.8493324856961221,0.09195402298850575,0.14201183431952663,0.8242424242424242,0.15670828538351997,1336,237,53,24
common_strict,Glycine max,all,9,HybridKla,0.5,1650,77,1573,0.7164405842091793,0.12863830266137047,0.14509518105795233,0.5974025974025974,0.7171010807374444,0.09368635437881874,0.1619718309859155,0.7115151515151515,0.2117215264853688,1128,445,31,46
common_strict,Glycine max,all,9,PCBert-Kla,0.5,1650,77,1573,0.47722525408475824,0.0434997717883302,-0.027442541077410603,0.0,0.9841068022886205,0.0,0.0,0.9381818181818182,0.05929800843559298,1548,25,77,0
common_strict,Glycine max,all,10,DeepKla,0.5,1650,77,1573,0.5707267938672898,0.05876306935773118,0.01802963047287768,0.36363636363636365,0.6764144945963128,0.0521415270018622,0.09120521172638436,0.6618181818181819,0.20956179252675325,1064,509,49,28
common_strict,Glycine max,all,10,Auto-Kla,0.5,1650,77,1573,0.6810503546040736,0.08249404375558969,0.09307227299842856,0.3116883116883117,0.8493324856961221,0.09195402298850575,0.14201183431952663,0.8242424242424242,0.15670828538351997,1336,237,53,24
common_strict,Glycine max,all,10,HybridKla,0.5,1650,77,1573,0.7164405842091793,0.12863830266137047,0.14509518105795233,0.5974025974025974,0.7171010807374444,0.09368635437881874,0.1619718309859155,0.7115151515151515,0.2117215264853688,1128,445,31,46
common_strict,Glycine max,all,10,PCBert-Kla,0.5,1650,77,1573,0.47722525408475824,0.0434997717883302,-0.027442541077410603,0.0,0.9841068022886205,0.0,0.0,0.9381818181818182,0.05929800843559298,1548,25,77,0
common_strict,Glycine max,all,11,DeepKla,0.5,1650,77,1573,0.5707267938672898,0.05876306935773118,0.01802963047287768,0.36363636363636365,0.6764144945963128,0.0521415270018622,0.09120521172638436,0.6618181818181819,0.20956179252675325,1064,509,49,28
common_strict,Glycine max,all,11,Auto-Kla,0.5,1650,77,1573,0.6810503546040736,0.08249404375558969,0.09307227299842856,0.3116883116883117,0.8493324856961221,0.09195402298850575,0.14201183431952663,0.8242424242424242,0.15670828538351997,1336,237,53,24
common_strict,Glycine max,all,11,HybridKla,0.5,1650,77,1573,0.7164405842091793,0.12863830266137047,0.14509518105795233,0.5974025974025974,0.7171010807374444,0.09368635437881874,0.1619718309859155,0.7115151515151515,0.2117215264853688,1128,445,31,46
common_strict,Glycine max,all,11,PCBert-Kla,0.5,1650,77,1573,0.47722525408475824,0.0434997717883302,-0.027442541077410603,0.0,0.9841068022886205,0.0,0.0,0.9381818181818182,0.05929800843559298,1548,25,77,0
common_strict,Glycine max,all,12,DeepKla,0.5,1650,77,1573,0.5707267938672898,0.05876306935773118,0.01802963047287768,0.36363636363636365,0.6764144945963128,0.0521415270018622,0.09120521172638436,0.6618181818181819,0.20956179252675325,1064,509,49,28
common_strict,Glycine max,all,12,Auto-Kla,0.5,1650,77,1573,0.6810503546040736,0.08249404375558969,0.09307227299842856,0.3116883116883117,0.8493324856961221,0.09195402298850575,0.14201183431952663,0.8242424242424242,0.15670828538351997,1336,237,53,24
common_strict,Glycine max,all,12,HybridKla,0.5,1650,77,1573,0.7164405842091793,0.12863830266137047,0.14509518105795233,0.5974025974025974,0.7171010807374444,0.09368635437881874,0.1619718309859155,0.7115151515151515,0.2117215264853688,1128,445,31,46
common_strict,Glycine max,all,12,PCBert-Kla,0.5,1650,77,1573,0.47722525408475824,0.0434997717883302,-0.027442541077410603,0.0,0.9841068022886205,0.0,0.0,0.9381818181818182,0.05929800843559298,1548,25,77,0
common_strict,Glycine max,all,13,DeepKla,0.5,1650,77,1573,0.5707267938672898,0.05876306935773118,0.01802963047287768,0.36363636363636365,0.6764144945963128,0.0521415270018622,0.09120521172638436,0.6618181818181819,0.20956179252675325,1064,509,49,28
common_strict,Glycine max,all,13,Auto-Kla,0.5,1650,77,1573,0.6810503546040736,0.08249404375558969,0.09307227299842856,0.3116883116883117,0.8493324856961221,0.09195402298850575,0.14201183431952663,0.8242424242424242,0.15670828538351997,1336,237,53,24
common_strict,Glycine max,all,13,HybridKla,0.5,1650,77,1573,0.7164405842091793,0.12863830266137047,0.14509518105795233,0.5974025974025974,0.7171010807374444,0.09368635437881874,0.1619718309859155,0.7115151515151515,0.2117215264853688,1128,445,31,46
common_strict,Glycine max,all,13,PCBert-Kla,0.5,1650,77,1573,0.47722525408475824,0.0434997717883302,-0.027442541077410603,0.0,0.9841068022886205,0.0,0.0,0.9381818181818182,0.05929800843559298,1548,25,77,0
common_strict,Glycine max,all,14,DeepKla,0.5,1650,77,1573,0.5707267938672898,0.05876306935773118,0.01802963047287768,0.36363636363636365,0.6764144945963128,0.0521415270018622,0.09120521172638436,0.6618181818181819,0.20956179252675325,1064,509,49,28
common_strict,Glycine max,all,14,Auto-Kla,0.5,1650,77,1573,0.6810503546040736,0.08249404375558969,0.09307227299842856,0.3116883116883117,0.8493324856961221,0.09195402298850575,0.14201183431952663,0.8242424242424242,0.15670828538351997,1336,237,53,24
common_strict,Glycine max,all,14,HybridKla,0.5,1650,77,1573,0.7164405842091793,0.12863830266137047,0.14509518105795233,0.5974025974025974,0.7171010807374444,0.09368635437881874,0.1619718309859155,0.7115151515151515,0.2117215264853688,1128,445,31,46
common_strict,Glycine max,all,14,PCBert-Kla,0.5,1650,77,1573,0.47722525408475824,0.0434997717883302,-0.027442541077410603,0.0,0.9841068022886205,0.0,0.0,0.9381818181818182,0.05929800843559298,1548,25,77,0
common_strict,Glycine max,all,15,DeepKla,0.5,1650,77,1573,0.5707267938672898,0.05876306935773118,0.01802963047287768,0.36363636363636365,0.6764144945963128,0.0521415270018622,0.09120521172638436,0.6618181818181819,0.20956179252675325,1064,509,49,28
common_strict,Glycine max,all,15,Auto-Kla,0.5,1650,77,1573,0.6810503546040736,0.08249404375558969,0.09307227299842856,0.3116883116883117,0.8493324856961221,0.09195402298850575,0.14201183431952663,0.8242424242424242,0.15670828538351997,1336,237,53,24
common_strict,Glycine max,all,15,HybridKla,0.5,1650,77,1573,0.7164405842091793,0.12863830266137047,0.14509518105795233,0.5974025974025974,0.7171010807374444,0.09368635437881874,0.1619718309859155,0.7115151515151515,0.2117215264853688,1128,445,31,46
common_strict,Glycine max,all,15,PCBert-Kla,0.5,1650,77,1573,0.47722525408475824,0.0434997717883302,-0.027442541077410603,0.0,0.9841068022886205,0.0,0.0,0.9381818181818182,0.05929800843559298,1548,25,77,0
common_strict,Glycine max,all,16,DeepKla,0.5,1650,77,1573,0.5707267938672898,0.05876306935773118,0.01802963047287768,0.36363636363636365,0.6764144945963128,0.0521415270018622,0.09120521172638436,0.6618181818181819,0.20956179252675325,1064,509,49,28
common_strict,Glycine max,all,16,Auto-Kla,0.5,1650,77,1573,0.6810503546040736,0.08249404375558969,0.09307227299842856,0.3116883116883117,0.8493324856961221,0.09195402298850575,0.14201183431952663,0.8242424242424242,0.15670828538351997,1336,237,53,24
common_strict,Glycine max,all,16,HybridKla,0.5,1650,77,1573,0.7164405842091793,0.12863830266137047,0.14509518105795233,0.5974025974025974,0.7171010807374444,0.09368635437881874,0.1619718309859155,0.7115151515151515,0.2117215264853688,1128,445,31,46
common_strict,Glycine max,all,16,PCBert-Kla,0.5,1650,77,1573,0.47722525408475824,0.0434997717883302,-0.027442541077410603,0.0,0.9841068022886205,0.0,0.0,0.9381818181818182,0.05929800843559298,1548,25,77,0
common_strict,Glycine max,all,17,DeepKla,0.5,1650,77,1573,0.5707267938672898,0.05876306935773118,0.01802963047287768,0.36363636363636365,0.6764144945963128,0.0521415270018622,0.09120521172638436,0.6618181818181819,0.20956179252675325,1064,509,49,28
common_strict,Glycine max,all,17,Auto-Kla,0.5,1650,77,1573,0.6810503546040736,0.08249404375558969,0.09307227299842856,0.3116883116883117,0.8493324856961221,0.09195402298850575,0.14201183431952663,0.8242424242424242,0.15670828538351997,1336,237,53,24
common_strict,Glycine max,all,17,HybridKla,0.5,1650,77,1573,0.7164405842091793,0.12863830266137047,0.14509518105795233,0.5974025974025974,0.7171010807374444,0.09368635437881874,0.1619718309859155,0.7115151515151515,0.2117215264853688,1128,445,31,46
common_strict,Glycine max,all,17,PCBert-Kla,0.5,1650,77,1573,0.47722525408475824,0.0434997717883302,-0.027442541077410603,0.0,0.9841068022886205,0.0,0.0,0.9381818181818182,0.05929800843559298,1548,25,77,0
common_strict,Glycine max,all,18,DeepKla,0.5,1650,77,1573,0.5707267938672898,0.05876306935773118,0.01802963047287768,0.36363636363636365,0.6764144945963128,0.0521415270018622,0.09120521172638436,0.6618181818181819,0.20956179252675325,1064,509,49,28
common_strict,Glycine max,all,18,Auto-Kla,0.5,1650,77,1573,0.6810503546040736,0.08249404375558969,0.09307227299842856,0.3116883116883117,0.8493324856961221,0.09195402298850575,0.14201183431952663,0.8242424242424242,0.15670828538351997,1336,237,53,24
common_strict,Glycine max,all,18,HybridKla,0.5,1650,77,1573,0.7164405842091793,0.12863830266137047,0.14509518105795233,0.5974025974025974,0.7171010807374444,0.09368635437881874,0.1619718309859155,0.7115151515151515,0.2117215264853688,1128,445,31,46
common_strict,Glycine max,all,18,PCBert-Kla,0.5,1650,77,1573,0.47722525408475824,0.0434997717883302,-0.027442541077410603,0.0,0.9841068022886205,0.0,0.0,0.9381818181818182,0.05929800843559298,1548,25,77,0
common_strict,Glycine max,all,19,DeepKla,0.5,1650,77,1573,0.5707267938672898,0.05876306935773118,0.01802963047287768,0.36363636363636365,0.6764144945963128,0.0521415270018622,0.09120521172638436,0.6618181818181819,0.20956179252675325,1064,509,49,28
common_strict,Glycine max,all,19,Auto-Kla,0.5,1650,77,1573,0.6810503546040736,0.08249404375558969,0.09307227299842856,0.3116883116883117,0.8493324856961221,0.09195402298850575,0.14201183431952663,0.8242424242424242,0.15670828538351997,1336,237,53,24
common_strict,Glycine max,all,19,HybridKla,0.5,1650,77,1573,0.7164405842091793,0.12863830266137047,0.14509518105795233,0.5974025974025974,0.7171010807374444,0.09368635437881874,0.1619718309859155,0.7115151515151515,0.2117215264853688,1128,445,31,46
common_strict,Glycine max,all,19,PCBert-Kla,0.5,1650,77,1573,0.47722525408475824,0.0434997717883302,-0.027442541077410603,0.0,0.9841068022886205,0.0,0.0,0.9381818181818182,0.05929800843559298,1548,25,77,0
common_strict,Glycine max,all,20,DeepKla,0.5,1650,77,1573,0.5707267938672898,0.05876306935773118,0.01802963047287768,0.36363636363636365,0.6764144945963128,0.0521415270018622,0.09120521172638436,0.6618181818181819,0.20956179252675325,1064,509,49,28
common_strict,Glycine max,all,20,Auto-Kla,0.5,1650,77,1573,0.6810503546040736,0.08249404375558969,0.09307227299842856,0.3116883116883117,0.8493324856961221,0.09195402298850575,0.14201183431952663,0.8242424242424242,0.15670828538351997,1336,237,53,24
common_strict,Glycine max,all,20,HybridKla,0.5,1650,77,1573,0.7164405842091793,0.12863830266137047,0.14509518105795233,0.5974025974025974,0.7171010807374444,0.09368635437881874,0.1619718309859155,0.7115151515151515,0.2117215264853688,1128,445,31,46
common_strict,Glycine max,all,20,PCBert-Kla,0.5,1650,77,1573,0.47722525408475824,0.0434997717883302,-0.027442541077410603,0.0,0.9841068022886205,0.0,0.0,0.9381818181818182,0.05929800843559298,1548,25,77,0
common_strict,Glycine max,all,21,DeepKla,0.5,1650,77,1573,0.5707267938672898,0.05876306935773118,0.01802963047287768,0.36363636363636365,0.6764144945963128,0.0521415270018622,0.09120521172638436,0.6618181818181819,0.20956179252675325,1064,509,49,28
common_strict,Glycine max,all,21,Auto-Kla,0.5,1650,77,1573,0.6810503546040736,0.08249404375558969,0.09307227299842856,0.3116883116883117,0.8493324856961221,0.09195402298850575,0.14201183431952663,0.8242424242424242,0.15670828538351997,1336,237,53,24
common_strict,Glycine max,all,21,HybridKla,0.5,1650,77,1573,0.7164405842091793,0.12863830266137047,0.14509518105795233,0.5974025974025974,0.7171010807374444,0.09368635437881874,0.1619718309859155,0.7115151515151515,0.2117215264853688,1128,445,31,46
common_strict,Glycine max,all,21,PCBert-Kla,0.5,1650,77,1573,0.47722525408475824,0.0434997717883302,-0.027442541077410603,0.0,0.9841068022886205,0.0,0.0,0.9381818181818182,0.05929800843559298,1548,25,77,0
common_strict,Glycine max,all,22,DeepKla,0.5,1650,77,1573,0.5707267938672898,0.05876306935773118,0.01802963047287768,0.36363636363636365,0.6764144945963128,0.0521415270018622,0.09120521172638436,0.6618181818181819,0.20956179252675325,1064,509,49,28
common_strict,Glycine max,all,22,Auto-Kla,0.5,1650,77,1573,0.6810503546040736,0.08249404375558969,0.09307227299842856,0.3116883116883117,0.8493324856961221,0.09195402298850575,0.14201183431952663,0.8242424242424242,0.15670828538351997,1336,237,53,24
common_strict,Glycine max,all,22,HybridKla,0.5,1650,77,1573,0.7164405842091793,0.12863830266137047,0.14509518105795233,0.5974025974025974,0.7171010807374444,0.09368635437881874,0.1619718309859155,0.7115151515151515,0.2117215264853688,1128,445,31,46
common_strict,Glycine max,all,22,PCBert-Kla,0.5,1650,77,1573,0.47722525408475824,0.0434997717883302,-0.027442541077410603,0.0,0.9841068022886205,0.0,0.0,0.9381818181818182,0.05929800843559298,1548,25,77,0
common_strict,Glycine max,all,23,DeepKla,0.5,1650,77,1573,0.5707267938672898,0.05876306935773118,0.01802963047287768,0.36363636363636365,0.6764144945963128,0.0521415270018622,0.09120521172638436,0.6618181818181819,0.20956179252675325,1064,509,49,28
common_strict,Glycine max,all,23,Auto-Kla,0.5,1650,77,1573,0.6810503546040736,0.08249404375558969,0.09307227299842856,0.3116883116883117,0.8493324856961221,0.09195402298850575,0.14201183431952663,0.8242424242424242,0.15670828538351997,1336,237,53,24
common_strict,Glycine max,all,23,HybridKla,0.5,1650,77,1573,0.7164405842091793,0.12863830266137047,0.14509518105795233,0.5974025974025974,0.7171010807374444,0.09368635437881874,0.1619718309859155,0.7115151515151515,0.2117215264853688,1128,445,31,46
common_strict,Glycine max,all,23,PCBert-Kla,0.5,1650,77,1573,0.47722525408475824,0.0434997717883302,-0.027442541077410603,0.0,0.9841068022886205,0.0,0.0,0.9381818181818182,0.05929800843559298,1548,25,77,0
common_strict,Glycine max,all,24,DeepKla,0.5,1650,77,1573,0.5707267938672898,0.05876306935773118,0.01802963047287768,0.36363636363636365,0.6764144945963128,0.0521415270018622,0.09120521172638436,0.6618181818181819,0.20956179252675325,1064,509,49,28
common_strict,Glycine max,all,24,Auto-Kla,0.5,1650,77,1573,0.6810503546040736,0.08249404375558969,0.09307227299842856,0.3116883116883117,0.8493324856961221,0.09195402298850575,0.14201183431952663,0.8242424242424242,0.15670828538351997,1336,237,53,24
common_strict,Glycine max,all,24,HybridKla,0.5,1650,77,1573,0.7164405842091793,0.12863830266137047,0.14509518105795233,0.5974025974025974,0.7171010807374444,0.09368635437881874,0.1619718309859155,0.7115151515151515,0.2117215264853688,1128,445,31,46
common_strict,Glycine max,all,24,PCBert-Kla,0.5,1650,77,1573,0.47722525408475824,0.0434997717883302,-0.027442541077410603,0.0,0.9841068022886205,0.0,0.0,0.9381818181818182,0.05929800843559298,1548,25,77,0
common_strict,Glycine max,all,25,DeepKla,0.5,1650,77,1573,0.5707267938672898,0.05876306935773118,0.01802963047287768,0.36363636363636365,0.6764144945963128,0.0521415270018622,0.09120521172638436,0.6618181818181819,0.20956179252675325,1064,509,49,28
common_strict,Glycine max,all,25,Auto-Kla,0.5,1650,77,1573,0.6810503546040736,0.08249404375558969,0.09307227299842856,0.3116883116883117,0.8493324856961221,0.09195402298850575,0.14201183431952663,0.8242424242424242,0.15670828538351997,1336,237,53,24
common_strict,Glycine max,all,25,HybridKla,0.5,1650,77,1573,0.7164405842091793,0.12863830266137047,0.14509518105795233,0.5974025974025974,0.7171010807374444,0.09368635437881874,0.1619718309859155,0.7115151515151515,0.2117215264853688,1128,445,31,46
common_strict,Glycine max,all,25,PCBert-Kla,0.5,1650,77,1573,0.47722525408475824,0.0434997717883302,-0.027442541077410603,0.0,0.9841068022886205,0.0,0.0,0.9381818181818182,0.05929800843559298,1548,25,77,0
common_strict,Glycine max,all,26,DeepKla,0.5,1650,77,1573,0.5707267938672898,0.05876306935773118,0.01802963047287768,0.36363636363636365,0.6764144945963128,0.0521415270018622,0.09120521172638436,0.6618181818181819,0.20956179252675325,1064,509,49,28
common_strict,Glycine max,all,26,Auto-Kla,0.5,1650,77,1573,0.6810503546040736,0.08249404375558969,0.09307227299842856,0.3116883116883117,0.8493324856961221,0.09195402298850575,0.14201183431952663,0.8242424242424242,0.15670828538351997,1336,237,53,24
common_strict,Glycine max,all,26,HybridKla,0.5,1650,77,1573,0.7164405842091793,0.12863830266137047,0.14509518105795233,0.5974025974025974,0.7171010807374444,0.09368635437881874,0.1619718309859155,0.7115151515151515,0.2117215264853688,1128,445,31,46
common_strict,Glycine max,all,26,PCBert-Kla,0.5,1650,77,1573,0.47722525408475824,0.0434997717883302,-0.027442541077410603,0.0,0.9841068022886205,0.0,0.0,0.9381818181818182,0.05929800843559298,1548,25,77,0
common_strict,Glycine max,all,27,DeepKla,0.5,1650,77,1573,0.5707267938672898,0.05876306935773118,0.01802963047287768,0.36363636363636365,0.6764144945963128,0.0521415270018622,0.09120521172638436,0.6618181818181819,0.20956179252675325,1064,509,49,28
common_strict,Glycine max,all,27,Auto-Kla,0.5,1650,77,1573,0.6810503546040736,0.08249404375558969,0.09307227299842856,0.3116883116883117,0.8493324856961221,0.09195402298850575,0.14201183431952663,0.8242424242424242,0.15670828538351997,1336,237,53,24
common_strict,Glycine max,all,27,HybridKla,0.5,1650,77,1573,0.7164405842091793,0.12863830266137047,0.14509518105795233,0.5974025974025974,0.7171010807374444,0.09368635437881874,0.1619718309859155,0.7115151515151515,0.2117215264853688,1128,445,31,46
common_strict,Glycine max,all,27,PCBert-Kla,0.5,1650,77,1573,0.47722525408475824,0.0434997717883302,-0.027442541077410603,0.0,0.9841068022886205,0.0,0.0,0.9381818181818182,0.05929800843559298,1548,25,77,0
common_strict,Glycine max,all,28,DeepKla,0.5,1650,77,1573,0.5707267938672898,0.05876306935773118,0.01802963047287768,0.36363636363636365,0.6764144945963128,0.0521415270018622,0.09120521172638436,0.6618181818181819,0.20956179252675325,1064,509,49,28
common_strict,Glycine max,all,28,Auto-Kla,0.5,1650,77,1573,0.6810503546040736,0.08249404375558969,0.09307227299842856,0.3116883116883117,0.8493324856961221,0.09195402298850575,0.14201183431952663,0.8242424242424242,0.15670828538351997,1336,237,53,24
common_strict,Glycine max,all,28,HybridKla,0.5,1650,77,1573,0.7164405842091793,0.12863830266137047,0.14509518105795233,0.5974025974025974,0.7171010807374444,0.09368635437881874,0.1619718309859155,0.7115151515151515,0.2117215264853688,1128,445,31,46
common_strict,Glycine max,all,28,PCBert-Kla,0.5,1650,77,1573,0.47722525408475824,0.0434997717883302,-0.027442541077410603,0.0,0.9841068022886205,0.0,0.0,0.9381818181818182,0.05929800843559298,1548,25,77,0
common_strict,Glycine max,all,29,DeepKla,0.5,1650,77,1573,0.5707267938672898,0.05876306935773118,0.01802963047287768,0.36363636363636365,0.6764144945963128,0.0521415270018622,0.09120521172638436,0.6618181818181819,0.20956179252675325,1064,509,49,28
common_strict,Glycine max,all,29,Auto-Kla,0.5,1650,77,1573,0.6810503546040736,0.08249404375558969,0.09307227299842856,0.3116883116883117,0.8493324856961221,0.09195402298850575,0.14201183431952663,0.8242424242424242,0.15670828538351997,1336,237,53,24
common_strict,Glycine max,all,29,HybridKla,0.5,1650,77,1573,0.7164405842091793,0.12863830266137047,0.14509518105795233,0.5974025974025974,0.7171010807374444,0.09368635437881874,0.1619718309859155,0.7115151515151515,0.2117215264853688,1128,445,31,46
common_strict,Glycine max,all,29,PCBert-Kla,0.5,1650,77,1573,0.47722525408475824,0.0434997717883302,-0.027442541077410603,0.0,0.9841068022886205,0.0,0.0,0.9381818181818182,0.05929800843559298,1548,25,77,0
common_strict,Homo sapiens,1,0,DeepKla,0.5,1156,578,578,0.5727526610074114,0.5631723944477647,0.11870111883411712,0.3961937716262976,0.7162629757785467,0.5826972010178118,0.4716786817713698,0.5562283737024222,0.261922752590298,414,164,349,229
common_strict,Homo sapiens,1,0,Auto-Kla,0.5,1156,578,578,0.6540181511236696,0.6219871491612785,0.1449779878665402,0.2958477508650519,0.8269896193771626,0.6309963099630996,0.4028268551236749,0.5614186851211073,0.41050607170378656,478,100,407,171
common_strict,Homo sapiens,1,0,HybridKla,0.5,1156,578,578,0.6990128231223285,0.6814980536261936,0.2457595992492109,0.43944636678200694,0.7906574394463668,0.6773333333333333,0.5330535152151101,0.6150519031141869,0.28821223809550534,457,121,324,254
common_strict,Homo sapiens,1,0,PCBert-Kla,0.5,1156,578,578,0.5608948647645502,0.5321761590579335,-0.018584136290046727,0.01730103806228374,0.9775086505190311,0.43478260869565216,0.03327787021630616,0.49740484429065746,0.5005326915881358,565,13,568,10
common_strict,Homo sapiens,1,1,DeepKla,0.5,1156,578,578,0.5683899857520863,0.5665735331244821,0.10171601274059877,0.3961937716262976,0.7006920415224913,0.5696517412935324,0.4673469387755102,0.5484429065743944,0.2624130730478338,405,173,349,229
common_strict,Homo sapiens,1,1,Auto-Kla,0.5,1156,578,578,0.6825379245938147,0.6537223871947769,0.1980884204355311,0.2958477508650519,0.8667820069204152,0.6895161290322581,0.41404358353510895,0.5813148788927336,0.3921870713506184,501,77,407,171
common_strict,Homo sapiens,1,1,HybridKla,0.5,1156,578,578,0.7059332383472419,0.7023326048027994,0.25183112586310324,0.43944636678200694,0.7958477508650519,0.6827956989247311,0.5347368421052632,0.6176470588235294,0.2838185224274877,460,118,324,254
common_strict,Homo sapiens,1,1,PCBert-Kla,0.5,1156,578,578,0.561370792974222,0.5482817621018822,0.029617443887954616,0.01730103806228374,0.9896193771626297,0.625,0.03367003367003367,0.5034602076124568,0.49503497804771596,572,6,568,10
common_strict,Homo sapiens,1,2,DeepKla,0.5,1156,578,578,0.5772051340381461,0.573961332895692,0.11112549120469725,0.3961937716262976,0.7093425605536332,0.5768261964735516,0.4697435897435897,0.5527681660899654,0.25969164144688595,410,168,349,229
common_strict,Homo sapiens,1,2,Auto-Kla,0.5,1156,578,578,0.6700665102189869,0.6370864780918363,0.17916666666666667,0.2958477508650519,0.8529411764705882,0.66796875,0.4100719424460431,0.5743944636678201,0.39984049024789714,493,85,407,171
common_strict,Homo sapiens,1,2,HybridKla,0.5,1156,578,578,0.7011739562505238,0.6839410650217456,0.24173074566710723,0.43944636678200694,0.78719723183391,0.6737400530503979,0.5319371727748691,0.6133217993079585,0.2864441565038092,455,123,324,254
common_strict,Homo sapiens,1,2,PCBert-Kla,0.5,1156,578,578,0.5787197231833909,0.5578173837929765,0.03821919651404743,0.01730103806228374,0.9913494809688581,0.6666666666666666,0.03372681281618887,0.504325259515571,0.49308766159733286,573,5,568,10
common_strict,Homo sapiens,1,3,DeepKla,0.5,1156,578,578,0.5664892661725793,0.5555023016322476,0.07385733110888716,0.3961937716262976,0.6747404844290658,0.5491606714628298,0.46030150753768845,0.5354671280276817,0.2638173564774711,390,188,349,229
common_strict,Homo sapiens,1,3,Auto-Kla,0.5,1156,578,578,0.6726287400773459,0.6491892311673944,0.19569495578859022,0.2958477508650519,0.8650519031141869,0.6867469879518072,0.4135429262394196,0.5804498269896193,0.3946009353192521,500,78,407,171
common_strict,Homo sapiens,1,3,HybridKla,0.5,1156,578,578,0.7099412123896984,0.6894762357123956,0.23771664701164746,0.43944636678200694,0.7837370242214533,0.6701846965699209,0.5308254963427378,0.6115916955017301,0.2873887096659299,453,125,324,254
common_strict,Homo sapiens,1,3,PCBert-Kla,0.5,1156,578,578,0.5369697441362054,0.526596005746097,0.013974060271677287,0.01730103806228374,0.986159169550173,0.5555555555555556,0.03355704697986577,0.5017301038062284,0.4961705677476614,570,8,568,10
common_strict,Homo sapiens,1,4,DeepKla,0.5,1156,578,578,0.5797553908597838,0.5784586578629018,0.10359270979123308,0.3961937716262976,0.7024221453287197,0.571072319201995,0.4678243105209397,0.5493079584775087,0.2596464763853642,406,172,349,229
common_strict,Homo sapiens,1,4,Auto-Kla,0.5,1156,578,578,0.6722156703104609,0.6483937083889685,0.21508112798976645,0.2958477508650519,0.8788927335640139,0.7095435684647303,0.41758241758241765,0.5873702422145328,0.38875879805641034,508,70,407,171
common_strict,Homo sapiens,1,4,HybridKla,0.5,1156,578,578,0.7110906239149435,0.7034202655572208,0.26202792574918715,0.43944636678200694,0.8044982698961938,0.6920980926430518,0.5375661375661376,0.6219723183391004,0.2793563685978746,465,113,324,254
common_strict,Homo sapiens,1,4,PCBert-Kla,0.5,1156,578,578,0.5682343362747094,0.5430473135382635,0.013974060271677287,0.01730103806228374,0.986159169550173,0.5555555555555556,0.03355704697986577,0.5017301038062284,0.49602187597112024,570,8,568,10
common_strict,Homo sapiens,1,5,DeepKla,0.5,1156,578,578,0.5609487434297962,0.5563898551830954,0.10547198028072965,0.3961937716262976,0.7041522491349481,0.5725,0.4683026584867076,0.5501730103806228,0.2645258405405295,407,171,349,229
common_strict,Homo sapiens,1,5,Auto-Kla,0.5,1156,578,578,0.6772308760670969,0.6473642768915921,0.20290043743188657,0.2958477508650519,0.870242214532872,0.6951219512195121,0.41504854368932037,0.583044982698962,0.3936424276215577,503,75,407,171
common_strict,Homo sapiens,1,5,HybridKla,0.5,1156,578,578,0.7360364459237797,0.7362674327248223,0.3103034557014011,0.43944636678200694,0.8442906574394463,0.7383720930232558,0.5509761388286334,0.6418685121107266,0.2667073216680831,488,90,324,254
common_strict,Homo sapiens,1,5,PCBert-Kla,0.5,1156,578,578,0.5723680272027394,0.5644095762598473,0.03821919651404743,0.01730103806228374,0.9913494809688581,0.6666666666666666,0.03372681281618887,0.504325259515571,0.4936450371255544,573,5,568,10
common_strict,Homo sapiens,1,6,DeepKla,0.5,1156,578,578,0.5685905341171682,0.5721060983780056,0.11301531514211684,0.3961937716262976,0.7110726643598616,0.5782828282828283,0.47022587268993843,0.5536332179930796,0.2613369281529735,411,167,349,229
common_strict,Homo sapiens,1,6,Auto-Kla,0.5,1156,578,578,0.653875971312604,0.6230570133212803,0.1516903103324541,0.2958477508650519,0.8321799307958477,0.6380597014925373,0.40425531914893614,0.5640138408304498,0.4087426438341752,481,97,407,171
common_strict,Homo sapiens,1,6,HybridKla,0.5,1156,578,578,0.6961482740867566,0.6746136754301645,0.24173074566710723,0.43944636678200694,0.78719723183391,0.6737400530503979,0.5319371727748691,0.6133217993079585,0.28671667443730003,455,123,324,254
common_strict,Homo sapiens,1,6,PCBert-Kla,0.5,1156,578,578,0.5512296308712779,0.5340021414027674,0.0068036657140163265,0.01730103806228374,0.9844290657439446,0.5263157894736842,0.03350083752093802,0.5008650519031141,0.4967095560045007,569,9,568,10
common_strict,Homo sapiens,1,7,DeepKla,0.5,1156,578,578,0.5777768465415883,0.5647036000611388,0.12250553363157063,0.3961937716262976,0.7197231833910035,0.5856777493606138,0.4726522187822498,0.5579584775086506,0.26110426833531186,416,162,349,229
common_strict,Homo sapiens,1,7,Auto-Kla,0.5,1156,578,578,0.676018606099065,0.6389393452798505,0.18620265575212366,0.2958477508650519,0.8581314878892734,0.6758893280632411,0.4115523465703971,0.5769896193771626,0.4004070896225073,496,82,407,171
common_strict,Homo sapiens,1,7,HybridKla,0.5,1156,578,578,0.7014044372074089,0.6776663470822144,0.25998064542667165,0.43944636678200694,0.8027681660899654,0.6902173913043478,0.5369978858350952,0.6211072664359861,0.2868764786368097,464,114,324,254
common_strict,Homo sapiens,1,7,PCBert-Kla,0.5,1156,578,578,0.5496432035057052,0.5228990547609399,-0.018584136290046727,0.01730103806228374,0.9775086505190311,0.43478260869565216,0.03327787021630616,0.49740484429065746,0.4992560848287474,565,13,568,10
common_strict,Homo sapiens,1,8,DeepKla,0.5,1156,578,578,0.5760557225129009,0.5710945664617937,0.11870111883411712,0.3961937716262976,0.7162629757785467,0.5826972010178118,0.4716786817713698,0.5562283737024222,0.2605713435389238,414,164,349,229
common_strict,Homo sapiens,1,8,Auto-Kla,0.5,1156,578,578,0.6479732642090015,0.6056655877007495,0.153941159088697,0.2958477508650519,0.8339100346020761,0.6404494382022472,0.40473372781065087,0.5648788927335641,0.41053046054432124,482,96,407,171
common_strict,Homo sapiens,1,8,HybridKla,0.5,1156,578,578,0.7107523856275666,0.6934682138219862,0.2743975121405015,0.43944636678200694,0.8148788927335641,0.703601108033241,0.5410010649627264,0.6271626297577855,0.2795862155844483,471,107,324,254
common_strict,Homo sapiens,1,8,PCBert-Kla,0.5,1156,578,578,0.5550370565486524,0.5419835535042348,-0.006477276282080546,0.01730103806228374,0.9809688581314879,0.47619047619047616,0.0333889816360601,0.4991349480968858,0.4979834413244545,567,11,568,10
common_strict,Homo sapiens,1,9,DeepKla,0.5,1156,578,578,0.5818297194717496,0.5715897018266385,0.13014865859188152,0.3961937716262976,0.726643598615917,0.5917312661498708,0.4746113989637306,0.5614186851211073,0.25947118484155735,420,158,349,229
common_strict,Homo sapiens,1,9,Auto-Kla,0.5,1156,578,578,0.6890692161252858,0.6698816250822244,0.2249869717949135,0.2958477508650519,0.8858131487889274,0.7215189873417721,0.41963190184049076,0.5908304498269896,0.3859337997046059,512,66,407,171
common_strict,Homo sapiens,1,9,HybridKla,0.5,1156,578,578,0.7324804540175525,0.7327490572109137,0.29112974021061583,0.43944636678200694,0.828719723183391,0.7195467422096318,0.5456498388829216,0.634083044982699,0.2673497456009336,479,99,324,254
common_strict,Homo sapiens,1,9,PCBert-Kla,0.5,1156,578,578,0.5757833359274913,0.5640429032735625,0.057425296821066146,0.01730103806228374,0.9948096885813149,0.7692307692307693,0.0338409475465313,0.5060553633217993,0.4922214686718365,575,3,568,10
common_strict,Homo sapiens,1,10,DeepKla,0.5,1156,578,578,0.568809042037332,0.567852069858545,0.11490784324258863,0.3961937716262976,0.71280276816609,0.579746835443038,0.4707091469681398,0.5544982698961938,0.26198795963909277,412,166,349,229
common_strict,Homo sapiens,1,10,Auto-Kla,0.5,1156,578,578,0.668524981741119,0.6428183763197401,0.19330973442026544,0.2958477508650519,0.8633217993079585,0.684,0.41304347826086957,0.5795847750865052,0.39428054842204613,499,79,407,171
common_strict,Homo sapiens,1,10,HybridKla,0.5,1156,578,578,0.7245243711162461,0.7099122507700985,0.2723255060308394,0.43944636678200694,0.8131487889273357,0.7016574585635359,0.5404255319148936,0.6262975778546713,0.2733908726711404,470,108,324,254
common_strict,Homo sapiens,1,10,PCBert-Kla,0.5,1156,578,578,0.5532770201506209,0.5349177856014566,0.0068036657140163265,0.01730103806228374,0.9844290657439446,0.5263157894736842,0.03350083752093802,0.5008650519031141,0.49702971672201307,569,9,568,10
common_strict,Homo sapiens,1,11,DeepKla,0.5,1156,578,578,0.5731642341447061,0.5692523031930193,0.11301531514211684,0.3961937716262976,0.7110726643598616,0.5782828282828283,0.47022587268993843,0.5536332179930796,0.2610047330591495,411,167,349,229
common_strict,Homo sapiens,1,11,Auto-Kla,0.5,1156,578,578,0.6603668538451407,0.6369789227974038,0.17683674738190552,0.2958477508650519,0.8512110726643599,0.6653696498054474,0.4095808383233533,0.5735294117647058,0.40006798199436944,492,86,407,171
common_strict,Homo sapiens,1,11,HybridKla,0.5,1156,578,578,0.6898265106979082,0.6834375232793313,0.23172259495575334,0.43944636678200694,0.7785467128027682,0.6649214659685864,0.5291666666666667,0.6089965397923875,0.2886582645746559,450,128,324,254
common_strict,Homo sapiens,1,11,PCBert-Kla,0.5,1156,578,578,0.5536781168807845,0.5406901046112922,0.021559313709936214,0.01730103806228374,0.9878892733564014,0.5882352941176471,0.033613445378151266,0.5025951557093425,0.49583849769979443,571,7,568,10
common_strict,Homo sapiens,1,12,DeepKla,0.5,1156,578,578,0.5922492546784641,0.5977895847256385,0.11870111883411712,0.3961937716262976,0.7162629757785467,0.5826972010178118,0.4716786817713698,0.5562283737024222,0.2557306979661116,414,164,349,229
common_strict,Homo sapiens,1,12,Auto-Kla,0.5,1156,578,578,0.6787140359909484,0.6372511771761993,0.17683674738190552,0.2958477508650519,0.8512110726643599,0.6653696498054474,0.4095808383233533,0.5735294117647058,0.40122541905580483,492,86,407,171
common_strict,Homo sapiens,1,12,HybridKla,0.5,1156,578,578,0.7238568743190336,0.7131381737434461,0.2785543105448881,0.43944636678200694,0.8183391003460208,0.7075208913649025,0.5421558164354322,0.6288927335640139,0.27414465245647734,473,105,324,254
common_strict,Homo sapiens,1,12,PCBert-Kla,0.5,1156,578,578,0.5797404245638821,0.5556080088942176,0.021559313709936214,0.01730103806228374,0.9878892733564014,0.5882352941176471,0.033613445378151266,0.5025951557093425,0.49455017806784957,571,7,568,10
common_strict,Homo sapiens,1,13,DeepKla,0.5,1156,578,578,0.604389913913866,0.5813911574439916,0.15532455156118308,0.3961937716262976,0.7491349480968859,0.6122994652406417,0.48109243697479,0.5726643598615917,0.25580224894282133,433,145,349,229
common_strict,Homo sapiens,1,13,Auto-Kla,0.5,1156,578,578,0.6838250260413549,0.6553036346404891,0.19569495578859022,0.2958477508650519,0.8650519031141869,0.6867469879518072,0.4135429262394196,0.5804498269896193,0.39595238421587337,500,78,407,171
common_strict,Homo sapiens,1,13,HybridKla,0.5,1156,578,578,0.7055950000598652,0.701524644965531,0.2558980351919532,0.43944636678200694,0.7993079584775087,0.6864864864864865,0.5358649789029536,0.6193771626297578,0.2811564749746164,462,116,324,254
common_strict,Homo sapiens,1,13,PCBert-Kla,0.5,1156,578,578,0.5759419786640486,0.5665257989683166,0.06827887419989188,0.01730103806228374,0.9965397923875432,0.8333333333333334,0.03389830508474576,0.5069204152249135,0.4915605419128083,576,2,568,10
common_strict,Homo sapiens,1,14,DeepKla,0.5,1156,578,578,0.5809616743094551,0.5682258456844185,0.10735385000496343,0.3961937716262976,0.7058823529411765,0.5739348370927319,0.4687819856704197,0.551038062283737,0.260763258433947,408,170,349,229
common_strict,Homo sapiens,1,14,Auto-Kla,0.5,1156,578,578,0.6663339160211205,0.6235417021294363,0.15619882789661413,0.2958477508650519,0.8356401384083045,0.6428571428571429,0.4052132701421801,0.5657439446366782,0.40829180041586177,483,95,407,171
common_strict,Homo sapiens,1,14,HybridKla,0.5,1156,578,578,0.7069240071359298,0.6841121749518848,0.2538626352468345,0.43944636678200694,0.7975778546712803,0.6846361185983828,0.5353003161222339,0.6185121107266436,0.28657598494949493,461,117,324,254
common_strict,Homo sapiens,1,14,PCBert-Kla,0.5,1156,578,578,0.5507507094024258,0.5325138525168409,0.0068036657140163265,0.01730103806228374,0.9844290657439446,0.5263157894736842,0.03350083752093802,0.5008650519031141,0.496955537410914,569,9,568,10
common_strict,Homo sapiens,1,15,DeepKla,0.5,1156,578,578,0.5795578357538823,0.5861388108486284,0.10171601274059877,0.3961937716262976,0.7006920415224913,0.5696517412935324,0.4673469387755102,0.5484429065743944,0.2592234400592777,405,173,349,229
common_strict,Homo sapiens,1,15,Auto-Kla,0.5,1156,578,578,0.6682840243771028,0.6378131287147633,0.19330973442026544,0.2958477508650519,0.8633217993079585,0.684,0.41304347826086957,0.5795847750865052,0.3971340813555652,499,79,407,171
common_strict,Homo sapiens,1,15,HybridKla,0.5,1156,578,578,0.7321302426934544,0.7228542112504116,0.2953576024467118,0.43944636678200694,0.8321799307958477,0.7236467236467237,0.5468245425188375,0.6358131487889274,0.2692046624417604,481,97,324,254
common_strict,Homo sapiens,1,15,PCBert-Kla,0.5,1156,578,578,0.5795368829396199,0.5655654279260898,0.021559313709936214,0.01730103806228374,0.9878892733564014,0.5882352941176471,0.033613445378151266,0.5025951557093425,0.4944636369246729,571,7,568,10
common_strict,Homo sapiens,1,16,DeepKla,0.5,1156,578,578,0.5971791525484609,0.5813408784170642,0.13398781543204663,0.3961937716262976,0.7301038062283737,0.5948051948051948,0.4755970924195223,0.5631487889273357,0.2562266030210721,422,156,349,229
common_strict,Homo sapiens,1,16,Auto-Kla,0.5,1156,578,578,0.6857317321392224,0.6505817316951891,0.19330973442026544,0.2958477508650519,0.8633217993079585,0.684,0.41304347826086957,0.5795847750865052,0.3962118257189267,499,79,407,171
common_strict,Homo sapiens,1,16,HybridKla,0.5,1156,578,578,0.7314358065636187,0.7099602254896635,0.28692011501031306,0.43944636678200694,0.8252595155709342,0.7154929577464789,0.5444801714898179,0.6323529411764706,0.2734083397861814,477,101,324,254
common_strict,Homo sapiens,1,16,PCBert-Kla,0.5,1156,578,578,0.5833053962476503,0.5614639470510092,0.021559313709936214,0.01730103806228374,0.9878892733564014,0.5882352941176471,0.033613445378151266,0.5025951557093425,0.4948794922093061,571,7,568,10
common_strict,Homo sapiens,1,17,DeepKla,0.5,1156,578,578,0.5781270578656865,0.5718174117871864,0.11112549120469725,0.3961937716262976,0.7093425605536332,0.5768261964735516,0.4697435897435897,0.5527681660899654,0.260671329031713,410,168,349,229
common_strict,Homo sapiens,1,17,Auto-Kla,0.5,1156,578,578,0.678387770740293,0.6453975774308365,0.19093266833370234,0.2958477508650519,0.8615916955017301,0.6812749003984063,0.4125452352231604,0.578719723183391,0.39834084207948944,498,80,407,171
common_strict,Homo sapiens,1,17,HybridKla,0.5,1156,578,578,0.7452257516073801,0.718174415947168,0.32330611536078957,0.43944636678200694,0.8546712802768166,0.7514792899408284,0.5545851528384279,0.6470588235294118,0.26572660936386017,494,84,324,254
common_strict,Homo sapiens,1,17,PCBert-Kla,0.5,1156,578,578,0.575789322445852,0.5720153750310435,0.03821919651404743,0.01730103806228374,0.9913494809688581,0.6666666666666666,0.03372681281618887,0.504325259515571,0.49322765029316024,573,5,568,10
common_strict,Homo sapiens,1,18,DeepKla,0.5,1156,578,578,0.5796536200476526,0.5813171133329283,0.10359270979123308,0.3961937716262976,0.7024221453287197,0.571072319201995,0.4678243105209397,0.5493079584775087,0.259308456514079,406,172,349,229
common_strict,Homo sapiens,1,18,Auto-Kla,0.5,1156,578,578,0.6677033320961194,0.6381553575517012,0.17219954072701493,0.2958477508650519,0.8477508650519031,0.6602316602316602,0.4086021505376344,0.5717993079584776,0.402693109660377,490,88,407,171
common_strict,Homo sapiens,1,18,HybridKla,0.5,1156,578,578,0.7150237664778918,0.7045857993023354,0.25183112586310324,0.43944636678200694,0.7958477508650519,0.6827956989247311,0.5347368421052632,0.6176470588235294,0.27753513027648186,460,118,324,254
common_strict,Homo sapiens,1,18,PCBert-Kla,0.5,1156,578,578,0.5846942685073215,0.5628905249905863,0.021559313709936214,0.01730103806228374,0.9878892733564014,0.5882352941176471,0.033613445378151266,0.5025951557093425,0.4950192556044034,571,7,568,10
common_strict,Homo sapiens,1,19,DeepKla,0.5,1156,578,578,0.580722213575029,0.5814484927473929,0.10547198028072965,0.3961937716262976,0.7041522491349481,0.5725,0.4683026584867076,0.5501730103806228,0.2587598292640538,407,171,349,229
common_strict,Homo sapiens,1,19,Auto-Kla,0.5,1156,578,578,0.6746581698016068,0.6403124248962431,0.1885636706828509,0.2958477508650519,0.8598615916955017,0.6785714285714286,0.41204819277108434,0.5778546712802768,0.39610440443280165,497,81,407,171
common_strict,Homo sapiens,1,19,HybridKla,0.5,1156,578,578,0.7191095652590367,0.6949348493851155,0.28902266796328585,0.43944636678200694,0.8269896193771626,0.7175141242937854,0.5450643776824036,0.6332179930795848,0.2767219854707379,478,100,324,254
common_strict,Homo sapiens,1,19,PCBert-Kla,0.5,1156,578,578,0.5702128805929048,0.5483446043913843,0.0,0.01730103806228374,0.9826989619377162,0.5,0.033444816053511704,0.5,0.49691177549054655,568,10,568,10
common_strict,Homo sapiens,1,20,DeepKla,0.5,1156,578,578,0.5996785239640331,0.5799893703516279,0.13398781543204663,0.3961937716262976,0.7301038062283737,0.5948051948051948,0.4755970924195223,0.5631487889273357,0.256701217102106,422,156,349,229
common_strict,Homo sapiens,1,20,Auto-Kla,0.5,1156,578,578,0.6786481842889813,0.6469951227394999,0.21262739532953998,0.2958477508650519,0.8771626297577855,0.7066115702479339,0.4170731707317073,0.5865051903114187,0.3896184465039598,507,71,407,171
common_strict,Homo sapiens,1,20,HybridKla,0.5,1156,578,578,0.7082021288059291,0.6913049735582002,0.26202792574918715,0.43944636678200694,0.8044982698961938,0.6920980926430518,0.5375661375661376,0.6219723183391004,0.2805552956711068,465,113,324,254
common_strict,Homo sapiens,1,20,PCBert-Kla,0.5,1156,578,578,0.5730085846673292,0.5506416742099576,-0.006477276282080546,0.01730103806228374,0.9809688581314879,0.47619047619047616,0.0333889816360601,0.4991349480968858,0.49830774940994144,567,11,568,10
common_strict,Homo sapiens,1,21,DeepKla,0.5,1156,578,578,0.5802642449204392,0.5723265769132295,0.11112549120469725,0.3961937716262976,0.7093425605536332,0.5768261964735516,0.4697435897435897,0.5527681660899654,0.2602274746332552,410,168,349,229
common_strict,Homo sapiens,1,21,Auto-Kla,0.5,1156,578,578,0.6873840112067624,0.6503423105710132,0.19093266833370234,0.2958477508650519,0.8615916955017301,0.6812749003984063,0.4125452352231604,0.578719723183391,0.3948602435452268,498,80,407,171
common_strict,Homo sapiens,1,21,HybridKla,0.5,1156,578,578,0.7303851725913244,0.7306431919782526,0.31895156968766963,0.43944636678200694,0.8512110726643599,0.7470588235294118,0.5533769063180828,0.6453287197231834,0.26534221363576477,492,86,324,254
common_strict,Homo sapiens,1,21,PCBert-Kla,0.5,1156,578,578,0.5815408699608482,0.5532502315505412,0.0,0.01730103806228374,0.9826989619377162,0.5,0.033444816053511704,0.5,0.49741036114580417,568,10,568,10
common_strict,Homo sapiens,1,22,DeepKla,0.5,1156,578,578,0.569608242238479,0.5653187737970756,0.09984186350305581,0.3961937716262976,0.698961937716263,0.5682382133995038,0.4668705402650357,0.5475778546712803,0.2624651982132493,404,174,349,229
common_strict,Homo sapiens,1,22,Auto-Kla,0.5,1156,578,578,0.6649674932053017,0.6328823947441025,0.17451439851414946,0.2958477508650519,0.8494809688581315,0.6627906976744186,0.40909090909090906,0.5726643598615917,0.402756850021754,491,87,407,171
common_strict,Homo sapiens,1,22,HybridKla,0.5,1156,578,578,0.7141527280564168,0.7027472947840243,0.24980347272170128,0.43944636678200694,0.7941176470588235,0.6809651474530831,0.5341745531019979,0.6167820069204152,0.2804828394100033,459,119,324,254
common_strict,Homo sapiens,1,22,PCBert-Kla,0.5,1156,578,578,0.5672645203002838,0.5445016525901498,0.0,0.01730103806228374,0.9826989619377162,0.5,0.033444816053511704,0.5,0.496746803676576,568,10,568,10
common_strict,Homo sapiens,1,23,DeepKla,0.5,1156,578,578,0.5779384825373259,0.5750478892469877,0.10735385000496343,0.3961937716262976,0.7058823529411765,0.5739348370927319,0.4687819856704197,0.551038062283737,0.2599309964236413,408,170,349,229
common_strict,Homo sapiens,1,23,Auto-Kla,0.5,1156,578,578,0.6699662360364459,0.6423306636718712,0.17451439851414946,0.2958477508650519,0.8494809688581315,0.6627906976744186,0.40909090909090906,0.5726643598615917,0.40077710381612525,491,87,407,171
common_strict,Homo sapiens,1,23,HybridKla,0.5,1156,578,578,0.720324828486249,0.715992829531763,0.28272840919401115,0.43944636678200694,0.8217993079584776,0.711484593837535,0.5433155080213904,0.6306228373702422,0.2734429107392117,475,103,324,254
common_strict,Homo sapiens,1,23,PCBert-Kla,0.5,1156,578,578,0.5595434082446331,0.5568315594946919,0.029617443887954616,0.01730103806228374,0.9896193771626297,0.625,0.03367003367003367,0.5034602076124568,0.49492868785318106,572,6,568,10
common_strict,Homo sapiens,1,24,DeepKla,0.5,1156,578,578,0.5613348738640581,0.5647266975994858,0.08493737024472725,0.3961937716262976,0.6851211072664359,0.5571776155717761,0.46309403437815977,0.5406574394463668,0.264320118860114,396,182,349,229
common_strict,Homo sapiens,1,24,Auto-Kla,0.5,1156,578,578,0.6666437183462841,0.6420415897810885,0.19093266833370234,0.2958477508650519,0.8615916955017301,0.6812749003984063,0.4125452352231604,0.578719723183391,0.39724093810870614,498,80,407,171
common_strict,Homo sapiens,1,24,HybridKla,0.5,1156,578,578,0.7069778858011757,0.7106709195031695,0.24980347272170128,0.43944636678200694,0.7941176470588235,0.6809651474530831,0.5341745531019979,0.6167820069204152,0.27828112003688227,459,119,324,254
common_strict,Homo sapiens,1,24,PCBert-Kla,0.5,1156,578,578,0.5475509153386573,0.5358043441274454,0.04745196272626594,0.01730103806228374,0.9930795847750865,0.7142857142857143,0.033783783783783786,0.5051903114186851,0.49333702635814586,574,4,568,10
common_strict,Homo sapiens,1,25,DeepKla,0.5,1156,578,578,0.5605596197363538,0.5494815172672246,0.07385733110888716,0.3961937716262976,0.6747404844290658,0.5491606714628298,0.46030150753768845,0.5354671280276817,0.26630944930991807,390,188,349,229
common_strict,Homo sapiens,1,25,Auto-Kla,0.5,1156,578,578,0.6426736988302343,0.6007081768322342,0.14720879353457522,0.2958477508650519,0.828719723183391,0.6333333333333333,0.4033018867924528,0.5622837370242214,0.41379044781374696,479,99,407,171
common_strict,Homo sapiens,1,25,HybridKla,0.5,1156,578,578,0.7031644736054405,0.685572018219613,0.25183112586310324,0.43944636678200694,0.7958477508650519,0.6827956989247311,0.5347368421052632,0.6176470588235294,0.28549908625558396,460,118,324,254
common_strict,Homo sapiens,1,25,PCBert-Kla,0.5,1156,578,578,0.5708354785024126,0.5396432766720127,-0.024267841905814505,0.01730103806228374,0.9757785467128027,0.4166666666666667,0.03322259136212625,0.49653979238754326,0.500893055393376,564,14,568,10
common_strict,Homo sapiens,1,26,DeepKla,0.5,1156,578,578,0.5809197686809305,0.5767769755076454,0.12632130629945282,0.3961937716262976,0.7231833910034602,0.5886889460154242,0.4736297828335057,0.5596885813148789,0.25893201587146425,418,160,349,229
common_strict,Homo sapiens,1,26,Auto-Kla,0.5,1156,578,578,0.6787963506184074,0.6609086240836225,0.21508112798976645,0.2958477508650519,0.8788927335640139,0.7095435684647303,0.41758241758241765,0.5873702422145328,0.38788055092999574,508,70,407,171
common_strict,Homo sapiens,1,26,HybridKla,0.5,1156,578,578,0.7080704254019947,0.6920570401752365,0.2723255060308394,0.43944636678200694,0.8131487889273357,0.7016574585635359,0.5404255319148936,0.6262975778546713,0.2824457255716765,470,108,324,254
common_strict,Homo sapiens,1,26,PCBert-Kla,0.5,1156,578,578,0.5612121502376648,0.5417236531368753,-0.006477276282080546,0.01730103806228374,0.9809688581314879,0.47619047619047616,0.0333889816360601,0.4991349480968858,0.49823068088575206,567,11,568,10
common_strict,Homo sapiens,1,27,DeepKla,0.5,1156,578,578,0.5587247518588139,0.5509891524134716,0.09237023800288417,0.3961937716262976,0.6920415224913494,0.5626535626535627,0.46497461928934014,0.5441176470588235,0.2659702802621576,400,178,349,229
common_strict,Homo sapiens,1,27,Auto-Kla,0.5,1156,578,578,0.679344117048407,0.6500541325352316,0.19330973442026544,0.2958477508650519,0.8633217993079585,0.684,0.41304347826086957,0.5795847750865052,0.3952902187922682,499,79,407,171
common_strict,Homo sapiens,1,27,HybridKla,0.5,1156,578,578,0.7135031908142861,0.7199353401651858,0.26202792574918715,0.43944636678200694,0.8044982698961938,0.6920980926430518,0.5375661375661376,0.6219723183391004,0.27560317084146985,465,113,324,254
common_strict,Homo sapiens,1,27,PCBert-Kla,0.5,1156,578,578,0.5730355239999521,0.5594703758309918,0.029617443887954616,0.01730103806228374,0.9896193771626297,0.625,0.03367003367003367,0.5034602076124568,0.4950460368813654,572,6,568,10
common_strict,Homo sapiens,1,28,DeepKla,0.5,1156,578,578,0.5691802061756923,0.5651327749642572,0.10735385000496343,0.3961937716262976,0.7058823529411765,0.5739348370927319,0.4687819856704197,0.551038062283737,0.26311326006385566,408,170,349,229
common_strict,Homo sapiens,1,28,Auto-Kla,0.5,1156,578,578,0.6820006345709462,0.6597776683649821,0.22249667239748241,0.2958477508650519,0.884083044982699,0.7184873949579832,0.41911764705882354,0.5899653979238755,0.387582748305455,511,67,407,171
common_strict,Homo sapiens,1,28,HybridKla,0.5,1156,578,578,0.7102076124567474,0.7062035686270194,0.25998064542667165,0.43944636678200694,0.8027681660899654,0.6902173913043478,0.5369978858350952,0.6211072664359861,0.2772120445838604,464,114,324,254
common_strict,Homo sapiens,1,28,PCBert-Kla,0.5,1156,578,578,0.5663635492870057,0.5480568047183915,0.013974060271677287,0.01730103806228374,0.986159169550173,0.5555555555555556,0.03355704697986577,0.5017301038062284,0.49557233170771814,570,8,568,10
common_strict,Homo sapiens,1,29,DeepKla,0.5,1156,578,578,0.579776343674046,0.5658859818505689,0.11490784324258863,0.3961937716262976,0.71280276816609,0.579746835443038,0.4707091469681398,0.5544982698961938,0.2612932547670442,412,166,349,229
common_strict,Homo sapiens,1,29,Auto-Kla,0.5,1156,578,578,0.6926820799559392,0.6792348496761222,0.23251467391511046,0.2958477508650519,0.8910034602076125,0.7307692307692307,0.42118226600985226,0.5934256055363322,0.3829607113659479,515,63,407,171
common_strict,Homo sapiens,1,29,HybridKla,0.5,1156,578,578,0.7072532656457656,0.690146150653361,0.25183112586310324,0.43944636678200694,0.7958477508650519,0.6827956989247311,0.5347368421052632,0.6176470588235294,0.2821363670601254,460,118,324,254
common_strict,Homo sapiens,1,29,PCBert-Kla,0.5,1156,578,578,0.5857868081081405,0.5747551116351612,0.04745196272626594,0.01730103806228374,0.9930795847750865,0.7142857142857143,0.033783783783783786,0.5051903114186851,0.49314470368278657,574,4,568,10
common_strict,Homo sapiens,5,0,DeepKla,0.5,3468,578,2890,0.5839342800014368,0.22195986341133467,0.09553741070448799,0.3961937716262976,0.7211072664359861,0.221256038647343,0.2839429634221947,0.666955017301038,0.21178385256172222,2084,806,349,229
common_strict,Homo sapiens,5,0,Auto-Kla,0.5,3468,578,2890,0.6745489158415249,0.27115377245165895,0.1568368904296566,0.2958477508650519,0.860553633217993,0.2979094076655052,0.296875,0.7664359861591695,0.21495726053791833,2487,403,407,171
common_strict,Homo sapiens,5,0,HybridKla,0.5,3468,578,2890,0.730464194633685,0.36340044294868346,0.24808193244126753,0.43944636678200694,0.8328719723183391,0.344640434192673,0.3863117870722433,0.7673010380622838,0.17264131905232255,2407,483,324,254
common_strict,Homo sapiens,5,0,PCBert-Kla,0.5,3468,578,2890,0.5698159744255935,0.19476752496620525,0.008488762480628792,0.01730103806228374,0.9854671280276817,0.19230769230769232,0.031746031746031744,0.8241061130334487,0.1738615778639406,2848,42,568,10
common_strict,Homo sapiens,5,1,DeepKla,0.5,3468,578,2890,0.5784539217681781,0.2179163853226327,0.08277016242495526,0.3961937716262976,0.7065743944636678,0.21262766945218198,0.2767371601208459,0.6548442906574394,0.21454922104648924,2042,848,349,229
common_strict,Homo sapiens,5,1,Auto-Kla,0.5,3468,578,2890,0.6731576489745095,0.2683813294271997,0.16330884223595016,0.2958477508650519,0.8653979238754326,0.3053571428571429,0.30052724077328646,0.7704728950403691,0.2115855582974376,2501,389,407,171
common_strict,Homo sapiens,5,1,HybridKla,0.5,3468,578,2890,0.7196537397780198,0.3446984925444507,0.22649692299336882,0.43944636678200694,0.8152249134948096,0.3223350253807107,0.3718887262079063,0.7525951557093425,0.18178217866732804,2356,534,324,254
common_strict,Homo sapiens,5,1,PCBert-Kla,0.5,3468,578,2890,0.5721656828821493,0.19986747420047196,0.025681373464001296,0.01730103806228374,0.9899653979238754,0.2564102564102564,0.03241491085899514,0.8278546712802768,0.17092094670417166,2861,29,568,10
common_strict,Homo sapiens,5,2,DeepKla,0.5,3468,578,2890,0.5815306928796351,0.21739985340713214,0.09093628544944804,0.3961937716262976,0.715916955017301,0.2180952380952381,0.28132678132678135,0.6626297577854672,0.21352576707772428,2069,821,349,229
common_strict,Homo sapiens,5,2,Auto-Kla,0.5,3468,578,2890,0.6718897043857234,0.26649084372697057,0.144359216325676,0.2958477508650519,0.8508650519031142,0.2840531561461794,0.28983050847457625,0.7583621683967705,0.22028071753743225,2459,431,407,171
common_strict,Homo sapiens,5,2,HybridKla,0.5,3468,578,2890,0.7092431843488463,0.34228449982557385,0.21287334340095668,0.43944636678200694,0.8034602076124567,0.30900243309002434,0.3628571428571429,0.7427912341407151,0.18660639250741742,2322,568,324,254
common_strict,Homo sapiens,5,2,PCBert-Kla,0.5,3468,578,2890,0.5689257791453646,0.19623145123571673,0.012018771890172426,0.01730103806228374,0.9865051903114187,0.20408163265306123,0.031897926634768745,0.8249711649365629,0.1731084600755535,2851,39,568,10
common_strict,Homo sapiens,5,3,DeepKla,0.5,3468,578,2890,0.5917457884843332,0.22247933485392743,0.09894240511256991,0.3961937716262976,0.7249134948096886,0.2236328125,0.285892634207241,0.6701268742791234,0.2107027114094099,2095,795,349,229
common_strict,Homo sapiens,5,3,Auto-Kla,0.5,3468,578,2890,0.6752984279402785,0.27361436322996174,0.15592549289997318,0.2958477508650519,0.8598615916955017,0.296875,0.29636048526863085,0.7658592848904268,0.2139392298093753,2485,405,407,171
common_strict,Homo sapiens,5,3,HybridKla,0.5,3468,578,2890,0.7239041678140826,0.35648451852350355,0.23944052895223933,0.43944636678200694,0.8259515570934256,0.33553500660501984,0.3805243445692884,0.7615340253748558,0.17815000552627824,2387,503,324,254
common_strict,Homo sapiens,5,3,PCBert-Kla,0.5,3468,578,2890,0.5692792830545612,0.19495620894773646,-0.0009809887198055462,0.01730103806228374,0.9823529411764705,0.16393442622950818,0.03129890453834116,0.8215109573241061,0.17679046526696912,2839,51,568,10
common_strict,Homo sapiens,5,4,DeepKla,0.5,3468,578,2890,0.5835861639587648,0.21648935270150693,0.10112326464696325,0.3961937716262976,0.7273356401384083,0.22517207472959685,0.2871473354231975,0.6721453287197232,0.2125246792937146,2102,788,349,229
common_strict,Homo sapiens,5,4,Auto-Kla,0.5,3468,578,2890,0.6720959399432478,0.2700192774676454,0.15456439851481124,0.2958477508650519,0.8588235294117647,0.29533678756476683,0.2955920484010372,0.7649942329873126,0.21525055764566542,2482,408,407,171
common_strict,Homo sapiens,5,4,HybridKla,0.5,3468,578,2890,0.7142964044970727,0.3364396047379275,0.21721925675912118,0.43944636678200694,0.8072664359861592,0.31319358816276205,0.36573074154067675,0.7459630911188004,0.18619770225236398,2333,557,324,254
common_strict,Homo sapiens,5,4,PCBert-Kla,0.5,3468,578,2890,0.5681409465882832,0.19507918309957975,0.005161019658095524,0.01730103806228374,0.9844290657439446,0.18181818181818182,0.031595576619273306,0.8232410611303345,0.1750318356324182,2845,45,568,10
common_strict,Homo sapiens,5,5,DeepKla,0.5,3468,578,2890,0.5807246081823733,0.21832119088992033,0.09002171389989301,0.3961937716262976,0.714878892733564,0.2174738841405508,0.2808093194359289,0.6617647058823529,0.21420287473513852,2066,824,349,229
common_strict,Homo sapiens,5,5,Auto-Kla,0.5,3468,578,2890,0.6751466696998359,0.27119603243705764,0.16471727170846884,0.2958477508650519,0.8664359861591695,0.30700179533213645,0.30132158590308367,0.7713379469434832,0.2093444442700519,2504,386,407,171
common_strict,Homo sapiens,5,5,HybridKla,0.5,3468,578,2890,0.720986338765101,0.34403357026932124,0.22486425975974605,0.43944636678200694,0.813840830449827,0.3207070707070707,0.37080291970802914,0.751441753171857,0.18061205567628652,2352,538,324,254
common_strict,Homo sapiens,5,5,PCBert-Kla,0.5,3468,578,2890,0.5723614420325428,0.19945338824662945,0.0272520276136152,0.01730103806228374,0.9903114186851211,0.2631578947368421,0.03246753246753247,0.8281430219146482,0.17015879457779753,2862,28,568,10
common_strict,Homo sapiens,5,6,DeepKla,0.5,3468,578,2890,0.583292525233175,0.22138905840690004,0.09677251336408672,0.3961937716262976,0.7224913494809688,0.22211445198836083,0.2846488502175264,0.6681084198385236,0.2127070705213243,2088,802,349,229
common_strict,Homo sapiens,5,6,Auto-Kla,0.5,3468,578,2890,0.6780653967265718,0.2770192722776,0.1619081546963091,0.2958477508650519,0.8643598615916955,0.3037300177619893,0.2997370727432077,0.7696078431372549,0.21243453443148264,2498,392,407,171
common_strict,Homo sapiens,5,6,HybridKla,0.5,3468,578,2890,0.7248542282779181,0.3676599573844162,0.23774044950948675,0.43944636678200694,0.8245674740484429,0.33377135348226017,0.3793876026885735,0.7603806228373703,0.176111009419896,2383,507,324,254
common_strict,Homo sapiens,5,6,PCBert-Kla,0.5,3468,578,2890,0.576377797200704,0.20435117387020663,0.022668334793751226,0.01730103806228374,0.989273356401384,0.24390243902439024,0.03231017770597738,0.827277970011534,0.1713605860925861,2859,31,568,10
common_strict,Homo sapiens,5,7,DeepKla,0.5,3468,578,2890,0.5761550987176878,0.20998510495690326,0.0818716021624573,0.3961937716262976,0.7055363321799308,0.21203703703703702,0.27623642943305193,0.6539792387543253,0.21665221563340925,2039,851,349,229
common_strict,Homo sapiens,5,7,Auto-Kla,0.5,3468,578,2890,0.6738496904970006,0.2737740235543363,0.17091252962216075,0.2958477508650519,0.8709342560553633,0.31433823529411764,0.3048128342245989,0.7750865051903114,0.20879280835926206,2517,373,407,171
common_strict,Homo sapiens,5,7,HybridKla,0.5,3468,578,2890,0.7126920175764181,0.32801146073030873,0.22243060452156307,0.43944636678200694,0.8117647058823529,0.3182957393483709,0.3691860465116279,0.7497116493656286,0.18554829760678834,2346,544,324,254
common_strict,Homo sapiens,5,7,PCBert-Kla,0.5,3468,578,2890,0.5602782533734031,0.19018312082296204,0.008488762480628792,0.01730103806228374,0.9854671280276817,0.19230769230769232,0.031746031746031744,0.8241061130334487,0.1744951776930922,2848,42,568,10
common_strict,Homo sapiens,5,8,DeepKla,0.5,3468,578,2890,0.5797098933202428,0.21795217771017994,0.08638170819782631,0.3961937716262976,0.7107266435986159,0.21502347417840376,0.2787583688374924,0.6583044982698962,0.21404337586608993,2054,836,349,229
common_strict,Homo sapiens,5,8,Auto-Kla,0.5,3468,578,2890,0.6804788616036686,0.2821894092798537,0.17726417058746552,0.2958477508650519,0.8754325259515571,0.3220338983050847,0.3083859332732191,0.7788350634371396,0.20283279703982324,2530,360,407,171
common_strict,Homo sapiens,5,8,HybridKla,0.5,3468,578,2890,0.7199572562589049,0.35056276995490393,0.23478713763747794,0.43944636678200694,0.8221453287197232,0.3307291666666667,0.3774145616641902,0.7583621683967705,0.18027869807050192,2376,514,324,254
common_strict,Homo sapiens,5,8,PCBert-Kla,0.5,3468,578,2890,0.5784419487314567,0.20192647550700435,0.019810680939166832,0.01730103806228374,0.9885813148788928,0.23255813953488372,0.032206119162640906,0.8267012687427913,0.17152695650657893,2857,33,568,10
common_strict,Homo sapiens,5,9,DeepKla,0.5,3468,578,2890,0.5734692472551813,0.21208617998072127,0.07888858453536898,0.3961937716262976,0.702076124567474,0.21009174311926607,0.2745803357314149,0.6510957324106112,0.21705621122658458,2029,861,349,229
common_strict,Homo sapiens,5,9,Auto-Kla,0.5,3468,578,2890,0.6631425030830569,0.26381652032928227,0.14786389437013786,0.2958477508650519,0.8536332179930796,0.2878787878787879,0.29180887372013653,0.7606689734717417,0.21865621558503956,2467,423,407,171
common_strict,Homo sapiens,5,9,HybridKla,0.5,3468,578,2890,0.7135391099244501,0.33023874013436805,0.22202676330508359,0.43944636678200694,0.8114186851211073,0.31789737171464333,0.36891793754538854,0.7494232987312572,0.1865500501749886,2345,545,324,254
common_strict,Homo sapiens,5,9,PCBert-Kla,0.5,3468,578,2890,0.5616321045006646,0.19337230066104638,0.009641618200732113,0.01730103806228374,0.9858131487889273,0.19607843137254902,0.031796502384737683,0.8243944636678201,0.1742416495875028,2849,41,568,10
common_strict,Homo sapiens,5,10,DeepKla,0.5,3468,578,2890,0.579794303229128,0.20938697693710095,0.09369123817883698,0.3961937716262976,0.7190311418685121,0.21998078770413065,0.28289067325509576,0.6652249134948097,0.21573352774637697,2078,812,349,229
common_strict,Homo sapiens,5,10,Auto-Kla,0.5,3468,578,2890,0.6696983393398067,0.2688790175408511,0.15411228698799015,0.2958477508650519,0.8584775086505191,0.29482758620689653,0.2953367875647668,0.7647058823529411,0.2158700498362871,2481,409,407,171
common_strict,Homo sapiens,5,10,HybridKla,0.5,3468,578,2890,0.7176314938757916,0.3423064537197199,0.22243060452156307,0.43944636678200694,0.8117647058823529,0.3182957393483709,0.3691860465116279,0.7497116493656286,0.18396652679739453,2346,544,324,254
common_strict,Homo sapiens,5,10,PCBert-Kla,0.5,3468,578,2890,0.5596038720800757,0.190947385110404,0.017092144290166606,0.01730103806228374,0.9878892733564014,0.2222222222222222,0.03210272873194222,0.8261245674740484,0.17188121081821583,2855,35,568,10
common_strict,Homo sapiens,5,11,DeepKla,0.5,3468,578,2890,0.5800657918367835,0.21515903315863014,0.08819808823895878,0.3961937716262976,0.71280276816609,0.21624173748819642,0.2797800855222969,0.6600346020761245,0.21398151323362724,2060,830,349,229
common_strict,Homo sapiens,5,11,Auto-Kla,0.5,3468,578,2890,0.6765466170184744,0.271702542678235,0.17043053817557852,0.2958477508650519,0.8705882352941177,0.3137614678899083,0.30454140694568116,0.77479815455594,0.20944953041951092,2516,374,407,171
common_strict,Homo sapiens,5,11,HybridKla,0.5,3468,578,2890,0.7204732941415932,0.3442752040215313,0.22854944961033208,0.43944636678200694,0.816955017301038,0.3243933588761175,0.3732549595885378,0.7540369088811996,0.180471527915304,2361,529,324,254
common_strict,Homo sapiens,5,11,PCBert-Kla,0.5,3468,578,2890,0.5674668646208737,0.1980234006416188,0.013245323570650438,0.01730103806228374,0.9868512110726644,0.20833333333333334,0.03194888178913738,0.8252595155709342,0.1728762685709837,2852,38,568,10
common_strict,Homo sapiens,5,12,DeepKla,0.5,3468,578,2890,0.5896127919924331,0.2236894943000719,0.10237448471578446,0.3961937716262976,0.728719723183391,0.22606120434353405,0.28786926461345064,0.6732987312572087,0.21029860758114174,2106,784,349,229
common_strict,Homo sapiens,5,12,Auto-Kla,0.5,3468,578,2890,0.6803983429317177,0.27924234074017484,0.16946931326927178,0.2958477508650519,0.8698961937716263,0.3126142595978062,0.304,0.7742214532871973,0.20736170086460154,2514,376,407,171
common_strict,Homo sapiens,5,12,HybridKla,0.5,3468,578,2890,0.7260766753271632,0.3591877953486296,0.24243794863922882,0.43944636678200694,0.8283737024221454,0.33866666666666667,0.3825301204819277,0.7635524798154556,0.17342050070638568,2394,496,324,254
common_strict,Homo sapiens,5,12,PCBert-Kla,0.5,3468,578,2890,0.5647100729157937,0.19491619839332394,0.014498827540520483,0.01730103806228374,0.9871972318339101,0.2127659574468085,0.032,0.8255478662053056,0.17260347719747401,2853,37,568,10
common_strict,Homo sapiens,5,13,DeepKla,0.5,3468,578,2890,0.5830282204475521,0.21038845812630907,0.08427158091351065,0.3961937716262976,0.7083044982698962,0.21361940298507462,0.2775757575757576,0.6562860438292965,0.21525199415817625,2047,843,349,229
common_strict,Homo sapiens,5,13,Auto-Kla,0.5,3468,578,2890,0.666503334490727,0.2681964587857074,0.14654416416976523,0.2958477508650519,0.8525951557093425,0.2864321608040201,0.29106382978723405,0.7598039215686274,0.21677757023008962,2464,426,407,171
common_strict,Homo sapiens,5,13,HybridKla,0.5,3468,578,2890,0.7162270566683828,0.3458162515452055,0.22445737932006166,0.43944636678200694,0.8134948096885813,0.3203026481715006,0.37053245805981033,0.7511534025374856,0.18371573255056564,2351,539,324,254
common_strict,Homo sapiens,5,13,PCBert-Kla,0.5,3468,578,2890,0.5705134038146095,0.19410064043833553,0.008488762480628792,0.01730103806228374,0.9854671280276817,0.19230769230769232,0.031746031746031744,0.8241061130334487,0.17402738518874547,2848,42,568,10
common_strict,Homo sapiens,5,14,DeepKla,0.5,3468,578,2890,0.5751475676775901,0.21088207996874253,0.0839709126816608,0.3961937716262976,0.7079584775086505,0.21342031686859272,0.27740763173834043,0.6559976931949251,0.21644643172912664,2046,844,349,229
common_strict,Homo sapiens,5,14,Auto-Kla,0.5,3468,578,2890,0.6710575783335927,0.2666216062477334,0.1523116825167622,0.2958477508650519,0.8570934256055364,0.2928082191780822,0.2943201376936317,0.7635524798154556,0.21707752329818117,2477,413,407,171
common_strict,Homo sapiens,5,14,HybridKla,0.5,3468,578,2890,0.7146202751403838,0.33621264140653456,0.21721925675912118,0.43944636678200694,0.8072664359861592,0.31319358816276205,0.36573074154067675,0.7459630911188004,0.18518779476730493,2333,557,324,254
common_strict,Homo sapiens,5,14,PCBert-Kla,0.5,3468,578,2890,0.5615066869410089,0.19669880473267187,0.019810680939166832,0.01730103806228374,0.9885813148788928,0.23255813953488372,0.032206119162640906,0.8267012687427913,0.17117469579300795,2857,33,568,10
common_strict,Homo sapiens,5,15,DeepKla,0.5,3468,578,2890,0.5791130374396858,0.21644769339718423,0.0915470330037092,0.3961937716262976,0.7166089965397924,0.21851145038167938,0.2816728167281673,0.6632064590542099,0.21476619891197857,2071,819,349,229
common_strict,Homo sapiens,5,15,Auto-Kla,0.5,3468,578,2890,0.6694567833239544,0.26746715315350256,0.144359216325676,0.2958477508650519,0.8508650519031142,0.2840531561461794,0.28983050847457625,0.7583621683967705,0.2181446483680785,2459,431,407,171
common_strict,Homo sapiens,5,15,HybridKla,0.5,3468,578,2890,0.7262371140192286,0.35347063690308955,0.23352980236362486,0.43944636678200694,0.8211072664359862,0.32944228274967574,0.3765752409191994,0.7574971164936563,0.1778511047180219,2373,517,324,254
common_strict,Homo sapiens,5,15,PCBert-Kla,0.5,3468,578,2890,0.5632577435614995,0.19277884697231004,0.018434941519273433,0.01730103806228374,0.9882352941176471,0.22727272727272727,0.03215434083601286,0.8264129181084199,0.17192539145359456,2856,34,568,10
common_strict,Homo sapiens,5,16,DeepKla,0.5,3468,578,2890,0.5719872846350019,0.2107592308099574,0.08157246039065184,0.3961937716262976,0.7051903114186852,0.211840888066605,0.2760699216395419,0.6536908881199539,0.21740636919622439,2038,852,349,229
common_strict,Homo sapiens,5,16,Auto-Kla,0.5,3468,578,2890,0.6709656852767567,0.26574041812412863,0.14786389437013786,0.2958477508650519,0.8536332179930796,0.2878787878787879,0.29180887372013653,0.7606689734717417,0.2188726959021145,2467,423,407,171
common_strict,Homo sapiens,5,16,HybridKla,0.5,3468,578,2890,0.7199973659319213,0.34093306925376504,0.2188139211974928,0.43944636678200694,0.8086505190311418,0.31474597273853777,0.3667870036101083,0.7471164936562861,0.18221806570515878,2337,553,324,254
common_strict,Homo sapiens,5,16,PCBert-Kla,0.5,3468,578,2890,0.5578752649034375,0.19165054494996547,0.013245323570650438,0.01730103806228374,0.9868512110726644,0.20833333333333334,0.03194888178913738,0.8252595155709342,0.17226036803663994,2852,38,568,10
common_strict,Homo sapiens,5,17,DeepKla,0.5,3468,578,2890,0.5815573328863399,0.216094894747685,0.09338429055753632,0.3961937716262976,0.7186851211072665,0.21976967370441458,0.2827160493827161,0.6649365628604383,0.2143816628766448,2077,813,349,229
common_strict,Homo sapiens,5,17,Auto-Kla,0.5,3468,578,2890,0.6738853102812467,0.27035876949925175,0.1614429614050549,0.2958477508650519,0.8640138408304499,0.30319148936170215,0.29947460595446584,0.7693194925028836,0.2135143192788359,2497,393,407,171
common_strict,Homo sapiens,5,17,HybridKla,0.5,3468,578,2890,0.72261287580369,0.34991970876740985,0.23774044950948675,0.43944636678200694,0.8245674740484429,0.33377135348226017,0.3793876026885735,0.7603806228373703,0.18016787692498717,2383,507,324,254
common_strict,Homo sapiens,5,17,PCBert-Kla,0.5,3468,578,2890,0.5698339339806755,0.1969916737366845,0.018434941519273433,0.01730103806228374,0.9882352941176471,0.22727272727272727,0.03215434083601286,0.8264129181084199,0.17247170154402927,2856,34,568,10
common_strict,Homo sapiens,5,18,DeepKla,0.5,3468,578,2890,0.5775152356892279,0.2132578194016892,0.0924647167233562,0.3961937716262976,0.7176470588235294,0.21913875598086124,0.28219346888478125,0.6640715109573241,0.21570251861416329,2074,816,349,229
common_strict,Homo sapiens,5,18,Auto-Kla,0.5,3468,578,2890,0.6777421247350965,0.27404771119498406,0.16330884223595016,0.2958477508650519,0.8653979238754326,0.3053571428571429,0.30052724077328646,0.7704728950403691,0.21169215620698356,2501,389,407,171
common_strict,Homo sapiens,5,18,HybridKla,0.5,3468,578,2890,0.7131667484824176,0.34187450171591105,0.2204163890018573,0.43944636678200694,0.8100346020761245,0.3163138231631382,0.36784938450398263,0.7482698961937716,0.18439995586304775,2341,549,324,254
common_strict,Homo sapiens,5,18,PCBert-Kla,0.5,3468,578,2890,0.5704098370469702,0.2007795961347672,0.021221162864343373,0.01730103806228374,0.9889273356401385,0.23809523809523808,0.03225806451612903,0.8269896193771626,0.17109028834979956,2858,32,568,10
common_strict,Homo sapiens,5,19,DeepKla,0.5,3468,578,2890,0.5646298535697609,0.2017885498094188,0.06684372022081302,0.3961937716262976,0.6878892733564014,0.20247568523430592,0.26799297834991226,0.639273356401384,0.2217761414779086,1988,902,349,229
common_strict,Homo sapiens,5,19,Auto-Kla,0.5,3468,578,2890,0.6763281090983106,0.2781526619836459,0.1623741967310139,0.2958477508650519,0.8647058823529412,0.304270462633452,0.29999999999999993,0.7698961937716263,0.21002342964808068,2499,391,407,171
common_strict,Homo sapiens,5,19,HybridKla,0.5,3468,578,2890,0.7142167838028758,0.3449034260518518,0.21961417327325963,0.43944636678200694,0.8093425605536332,0.315527950310559,0.36731742588575556,0.7476931949250288,0.1848819869260666,2339,551,324,254
common_strict,Homo sapiens,5,19,PCBert-Kla,0.5,3468,578,2890,0.5618964092862873,0.19312370683711705,0.00304269180654503,0.01730103806228374,0.9837370242214533,0.17543859649122806,0.031496062992125984,0.8226643598615917,0.17537595648934584,2843,47,568,10
common_strict,Homo sapiens,5,20,DeepKla,0.5,3468,578,2890,0.5795623256426528,0.22140648270027788,0.09124155548878941,0.3961937716262976,0.7162629757785467,0.21830314585319352,0.28149969268592506,0.6629181084198386,0.2130149119142221,2070,820,349,229
common_strict,Homo sapiens,5,20,Auto-Kla,0.5,3468,578,2890,0.673503370409837,0.27720113504002175,0.15321042321823974,0.2958477508650519,0.8577854671280277,0.29381443298969073,0.2948275862068965,0.7641291810841984,0.21443850272865367,2479,411,407,171
common_strict,Homo sapiens,5,20,HybridKla,0.5,3468,578,2890,0.7140419774667449,0.32918423914900824,0.22405100962105837,0.43944636678200694,0.8131487889273357,0.3198992443324937,0.3702623906705539,0.7508650519031141,0.18306971436296735,2350,540,324,254
common_strict,Homo sapiens,5,20,PCBert-Kla,0.5,3468,578,2890,0.56570563091917,0.19493230018795882,0.006249389737829918,0.01730103806228374,0.9847750865051903,0.18518518518518517,0.03164556962025317,0.8235294117647058,0.17379398310622607,2846,44,568,10
common_strict,Homo sapiens,5,21,DeepKla,0.5,3468,578,2890,0.5710007064091666,0.2102575749510281,0.08007956297976801,0.3961937716262976,0.7034602076124568,0.21086556169429096,0.2752403846153846,0.6522491349480969,0.218137781467318,2033,857,349,229
common_strict,Homo sapiens,5,21,Auto-Kla,0.5,3468,578,2890,0.6688886627315286,0.2706522538094405,0.15775152181250557,0.2958477508650519,0.8612456747404844,0.29895104895104896,0.29739130434782607,0.7670126874279123,0.21474717796848342,2489,401,407,171
common_strict,Homo sapiens,5,21,HybridKla,0.5,3468,578,2890,0.7166215682283497,0.3343712331024926,0.22813789522259292,0.43944636678200694,0.8166089965397924,0.3239795918367347,0.37298091042584436,0.7537485582468282,0.18204897513666157,2360,530,324,254
common_strict,Homo sapiens,5,21,PCBert-Kla,0.5,3468,578,2890,0.5561559368302583,0.1922354884394845,0.015780621925599193,0.01730103806228374,0.9875432525951557,0.21739130434782608,0.032051282051282055,0.825836216839677,0.1721290461813043,2854,36,568,10
common_strict,Homo sapiens,5,22,DeepKla,0.5,3468,578,2890,0.5649555201685803,0.20572655507808613,0.07033939468415595,0.3961937716262976,0.6920415224913494,0.20464700625558535,0.2698880377136123,0.6427335640138409,0.22133046744016957,2000,890,349,229
common_strict,Homo sapiens,5,22,Auto-Kla,0.5,3468,578,2890,0.6655143616575473,0.26851848247541155,0.144359216325676,0.2958477508650519,0.8508650519031142,0.2840531561461794,0.28983050847457625,0.7583621683967705,0.21876888660445282,2459,431,407,171
common_strict,Homo sapiens,5,22,HybridKla,0.5,3468,578,2890,0.7082781575891093,0.3380666991844848,0.212481077494522,0.43944636678200694,0.803114186851211,0.3086269744835966,0.3625981441827266,0.7425028835063437,0.19041400374280776,2321,569,324,254
common_strict,Homo sapiens,5,22,PCBert-Kla,0.5,3468,578,2890,0.5559170747476683,0.19182023779366258,0.009641618200732113,0.01730103806228374,0.9858131487889273,0.19607843137254902,0.031796502384737683,0.8243944636678201,0.17293323979042172,2849,41,568,10
common_strict,Homo sapiens,5,23,DeepKla,0.5,3468,578,2890,0.57874726116785,0.213052425702696,0.08127350681407637,0.3961937716262976,0.7048442906574395,0.21164510166358594,0.27590361445783135,0.6534025374855824,0.21611302918993938,2037,853,349,229
common_strict,Homo sapiens,5,23,Auto-Kla,0.5,3468,578,2890,0.6844769578908299,0.28092431072219115,0.16660740243082642,0.2958477508650519,0.8678200692041522,0.3092224231464738,0.3023872679045093,0.7724913494809689,0.20713622200603787,2508,382,407,171
common_strict,Homo sapiens,5,23,HybridKla,0.5,3468,578,2890,0.7192514457441841,0.3365682128107322,0.2314452154660709,0.43944636678200694,0.8193771626297578,0.327319587628866,0.37518463810930575,0.7560553633217993,0.18124124975168807,2368,522,324,254
common_strict,Homo sapiens,5,23,PCBert-Kla,0.5,3468,578,2890,0.5807042540199471,0.2049336468077296,0.019810680939166832,0.01730103806228374,0.9885813148788928,0.23255813953488372,0.032206119162640906,0.8267012687427913,0.1719270035934761,2857,33,568,10
common_strict,Homo sapiens,5,24,DeepKla,0.5,3468,578,2890,0.5723440811292968,0.2065172719046209,0.07888858453536898,0.3961937716262976,0.702076124567474,0.21009174311926607,0.2745803357314149,0.6510957324106112,0.2185841593957462,2029,861,349,229
common_strict,Homo sapiens,5,24,Auto-Kla,0.5,3468,578,2890,0.6599433076711246,0.2547205030831844,0.12954628054766953,0.2958477508650519,0.8387543252595155,0.2684458398744113,0.2814814814814815,0.7482698961937716,0.22834312507798232,2424,466,407,171
common_strict,Homo sapiens,5,24,HybridKla,0.5,3468,578,2890,0.7070820512206512,0.3267781440493574,0.20703729357217918,0.43944636678200694,0.7982698961937716,0.3034647550776583,0.3590106007067138,0.7384659746251442,0.19380638201771408,2307,583,324,254
common_strict,Homo sapiens,5,24,PCBert-Kla,0.5,3468,578,2890,0.5620574466301889,0.19623735039126544,0.019810680939166832,0.01730103806228374,0.9885813148788928,0.23255813953488372,0.032206119162640906,0.8267012687427913,0.1713828291858319,2857,33,568,10
common_strict,Homo sapiens,5,25,DeepKla,0.5,3468,578,2890,0.5722794267310017,0.21311741225629194,0.07859129901962797,0.3961937716262976,0.7017301038062284,0.20989917506874428,0.274415817855003,0.6508073817762399,0.21669995564610578,2028,862,349,229
common_strict,Homo sapiens,5,25,Auto-Kla,0.5,3468,578,2890,0.6648462662084984,0.26494350728446947,0.14523102357693765,0.2958477508650519,0.8515570934256055,0.285,0.2903225806451613,0.7589388696655133,0.21967790973769974,2461,429,407,171
common_strict,Homo sapiens,5,25,HybridKla,0.5,3468,578,2890,0.7151800146071048,0.34500025850255495,0.22243060452156307,0.43944636678200694,0.8117647058823529,0.3182957393483709,0.3691860465116279,0.7497116493656286,0.18449053983031052,2346,544,324,254
common_strict,Homo sapiens,5,25,PCBert-Kla,0.5,3468,578,2890,0.5563385256402582,0.19020085142460158,0.012018771890172426,0.01730103806228374,0.9865051903114187,0.20408163265306123,0.031897926634768745,0.8249711649365629,0.1728460481354407,2851,39,568,10
common_strict,Homo sapiens,5,26,DeepKla,0.5,3468,578,2890,0.5753756540271309,0.21131865980671388,0.0833701541928061,0.3961937716262976,0.7072664359861591,0.21302325581395348,0.2770719903206292,0.6554209919261822,0.21745414335577176,2044,846,349,229
common_strict,Homo sapiens,5,26,Auto-Kla,0.5,3468,578,2890,0.6716286921851989,0.2720596747465775,0.1595906005575016,0.2958477508650519,0.8626297577854671,0.301056338028169,0.29842931937172773,0.7681660899653979,0.21285281072152215,2493,397,407,171
common_strict,Homo sapiens,5,26,HybridKla,0.5,3468,578,2890,0.7076597502424541,0.31826649511759236,0.2152367453165676,0.43944636678200694,0.8055363321799308,0.3112745098039216,0.3644189383070301,0.7445213379469435,0.1907470664107332,2328,562,324,254
common_strict,Homo sapiens,5,26,PCBert-Kla,0.5,3468,578,2890,0.5552585577279966,0.1863434891032675,0.005161019658095524,0.01730103806228374,0.9844290657439446,0.18181818181818182,0.031595576619273306,0.8232410611303345,0.1756504182544859,2845,45,568,10
common_strict,Homo sapiens,5,27,DeepKla,0.5,3468,578,2890,0.5760970294895895,0.21515588041964798,0.0821709327062681,0.3961937716262976,0.7058823529411765,0.21223354958294718,0.27640313820156914,0.6542675893886967,0.21598505836127097,2040,850,349,229
common_strict,Homo sapiens,5,27,Auto-Kla,0.5,3468,578,2890,0.6792504280360627,0.2767505612212976,0.16005243637729716,0.2958477508650519,0.8629757785467128,0.30158730158730157,0.29868995633187767,0.7684544405997693,0.2115990540811345,2494,396,407,171
common_strict,Homo sapiens,5,27,HybridKla,0.5,3468,578,2890,0.718451646891201,0.3477065591894817,0.2277268671200101,0.43944636678200694,0.8162629757785467,0.3235668789808917,0.37270726338958177,0.7534602076124568,0.18023136721356028,2359,531,324,254
common_strict,Homo sapiens,5,27,PCBert-Kla,0.5,3468,578,2890,0.5698812274757247,0.19717054117260047,0.005161019658095524,0.01730103806228374,0.9844290657439446,0.18181818181818182,0.031595576619273306,0.8232410611303345,0.17377303206236405,2845,45,568,10
common_strict,Homo sapiens,5,28,DeepKla,0.5,3468,578,2890,0.5695884867278889,0.20554932670109433,0.07444821304779302,0.3961937716262976,0.696885813148789,0.2072398190045249,0.2721330956625075,0.6467704728950404,0.21938205463416663,2014,876,349,229
common_strict,Homo sapiens,5,28,Auto-Kla,0.5,3468,578,2890,0.6723027741526083,0.27328073231534666,0.16051510598447716,0.2958477508650519,0.8633217993079585,0.30212014134275617,0.29895104895104896,0.7687427912341407,0.21173430414195207,2495,395,407,171
common_strict,Homo sapiens,5,28,HybridKla,0.5,3468,578,2890,0.7066049257073072,0.3264598131286609,0.2028210944907976,0.43944636678200694,0.7944636678200692,0.29952830188679247,0.35624123422159887,0.7352941176470589,0.19329055000487405,2296,594,324,254
common_strict,Homo sapiens,5,28,PCBert-Kla,0.5,3468,578,2890,0.5567168736006514,0.18715042749031813,0.000997184435899659,0.01730103806228374,0.9830449826989619,0.1694915254237288,0.031397174254317116,0.8220876585928489,0.17584439633893384,2841,49,568,10
common_strict,Homo sapiens,5,29,DeepKla,0.5,3468,578,2890,0.578792758707391,0.21083706012621686,0.09522917789147292,0.3961937716262976,0.7207612456747405,0.22104247104247104,0.28376703841387857,0.6666666666666666,0.21534377674796182,2083,807,349,229
common_strict,Homo sapiens,5,29,Auto-Kla,0.5,3468,578,2890,0.6670705571053986,0.2683494598960271,0.15912959484172423,0.2958477508650519,0.8622837370242215,0.30052724077328646,0.2981691368788143,0.7678777393310265,0.21229616524569087,2492,398,407,171
common_strict,Homo sapiens,5,29,HybridKla,0.5,3468,578,2890,0.7145657978233019,0.34081117930727556,0.23020096541180501,0.43944636678200694,0.8183391003460208,0.32605905006418484,0.3743551952837141,0.7551903114186851,0.18268953862455678,2365,525,324,254
common_strict,Homo sapiens,5,29,PCBert-Kla,0.5,3468,578,2890,0.5606027226685504,0.1903725892478189,-0.002896726015155841,0.01730103806228374,0.9816608996539793,0.15873015873015872,0.031201248049922005,0.8209342560553633,0.1761150168459969,2837,53,568,10
common_strict,Homo sapiens,10,0,DeepKla,0.5,6358,578,5780,0.5768378611367201,0.12077394387631371,0.0630095690291216,0.3961937716262976,0.7046712802768166,0.11828512396694214,0.18217979315831342,0.6766278703994967,0.20550457650842438,4073,1707,349,229
common_strict,Homo sapiens,10,0,Auto-Kla,0.5,6358,578,5780,0.6748786233402377,0.1622361930894349,0.12601397647835802,0.2958477508650519,0.861764705882353,0.17628865979381445,0.22093023255813954,0.8103177099716892,0.17156802476594293,4981,799,407,171
common_strict,Homo sapiens,10,0,HybridKla,0.5,6358,578,5780,0.7170085966403659,0.2222558661077264,0.17646492301365077,0.43944636678200694,0.8112456747404845,0.18884758364312268,0.2641705668226729,0.7774457376533501,0.16232157513463094,4689,1091,324,254
common_strict,Homo sapiens,10,0,PCBert-Kla,0.5,6358,578,5780,0.5587918008644533,0.10671086935369625,0.009846906390429795,0.01730103806228374,0.9866782006920415,0.11494252873563218,0.030075187969924814,0.8985530040893362,0.09945253091594394,5703,77,568,10
common_strict,Homo sapiens,10,1,DeepKla,0.5,6358,578,5780,0.5691751176350858,0.11772464372343958,0.054790054582690234,0.3961937716262976,0.6923875432525951,0.11410064773293473,0.1771760154738878,0.6654608367411136,0.20885357498998164,4002,1778,349,229
common_strict,Homo sapiens,10,1,Auto-Kla,0.5,6358,578,5780,0.6705113085331833,0.15505392580002306,0.12166158731199292,0.2958477508650519,0.8577854671280277,0.17220543806646527,0.21769573520050925,0.8067002201950298,0.1751357389515686,4958,822,407,171
common_strict,Homo sapiens,10,1,HybridKla,0.5,6358,578,5780,0.7194286466876593,0.21223368076250387,0.18179272258898221,0.43944636678200694,0.8166089965397924,0.1933028919330289,0.26849894291754756,0.7823214847436301,0.15824688091555464,4720,1060,324,254
common_strict,Homo sapiens,10,1,PCBert-Kla,0.5,6358,578,5780,0.5583426623244454,0.10520485920444705,0.009365858115816939,0.01730103806228374,0.9865051903114187,0.11363636363636363,0.03003003003003003,0.8983957219251337,0.09921301474854577,5702,78,568,10
common_strict,Homo sapiens,10,2,DeepKla,0.5,6358,578,5780,0.5806366063624717,0.12323564720387228,0.06964338775302101,0.3961937716262976,0.7143598615916955,0.12180851063829787,0.18633034987794958,0.6854356715948412,0.2038391563713186,4129,1651,349,229
common_strict,Homo sapiens,10,2,Auto-Kla,0.5,6358,578,5780,0.6718546832533134,0.15615907798515505,0.12184861320776788,0.2958477508650519,0.8579584775086505,0.17237903225806453,0.21783439490445863,0.8068575023592325,0.17424742011928013,4959,821,407,171
common_strict,Homo sapiens,10,2,HybridKla,0.5,6358,578,5780,0.7205606973096585,0.21285738006256313,0.18231531528099262,0.43944636678200694,0.8171280276816609,0.19374523264683446,0.26892535733192163,0.7827933312362378,0.15875413467775104,4723,1057,324,254
common_strict,Homo sapiens,10,2,PCBert-Kla,0.5,6358,578,5780,0.5671669400510052,0.10683716028916072,0.011830901889705299,0.01730103806228374,0.9873702422145328,0.12048192771084337,0.030257186081694407,0.8991821327461466,0.0992111811458439,5707,73,568,10
common_strict,Homo sapiens,10,3,DeepKla,0.5,6358,578,5780,0.5724187629458459,0.11953745637614865,0.06137254991603374,0.3961937716262976,0.7022491349480969,0.11743589743589744,0.18117088607594936,0.6744259201006606,0.20729991705293274,4059,1721,349,229
common_strict,Homo sapiens,10,3,Auto-Kla,0.5,6358,578,5780,0.6694931514229954,0.16027955977582825,0.12486819204633333,0.2958477508650519,0.860726643598616,0.17520491803278687,0.22007722007722005,0.8093740169864737,0.17239464931727744,4975,805,407,171
common_strict,Homo sapiens,10,3,HybridKla,0.5,6358,578,5780,0.7095670549921576,0.20150491489676486,0.16961157214427777,0.43944636678200694,0.8041522491349481,0.18326118326118326,0.25865580448065173,0.7709971689210443,0.16758102037797934,4648,1132,324,254
common_strict,Homo sapiens,10,3,PCBert-Kla,0.5,6358,578,5780,0.5613654051076975,0.10721476813870535,0.007956151740578826,0.01730103806228374,0.9859861591695501,0.10989010989010989,0.02989536621823618,0.8979238754325259,0.10000036172752388,5699,81,568,10
common_strict,Homo sapiens,10,4,DeepKla,0.5,6358,578,5780,0.5784594592976617,0.12238076167610928,0.06394875636119221,0.3961937716262976,0.7060553633217993,0.1187759336099585,0.18276137270550677,0.6778861277131173,0.20480351315238257,4081,1699,349,229
common_strict,Homo sapiens,10,4,Auto-Kla,0.5,6358,578,5780,0.6743010739813938,0.16084015416846487,0.12639756755368334,0.2958477508650519,0.8621107266435987,0.17665289256198347,0.22121604139715395,0.8106322743000943,0.17065174967174088,4983,797,407,171
common_strict,Homo sapiens,10,4,HybridKla,0.5,6358,578,5780,0.7167080734186612,0.22185198233471096,0.18179272258898221,0.43944636678200694,0.8166089965397924,0.1933028919330289,0.26849894291754756,0.7823214847436301,0.16115990590315696,4720,1060,324,254
common_strict,Homo sapiens,10,4,PCBert-Kla,0.5,6358,578,5780,0.5615300343626154,0.10757687140101557,0.0070428251986867215,0.01730103806228374,0.9856401384083044,0.10752688172043011,0.029806259314456036,0.8976093111041208,0.09996003992998588,5697,83,568,10
common_strict,Homo sapiens,10,5,DeepKla,0.5,6358,578,5780,0.5749591420121886,0.11884861413139047,0.0630095690291216,0.3961937716262976,0.7046712802768166,0.11828512396694214,0.18217979315831342,0.6766278703994967,0.20668515774670793,4073,1707,349,229
common_strict,Homo sapiens,10,5,Auto-Kla,0.5,6358,578,5780,0.6669722285413249,0.1534567759040998,0.1183282884579921,0.2958477508650519,0.8546712802768166,0.16913946587537093,0.21522970421648835,0.8038691412393835,0.17689402998213882,4940,840,407,171
common_strict,Homo sapiens,10,5,HybridKla,0.5,6358,578,5780,0.7088663330180434,0.20110043469836947,0.1730952379413478,0.43944636678200694,0.8077854671280277,0.18608058608058609,0.26145136387030365,0.7743000943692985,0.16765827884177448,4669,1111,324,254
common_strict,Homo sapiens,10,5,PCBert-Kla,0.5,6358,578,5780,0.5633396092000813,0.10724600351395934,0.005275159958677656,0.01730103806228374,0.9849480968858132,0.10309278350515463,0.02962962962962963,0.8969801824473105,0.10028198055757973,5693,87,568,10
common_strict,Homo sapiens,10,6,DeepKla,0.5,6358,578,5780,0.5810876905209468,0.12324414019928231,0.06868700859118576,0.3961937716262976,0.7129757785467128,0.12129237288135593,0.18572587185725872,0.6841774142812205,0.20374579052527358,4121,1659,349,229
common_strict,Homo sapiens,10,6,Auto-Kla,0.5,6358,578,5780,0.6675431927299722,0.1562855419280686,0.12110168799363183,0.2958477508650519,0.8572664359861591,0.1716867469879518,0.2172808132147395,0.8062283737024222,0.1743998988538801,4955,825,407,171
common_strict,Homo sapiens,10,6,HybridKla,0.5,6358,578,5780,0.7142805402234167,0.21050585715527675,0.17919847787321466,0.43944636678200694,0.8140138408304498,0.1911211437170805,0.2663869952805453,0.7799622522805914,0.1617958980878781,4705,1075,324,254
common_strict,Homo sapiens,10,6,PCBert-Kla,0.5,6358,578,5780,0.5655392057087438,0.10963355327892597,0.01727379069540359,0.01730103806228374,0.9891003460207612,0.136986301369863,0.03072196620583718,0.9007549543881724,0.09763186512250763,5717,63,568,10
common_strict,Homo sapiens,10,7,DeepKla,0.5,6358,578,5780,0.5812668370828894,0.12421504944859321,0.07000280134680972,0.3961937716262976,0.714878892733564,0.12200319659030368,0.18655804480651733,0.6859075180874489,0.20345345324224515,4132,1648,349,229
common_strict,Homo sapiens,10,7,Auto-Kla,0.5,6358,578,5780,0.6745179356090085,0.15858114430894382,0.12241087620841504,0.2958477508650519,0.8584775086505191,0.17290192113245703,0.2182514358647096,0.8073293488518402,0.1723272349608149,4962,818,407,171
common_strict,Homo sapiens,10,7,HybridKla,0.5,6358,578,5780,0.7132975539085977,0.2099627696745207,0.1761256187656754,0.43944636678200694,0.8108996539792388,0.18856718634001485,0.26389610389610385,0.777131173324945,0.16238448983369017,4687,1093,324,254
common_strict,Homo sapiens,10,7,PCBert-Kla,0.5,6358,578,5780,0.566815980412112,0.1082410960761528,0.010333774760794544,0.01730103806228374,0.9868512110726644,0.11627906976744186,0.030120481927710847,0.8987102862535389,0.09998257033397916,5704,76,568,10
common_strict,Homo sapiens,10,8,DeepKla,0.5,6358,578,5780,0.5814799571365284,0.12464698305539866,0.06868700859118576,0.3961937716262976,0.7129757785467128,0.12129237288135593,0.18572587185725872,0.6841774142812205,0.20274924182522552,4121,1659,349,229
common_strict,Homo sapiens,10,8,Auto-Kla,0.5,6358,578,5780,0.6694837226565774,0.15644909655266648,0.1170486147330666,0.2958477508650519,0.8534602076124568,0.16797642436149313,0.21428571428571427,0.8027681660899654,0.17698298771735355,4933,847,407,171
common_strict,Homo sapiens,10,8,HybridKla,0.5,6358,578,5780,0.7183109637097257,0.2150897411194774,0.1877908994548937,0.43944636678200694,0.8224913494809688,0.1984375,0.27341227125941875,0.7876690783265178,0.15902229875822196,4754,1026,324,254
common_strict,Homo sapiens,10,8,PCBert-Kla,0.5,6358,578,5780,0.5623663509775985,0.10737157448870188,0.013918835644505714,0.01730103806228374,0.9880622837370242,0.12658227848101267,0.03044140030441401,0.8998112614029569,0.098229207286267,5711,69,568,10
common_strict,Homo sapiens,10,9,DeepKla,0.5,6358,578,5780,0.5834650866249207,0.12326020889465547,0.0674956939376032,0.3961937716262976,0.7112456747404844,0.12065331928345627,0.1849757673667205,0.6826045926391947,0.20270631847408585,4111,1669,349,229
common_strict,Homo sapiens,10,9,Auto-Kla,0.5,6358,578,5780,0.6771992971827444,0.16023174026383313,0.11980206716886982,0.2958477508650519,0.8560553633217993,0.17048853439680958,0.21631878557874765,0.8051273985530041,0.17563327309468463,4948,832,407,171
common_strict,Homo sapiens,10,9,HybridKla,0.5,6358,578,5780,0.721150968020019,0.22361453895867514,0.18761207268843555,0.43944636678200694,0.822318339100346,0.19828259172521467,0.2732651963421194,0.7875117961623151,0.1565101016041928,4753,1027,324,254
common_strict,Homo sapiens,10,9,PCBert-Kla,0.5,6358,578,5780,0.5672996910956527,0.10866413133140797,0.010826620203416328,0.01730103806228374,0.9870242214532872,0.11764705882352941,0.030165912518853696,0.8988675684177414,0.09934144452634971,5705,75,568,10
common_strict,Homo sapiens,10,10,DeepKla,0.5,6358,578,5780,0.570986638091019,0.11786398938553277,0.06055712081264783,0.3961937716262976,0.701038062283737,0.11701584057230455,0.1806706114398422,0.6733249449512425,0.2085107122410326,4052,1728,349,229
common_strict,Homo sapiens,10,10,Auto-Kla,0.5,6358,578,5780,0.6745846852887298,0.16164050269134622,0.13146217492821316,0.2958477508650519,0.8666089965397924,0.18152866242038215,0.225,0.8147216105693614,0.16705640947625727,5009,771,407,171
common_strict,Homo sapiens,10,10,HybridKla,0.5,6358,578,5780,0.711287879694927,0.20685465419584148,0.17010590160406186,0.43944636678200694,0.8046712802768166,0.1836587129428778,0.25905150433452323,0.7714690154136521,0.1673253979560184,4651,1129,324,254
common_strict,Homo sapiens,10,10,PCBert-Kla,0.5,6358,578,5780,0.5601414614288622,0.10647942437136929,0.010333774760794544,0.01730103806228374,0.9868512110726644,0.11627906976744186,0.030120481927710847,0.8987102862535389,0.09976938388166796,5704,76,568,10
common_strict,Homo sapiens,10,11,DeepKla,0.5,6358,578,5780,0.5786571640665221,0.12016329048908664,0.06548086274670001,0.3961937716262976,0.7083044982698962,0.1195822454308094,0.18371440032089853,0.6799307958477508,0.20483311157053014,4094,1686,349,229
common_strict,Homo sapiens,10,11,Auto-Kla,0.5,6358,578,5780,0.6801958489481688,0.16438297391689605,0.1328512144227781,0.2958477508650519,0.8678200692041522,0.18288770053475936,0.2260409781890284,0.8158225857187795,0.16612219075926396,5016,764,407,171
common_strict,Homo sapiens,10,11,HybridKla,0.5,6358,578,5780,0.7174072987631853,0.21025665186944986,0.17731549094556956,0.43944636678200694,0.8121107266435986,0.18955223880597014,0.264859228362878,0.7782321484743631,0.1621462281606674,4694,1086,324,254
common_strict,Homo sapiens,10,11,PCBert-Kla,0.5,6358,578,5780,0.5659952287448665,0.10796275546752027,0.0070428251986867215,0.01730103806228374,0.9856401384083044,0.10752688172043011,0.029806259314456036,0.8976093111041208,0.10027117342555969,5697,83,568,10
common_strict,Homo sapiens,10,12,DeepKla,0.5,6358,578,5780,0.5806286742256438,0.1210909059231039,0.06868700859118576,0.3961937716262976,0.7129757785467128,0.12129237288135593,0.18572587185725872,0.6841774142812205,0.20415640339660682,4121,1659,349,229
common_strict,Homo sapiens,10,12,Auto-Kla,0.5,6358,578,5780,0.6761866776020402,0.16236161819180772,0.1277467689431378,0.2958477508650519,0.8633217993079585,0.17793964620187305,0.2222222222222222,0.8117332494495124,0.1692778898157847,4990,790,407,171
common_strict,Homo sapiens,10,12,HybridKla,0.5,6358,578,5780,0.7156466637133176,0.210318101134647,0.17663477240071793,0.43944636678200694,0.8114186851211073,0.18898809523809523,0.26430801248699276,0.7776030198175526,0.16302838012596632,4690,1090,324,254
common_strict,Homo sapiens,10,12,PCBert-Kla,0.5,6358,578,5780,0.5644972521880725,0.10594000214002021,0.0035801295732451168,0.01730103806228374,0.9842560553633218,0.09900990099009901,0.029455081001472757,0.8963510537905002,0.10124182815600573,5689,91,568,10
common_strict,Homo sapiens,10,13,DeepKla,0.5,6358,578,5780,0.5777537984458999,0.12062702237068675,0.06785260708461327,0.3961937716262976,0.711764705882353,0.12084432717678101,0.18520016174686615,0.6830764391318025,0.20505886703780038,4114,1666,349,229
common_strict,Homo sapiens,10,13,Auto-Kla,0.5,6358,578,5780,0.6661671914847763,0.1540623212694956,0.1170486147330666,0.2958477508650519,0.8534602076124568,0.16797642436149313,0.21428571428571427,0.8027681660899654,0.17731241820421872,4933,847,407,171
common_strict,Homo sapiens,10,13,HybridKla,0.5,6358,578,5780,0.7129287843775817,0.20233580852460414,0.1742687647181975,0.43944636678200694,0.8089965397923875,0.187039764359352,0.262396694214876,0.7754010695187166,0.16524017986515768,4676,1104,324,254
common_strict,Homo sapiens,10,13,PCBert-Kla,0.5,6358,578,5780,0.567606949150513,0.10980019657670793,0.011325605964192518,0.01730103806228374,0.9871972318339101,0.11904761904761904,0.03021148036253776,0.899024850581944,0.0992902363650707,5706,74,568,10
common_strict,Homo sapiens,10,14,DeepKla,0.5,6358,578,5780,0.574393865015984,0.11613512469746928,0.06371370115803393,0.3961937716262976,0.7057093425605536,0.11865284974093264,0.18261562998405104,0.6775715633847121,0.20768607782154413,4079,1701,349,229
common_strict,Homo sapiens,10,14,Auto-Kla,0.5,6358,578,5780,0.6750341231546557,0.15961728233945904,0.12448791268284866,0.2958477508650519,0.8603806228373703,0.17484662576687116,0.2197943444730077,0.8090594526580686,0.17298627386977636,4973,807,407,171
common_strict,Homo sapiens,10,14,HybridKla,0.5,6358,578,5780,0.7176844745632834,0.21777770896723886,0.17663477240071793,0.43944636678200694,0.8114186851211073,0.18898809523809523,0.26430801248699276,0.7776030198175526,0.16125116069219625,4690,1090,324,254
common_strict,Homo sapiens,10,14,PCBert-Kla,0.5,6358,578,5780,0.5666248608134481,0.109801807758548,0.012861138766985839,0.01730103806228374,0.9877162629757785,0.12345679012345678,0.03034901365705615,0.8994966970745517,0.09901316618377111,5709,71,568,10
common_strict,Homo sapiens,10,15,DeepKla,0.5,6358,578,5780,0.5789603812214892,0.12383729819477325,0.06892582425868864,0.3961937716262976,0.7133217993079585,0.12142099681866383,0.18587662337662336,0.6844919786096256,0.20425934348059732,4123,1657,349,229
common_strict,Homo sapiens,10,15,Auto-Kla,0.5,6358,578,5780,0.6710614695705271,0.16039487532633473,0.12110168799363183,0.2958477508650519,0.8572664359861591,0.1716867469879518,0.2172808132147395,0.8062283737024222,0.17366803035130496,4955,825,407,171
common_strict,Homo sapiens,10,15,HybridKla,0.5,6358,578,5780,0.7161249865303336,0.2082534203655903,0.17494217006262686,0.43944636678200694,0.8096885813148789,0.18759231905465287,0.26293995859213254,0.7760301981755269,0.16353358541538288,4680,1100,324,254
common_strict,Homo sapiens,10,15,PCBert-Kla,0.5,6358,578,5780,0.5629642544988686,0.10725403899034645,0.013918835644505714,0.01730103806228374,0.9880622837370242,0.12658227848101267,0.03044140030441401,0.8998112614029569,0.09845907714784878,5711,69,568,10
common_strict,Homo sapiens,10,16,DeepKla,0.5,6358,578,5780,0.5719821960943954,0.11978161371522869,0.06195625033112909,0.3961937716262976,0.7031141868512111,0.11773778920308484,0.18152992469282603,0.6752123309216734,0.207673656649066,4064,1716,349,229
common_strict,Homo sapiens,10,16,Auto-Kla,0.5,6358,578,5780,0.673237419331665,0.16050129190968349,0.12678199724475142,0.2958477508650519,0.8624567474048442,0.17701863354037267,0.2215025906735751,0.8109468386284995,0.16964746696833147,4985,795,407,171
common_strict,Homo sapiens,10,16,HybridKla,0.5,6358,578,5780,0.7145158103949905,0.21609770659187172,0.17816938050751904,0.43944636678200694,0.8129757785467128,0.1902621722846442,0.26555148980658655,0.7790185592953759,0.16232438283000494,4699,1081,324,254
common_strict,Homo sapiens,10,16,PCBert-Kla,0.5,6358,578,5780,0.5624797955005328,0.10916305593455429,0.016123298069031806,0.01730103806228374,0.9887543252595156,0.13333333333333333,0.030627871362940273,0.9004403900597672,0.0979181499831736,5715,65,568,10
common_strict,Homo sapiens,10,17,DeepKla,0.5,6358,578,5780,0.575900522024401,0.11899705740366844,0.06559902474383797,0.3961937716262976,0.7084775086505191,0.11964472309299895,0.18378812199036917,0.6800880780119535,0.20625499261904207,4095,1685,349,229
common_strict,Homo sapiens,10,17,Auto-Kla,0.5,6358,578,5780,0.6712006561224123,0.15665470945040527,0.11906365816284828,0.2958477508650519,0.855363321799308,0.16981132075471697,0.21577287066246056,0.8044982698961938,0.17545140668653053,4944,836,407,171
common_strict,Homo sapiens,10,17,HybridKla,0.5,6358,578,5780,0.7169298739239233,0.2146777056144426,0.17937046758334899,0.43944636678200694,0.8141868512110727,0.19126506024096385,0.2665267576075551,0.780119534444794,0.16038201169169047,4706,1074,324,254
common_strict,Homo sapiens,10,17,PCBert-Kla,0.5,6358,578,5780,0.5660651213467272,0.10831120063870256,0.004418985861897155,0.01730103806228374,0.9846020761245675,0.10101010101010101,0.029542097488921715,0.8966656181189053,0.10070198323244423,5691,89,568,10
common_strict,Homo sapiens,10,18,DeepKla,0.5,6358,578,5780,0.5749354952646639,0.1196549780214862,0.0651266419204142,0.3961937716262976,0.7077854671280277,0.11939520333680918,0.18349358974358976,0.6794589493551432,0.20654070886589007,4091,1689,349,229
common_strict,Homo sapiens,10,18,Auto-Kla,0.5,6358,578,5780,0.6737326540630499,0.15817691675758222,0.1279403615203786,0.2958477508650519,0.8634948096885813,0.178125,0.2223667100130039,0.811890531613715,0.1708153178732927,4991,789,407,171
common_strict,Homo sapiens,10,18,HybridKla,0.5,6358,578,5780,0.7172815818776117,0.21083435845227108,0.17954259327434235,0.43944636678200694,0.8143598615916955,0.19140919366993217,0.26666666666666666,0.7802768166089965,0.16143652789908441,4707,1073,324,254
common_strict,Homo sapiens,10,18,PCBert-Kla,0.5,6358,578,5780,0.562638138911172,0.10722487590967139,0.011830901889705299,0.01730103806228374,0.9873702422145328,0.12048192771084337,0.030257186081694407,0.8991821327461466,0.09928102343166634,5707,73,568,10
common_strict,Homo sapiens,10,19,DeepKla,0.5,6358,578,5780,0.5731797990924439,0.11761402934061513,0.062423967974015684,0.3961937716262976,0.7038062283737024,0.11798042246264812,0.18181818181818182,0.6758414595784838,0.2073774169619643,4068,1712,349,229
common_strict,Homo sapiens,10,19,Auto-Kla,0.5,6358,578,5780,0.6734822679326158,0.1569530805866651,0.12949685439844433,0.2958477508650519,0.864878892733564,0.1796218487394958,0.22352941176470587,0.8131487889273357,0.16975580841783894,4999,781,407,171
common_strict,Homo sapiens,10,19,HybridKla,0.5,6358,578,5780,0.7190033045581351,0.21658763678132298,0.18654223403830228,0.43944636678200694,0.821280276816609,0.19735819735819735,0.27238605898123325,0.7865681031770997,0.15697546077076727,4747,1033,324,254
common_strict,Homo sapiens,10,19,PCBert-Kla,0.5,6358,578,5780,0.5662378324014319,0.1082016322779657,0.00614947797759774,0.01730103806228374,0.9852941176470589,0.10526315789473684,0.02971768202080238,0.8972947467757156,0.10119103074761934,5695,85,568,10
common_strict,Homo sapiens,10,20,DeepKla,0.5,6358,578,5780,0.5776481363968344,0.11934391972161881,0.0669017478043252,0.3961937716262976,0.7103806228373702,0.12033631108775618,0.18460298266827893,0.6818181818181818,0.20545242562228738,4106,1674,349,229
common_strict,Homo sapiens,10,20,Auto-Kla,0.5,6358,578,5780,0.6698270494845608,0.15624752187648855,0.11943248086130367,0.2958477508650519,0.8557093425605536,0.1701492537313433,0.21604548325963363,0.8048128342245989,0.17602711087618741,4946,834,407,171
common_strict,Homo sapiens,10,20,HybridKla,0.5,6358,578,5780,0.7141395577160236,0.21097746148489016,0.17326250269908894,0.43944636678200694,0.8079584775086506,0.18621700879765396,0.2615859938208033,0.7744573765335011,0.1638436124199795,4670,1110,324,254
common_strict,Homo sapiens,10,20,PCBert-Kla,0.5,6358,578,5780,0.5656055063995882,0.10773710256571797,0.00889047891879687,0.01730103806228374,0.9863321799307958,0.11235955056179775,0.02998500749625188,0.8982384397609311,0.09977714333379023,5701,79,568,10
common_strict,Homo sapiens,10,21,DeepKla,0.5,6358,578,5780,0.5778953796051292,0.1197342567442921,0.06394875636119221,0.3961937716262976,0.7060553633217993,0.1187759336099585,0.18276137270550677,0.6778861277131173,0.2059759649642459,4081,1699,349,229
common_strict,Homo sapiens,10,21,Auto-Kla,0.5,6358,578,5780,0.675789771434729,0.15866209125676012,0.12891154609314606,0.2958477508650519,0.8643598615916955,0.17905759162303664,0.22309197651663404,0.8126769424347279,0.16998376480716665,4996,784,407,171
common_strict,Homo sapiens,10,21,HybridKla,0.5,6358,578,5780,0.7153494330767112,0.20331057498557645,0.1702709226500713,0.43944636678200694,0.8048442906574395,0.1837916063675832,0.25918367346938775,0.7716262975778547,0.16668176640448598,4652,1128,324,254
common_strict,Homo sapiens,10,21,PCBert-Kla,0.5,6358,578,5780,0.566917601561284,0.108515425512649,0.005709997097923845,0.01730103806228374,0.985121107266436,0.10416666666666667,0.02967359050445104,0.897137464611513,0.10047481512859398,5694,86,568,10
common_strict,Homo sapiens,10,22,DeepKla,0.5,6358,578,5780,0.576083559823278,0.11769616290702062,0.06453715338153611,0.3961937716262976,0.7069204152249134,0.11908476339053563,0.18312674930027992,0.6786725385341302,0.20652803542578063,4086,1694,349,229
common_strict,Homo sapiens,10,22,Auto-Kla,0.5,6358,578,5780,0.6734785263586404,0.15783198292137707,0.12316334463420117,0.2958477508650519,0.8591695501730103,0.1736040609137056,0.21880998080614203,0.8079584775086506,0.17366229283732929,4966,814,407,171
common_strict,Homo sapiens,10,22,HybridKla,0.5,6358,578,5780,0.713646867254942,0.20149534369057437,0.17799833532589796,0.43944636678200694,0.81280276816609,0.19011976047904192,0.26541274817136884,0.7788612771311734,0.1643061432293891,4698,1082,324,254
common_strict,Homo sapiens,10,22,PCBert-Kla,0.5,6358,578,5780,0.566237233749596,0.10813029976911534,0.007956151740578826,0.01730103806228374,0.9859861591695501,0.10989010989010989,0.02989536621823618,0.8979238754325259,0.09995621440693893,5699,81,568,10
common_strict,Homo sapiens,10,23,DeepKla,0.5,6358,578,5780,0.5815492510865531,0.12010174899990028,0.0690453016808795,0.3961937716262976,0.7134948096885814,0.12148541114058356,0.1859520909460008,0.6846492607738283,0.20401442984727172,4124,1656,349,229
common_strict,Homo sapiens,10,23,Auto-Kla,0.5,6358,578,5780,0.6757510087283438,0.15742876204433387,0.12620566745882827,0.2958477508650519,0.8619377162629758,0.17647058823529413,0.22107304460245636,0.8104749921358918,0.17168641926282843,4982,798,407,171
common_strict,Homo sapiens,10,23,HybridKla,0.5,6358,578,5780,0.7183184468576765,0.21506656685394393,0.18547770133611965,0.43944636678200694,0.8202422145328719,0.19644238205723125,0.2715125601282737,0.7856244101918842,0.15781333243636989,4741,1039,324,254
common_strict,Homo sapiens,10,23,PCBert-Kla,0.5,6358,578,5780,0.5703632918667162,0.10994747372304708,0.010826620203416328,0.01730103806228374,0.9870242214532872,0.11764705882352941,0.030165912518853696,0.8988675684177414,0.09887295556100113,5705,75,568,10
common_strict,Homo sapiens,10,24,DeepKla,0.5,6358,578,5780,0.5786677901366123,0.1195891034688266,0.06571723105728057,0.3961937716262976,0.7086505190311418,0.11970726607422896,0.18386190285026097,0.680245360176156,0.20533177768508798,4096,1684,349,229
common_strict,Homo sapiens,10,24,Auto-Kla,0.5,6358,578,5780,0.6738299349864106,0.15997289844274193,0.12639756755368334,0.2958477508650519,0.8621107266435987,0.17665289256198347,0.22121604139715395,0.8106322743000943,0.17016391234375575,4983,797,407,171
common_strict,Homo sapiens,10,24,HybridKla,0.5,6358,578,5780,0.7139129679960728,0.20359272100640555,0.17342989436199424,0.43944636678200694,0.8081314878892734,0.1863536316947909,0.26172076249356,0.7746146586977036,0.16434231051413797,4671,1109,324,254
common_strict,Homo sapiens,10,24,PCBert-Kla,0.5,6358,578,5780,0.5600622897235427,0.1066309040889919,0.006593715146045473,0.01730103806228374,0.9854671280276817,0.10638297872340426,0.029761904761904764,0.8974520289399183,0.10049230353617591,5696,84,568,10
common_strict,Homo sapiens,10,25,DeepKla,0.5,6358,578,5780,0.5716903533243136,0.11543065633801383,0.05766121694373922,0.3961937716262976,0.696712802768166,0.11553985872855702,0.17890625000000002,0.669392890846178,0.2088870711986503,4027,1753,349,229
common_strict,Homo sapiens,10,25,Auto-Kla,0.5,6358,578,5780,0.6702633170100933,0.1620783897202564,0.12429807978234121,0.2958477508650519,0.8602076124567474,0.17466802860061287,0.21965317919075145,0.808902170493866,0.17154998461481522,4972,808,407,171
common_strict,Homo sapiens,10,25,HybridKla,0.5,6358,578,5780,0.7081051472084865,0.20941633986160008,0.16424493565446924,0.43944636678200694,0.7984429065743944,0.17899929527836506,0.2543815723585378,0.7658068575023592,0.1693324642856223,4615,1165,324,254
common_strict,Homo sapiens,10,25,PCBert-Kla,0.5,6358,578,5780,0.5633339220076389,0.10622726013000297,0.002757819071768633,0.01730103806228374,0.9839100346020762,0.0970873786407767,0.029368575624082235,0.896036489462095,0.10180612785714027,5687,93,568,10
common_strict,Homo sapiens,10,26,DeepKla,0.5,6358,578,5780,0.5764520300283761,0.11812010540001658,0.0648907149431601,0.3961937716262976,0.707439446366782,0.11927083333333334,0.1833466773418735,0.679144385026738,0.20649090231738487,4089,1691,349,229
common_strict,Homo sapiens,10,26,Auto-Kla,0.5,6358,578,5780,0.6752116234240491,0.16443534680706437,0.13566310457778497,0.2958477508650519,0.870242214532872,0.18566775244299674,0.22815210140093395,0.8180245360176156,0.1645399563186643,5030,750,407,171
common_strict,Homo sapiens,10,26,HybridKla,0.5,6358,578,5780,0.7140961554579087,0.20954432851843346,0.17937046758334899,0.43944636678200694,0.8141868512110727,0.19126506024096385,0.2665267576075551,0.780119534444794,0.16231233649620766,4706,1074,324,254
common_strict,Homo sapiens,10,26,PCBert-Kla,0.5,6358,578,5780,0.5656739023718587,0.11004147426260874,0.01727379069540359,0.01730103806228374,0.9891003460207612,0.136986301369863,0.03072196620583718,0.9007549543881724,0.09778470634773964,5717,63,568,10
common_strict,Homo sapiens,10,27,DeepKla,0.5,6358,578,5780,0.5768716849654578,0.11840800888217781,0.06265808077332054,0.3961937716262976,0.7041522491349481,0.1181021144920062,0.1819626539531188,0.676156023906889,0.2064732793775522,4070,1710,349,229
common_strict,Homo sapiens,10,27,Auto-Kla,0.5,6358,578,5780,0.6719557057506496,0.15970670297817752,0.12524929298474932,0.2958477508650519,0.8610726643598616,0.175564681724846,0.22036082474226804,0.8096885813148789,0.17095182909757276,4977,803,407,171
common_strict,Homo sapiens,10,27,HybridKla,0.5,6358,578,5780,0.7224368721638869,0.21992315055497438,0.18868728114038524,0.43944636678200694,0.8233564013840831,0.1992156862745098,0.27415002698327035,0.7884554891475307,0.15583395371364384,4759,1021,324,254
common_strict,Homo sapiens,10,27,PCBert-Kla,0.5,6358,578,5780,0.5648609331784821,0.10883125946224331,0.013386455713123389,0.01730103806228374,0.9878892733564014,0.125,0.030395136778115506,0.8996539792387543,0.0989545111994847,5710,70,568,10
common_strict,Homo sapiens,10,28,DeepKla,0.5,6358,578,5780,0.5752807677111146,0.11730703590269691,0.06055712081264783,0.3961937716262976,0.701038062283737,0.11701584057230455,0.1806706114398422,0.6733249449512425,0.20719717526404796,4052,1728,349,229
common_strict,Homo sapiens,10,28,Auto-Kla,0.5,6358,578,5780,0.6726630128949606,0.16173628782950572,0.12639756755368334,0.2958477508650519,0.8621107266435987,0.17665289256198347,0.22121604139715395,0.8106322743000943,0.17115510624334834,4983,797,407,171
common_strict,Homo sapiens,10,28,HybridKla,0.5,6358,578,5780,0.7157601082362519,0.20869445773889472,0.1761256187656754,0.43944636678200694,0.8108996539792388,0.18856718634001485,0.26389610389610385,0.777131173324945,0.16378744397702524,4687,1093,324,254
common_strict,Homo sapiens,10,28,PCBert-Kla,0.5,6358,578,5780,0.566679188467571,0.10828329792892584,0.009846906390429795,0.01730103806228374,0.9866782006920415,0.11494252873563218,0.030075187969924814,0.8985530040893362,0.0993421179897427,5703,77,568,10
common_strict,Homo sapiens,10,29,DeepKla,0.5,6358,578,5780,0.5733180876665749,0.11806995456949033,0.0632441080626718,0.3961937716262976,0.7050173010380623,0.11840744570837643,0.18232484076433123,0.6769424347279018,0.20734149365198112,4075,1705,349,229
common_strict,Homo sapiens,10,29,Auto-Kla,0.5,6358,578,5780,0.6683747201302666,0.1583637342829295,0.11943248086130367,0.2958477508650519,0.8557093425605536,0.1701492537313433,0.21604548325963363,0.8048128342245989,0.1751764863748229,4946,834,407,171
common_strict,Homo sapiens,10,29,HybridKla,0.5,6358,578,5780,0.7204673076232325,0.20909489561636194,0.18459459853128707,0.43944636678200694,0.8193771626297578,0.19568567026194145,0.27078891257995735,0.7848379993708714,0.15772833937634015,4736,1044,324,254
common_strict,Homo sapiens,10,29,PCBert-Kla,0.5,6358,578,5780,0.5676813316411442,0.10788757980445883,0.012861138766985839,0.01730103806228374,0.9877162629757785,0.12345679012345678,0.03034901365705615,0.8994966970745517,0.09879412239027165,5709,71,568,10
common_strict,Homo sapiens,all,0,DeepKla,0.5,73369,578,72791,0.5770020976299448,0.010772577272582665,0.0203102760115286,0.3961937716262976,0.708315588465607,0.010670518615162388,0.020781342166159993,0.70585669697011,0.19454619179037788,51559,21232,349,229
common_strict,Homo sapiens,all,0,Auto-Kla,0.5,73369,578,72791,0.6723055257173463,0.01751007420846015,0.03965347279455378,0.2958477508650519,0.8602437114478438,0.016531322505800465,0.031312946346822926,0.8557974076244735,0.12642114315395014,62618,10173,407,171
common_strict,Homo sapiens,all,0,HybridKla,0.5,73369,578,72791,0.7163536510820974,0.022487004372420336,0.05712365618096936,0.43944636678200694,0.8133423088019123,0.01835127519687884,0.03523129204521812,0.8103967615750521,0.1385228554297561,59204,13587,324,254
common_strict,Homo sapiens,all,0,PCBert-Kla,0.5,73369,578,72791,0.5647647464307325,0.009525022429549864,0.0032200357662328593,0.01730103806228374,0.9868527702600596,0.010341261633919338,0.012944983818770227,0.9792146546906731,0.01901859815527779,71834,957,568,10
common_strict,Homo sapiens,all,1,DeepKla,0.5,73369,578,72791,0.5770020976299448,0.010772577272582665,0.0203102760115286,0.3961937716262976,0.708315588465607,0.010670518615162388,0.020781342166159993,0.70585669697011,0.19454619179037788,51559,21232,349,229
common_strict,Homo sapiens,all,1,Auto-Kla,0.5,73369,578,72791,0.6723055257173463,0.01751007420846015,0.03965347279455378,0.2958477508650519,0.8602437114478438,0.016531322505800465,0.031312946346822926,0.8557974076244735,0.12642114315395014,62618,10173,407,171
common_strict,Homo sapiens,all,1,HybridKla,0.5,73369,578,72791,0.7163536510820974,0.022487004372420336,0.05712365618096936,0.43944636678200694,0.8133423088019123,0.01835127519687884,0.03523129204521812,0.8103967615750521,0.1385228554297561,59204,13587,324,254
common_strict,Homo sapiens,all,1,PCBert-Kla,0.5,73369,578,72791,0.5647647464307325,0.009525022429549864,0.0032200357662328593,0.01730103806228374,0.9868527702600596,0.010341261633919338,0.012944983818770227,0.9792146546906731,0.01901859815527779,71834,957,568,10
common_strict,Homo sapiens,all,2,DeepKla,0.5,73369,578,72791,0.5770020976299448,0.010772577272582665,0.0203102760115286,0.3961937716262976,0.708315588465607,0.010670518615162388,0.020781342166159993,0.70585669697011,0.19454619179037788,51559,21232,349,229
common_strict,Homo sapiens,all,2,Auto-Kla,0.5,73369,578,72791,0.6723055257173463,0.01751007420846015,0.03965347279455378,0.2958477508650519,0.8602437114478438,0.016531322505800465,0.031312946346822926,0.8557974076244735,0.12642114315395014,62618,10173,407,171
common_strict,Homo sapiens,all,2,HybridKla,0.5,73369,578,72791,0.7163536510820974,0.022487004372420336,0.05712365618096936,0.43944636678200694,0.8133423088019123,0.01835127519687884,0.03523129204521812,0.8103967615750521,0.1385228554297561,59204,13587,324,254
common_strict,Homo sapiens,all,2,PCBert-Kla,0.5,73369,578,72791,0.5647647464307325,0.009525022429549864,0.0032200357662328593,0.01730103806228374,0.9868527702600596,0.010341261633919338,0.012944983818770227,0.9792146546906731,0.01901859815527779,71834,957,568,10
common_strict,Homo sapiens,all,3,DeepKla,0.5,73369,578,72791,0.5770020976299448,0.010772577272582665,0.0203102760115286,0.3961937716262976,0.708315588465607,0.010670518615162388,0.020781342166159993,0.70585669697011,0.19454619179037788,51559,21232,349,229
common_strict,Homo sapiens,all,3,Auto-Kla,0.5,73369,578,72791,0.6723055257173463,0.01751007420846015,0.03965347279455378,0.2958477508650519,0.8602437114478438,0.016531322505800465,0.031312946346822926,0.8557974076244735,0.12642114315395014,62618,10173,407,171
common_strict,Homo sapiens,all,3,HybridKla,0.5,73369,578,72791,0.7163536510820974,0.022487004372420336,0.05712365618096936,0.43944636678200694,0.8133423088019123,0.01835127519687884,0.03523129204521812,0.8103967615750521,0.1385228554297561,59204,13587,324,254
common_strict,Homo sapiens,all,3,PCBert-Kla,0.5,73369,578,72791,0.5647647464307325,0.009525022429549864,0.0032200357662328593,0.01730103806228374,0.9868527702600596,0.010341261633919338,0.012944983818770227,0.9792146546906731,0.01901859815527779,71834,957,568,10
common_strict,Homo sapiens,all,4,DeepKla,0.5,73369,578,72791,0.5770020976299448,0.010772577272582665,0.0203102760115286,0.3961937716262976,0.708315588465607,0.010670518615162388,0.020781342166159993,0.70585669697011,0.19454619179037788,51559,21232,349,229
common_strict,Homo sapiens,all,4,Auto-Kla,0.5,73369,578,72791,0.6723055257173463,0.01751007420846015,0.03965347279455378,0.2958477508650519,0.8602437114478438,0.016531322505800465,0.031312946346822926,0.8557974076244735,0.12642114315395014,62618,10173,407,171
common_strict,Homo sapiens,all,4,HybridKla,0.5,73369,578,72791,0.7163536510820974,0.022487004372420336,0.05712365618096936,0.43944636678200694,0.8133423088019123,0.01835127519687884,0.03523129204521812,0.8103967615750521,0.1385228554297561,59204,13587,324,254
common_strict,Homo sapiens,all,4,PCBert-Kla,0.5,73369,578,72791,0.5647647464307325,0.009525022429549864,0.0032200357662328593,0.01730103806228374,0.9868527702600596,0.010341261633919338,0.012944983818770227,0.9792146546906731,0.01901859815527779,71834,957,568,10
common_strict,Homo sapiens,all,5,DeepKla,0.5,73369,578,72791,0.5770020976299448,0.010772577272582665,0.0203102760115286,0.3961937716262976,0.708315588465607,0.010670518615162388,0.020781342166159993,0.70585669697011,0.19454619179037788,51559,21232,349,229
common_strict,Homo sapiens,all,5,Auto-Kla,0.5,73369,578,72791,0.6723055257173463,0.01751007420846015,0.03965347279455378,0.2958477508650519,0.8602437114478438,0.016531322505800465,0.031312946346822926,0.8557974076244735,0.12642114315395014,62618,10173,407,171
common_strict,Homo sapiens,all,5,HybridKla,0.5,73369,578,72791,0.7163536510820974,0.022487004372420336,0.05712365618096936,0.43944636678200694,0.8133423088019123,0.01835127519687884,0.03523129204521812,0.8103967615750521,0.1385228554297561,59204,13587,324,254
common_strict,Homo sapiens,all,5,PCBert-Kla,0.5,73369,578,72791,0.5647647464307325,0.009525022429549864,0.0032200357662328593,0.01730103806228374,0.9868527702600596,0.010341261633919338,0.012944983818770227,0.9792146546906731,0.01901859815527779,71834,957,568,10
common_strict,Homo sapiens,all,6,DeepKla,0.5,73369,578,72791,0.5770020976299448,0.010772577272582665,0.0203102760115286,0.3961937716262976,0.708315588465607,0.010670518615162388,0.020781342166159993,0.70585669697011,0.19454619179037788,51559,21232,349,229
common_strict,Homo sapiens,all,6,Auto-Kla,0.5,73369,578,72791,0.6723055257173463,0.01751007420846015,0.03965347279455378,0.2958477508650519,0.8602437114478438,0.016531322505800465,0.031312946346822926,0.8557974076244735,0.12642114315395014,62618,10173,407,171
common_strict,Homo sapiens,all,6,HybridKla,0.5,73369,578,72791,0.7163536510820974,0.022487004372420336,0.05712365618096936,0.43944636678200694,0.8133423088019123,0.01835127519687884,0.03523129204521812,0.8103967615750521,0.1385228554297561,59204,13587,324,254
common_strict,Homo sapiens,all,6,PCBert-Kla,0.5,73369,578,72791,0.5647647464307325,0.009525022429549864,0.0032200357662328593,0.01730103806228374,0.9868527702600596,0.010341261633919338,0.012944983818770227,0.9792146546906731,0.01901859815527779,71834,957,568,10
common_strict,Homo sapiens,all,7,DeepKla,0.5,73369,578,72791,0.5770020976299448,0.010772577272582665,0.0203102760115286,0.3961937716262976,0.708315588465607,0.010670518615162388,0.020781342166159993,0.70585669697011,0.19454619179037788,51559,21232,349,229
common_strict,Homo sapiens,all,7,Auto-Kla,0.5,73369,578,72791,0.6723055257173463,0.01751007420846015,0.03965347279455378,0.2958477508650519,0.8602437114478438,0.016531322505800465,0.031312946346822926,0.8557974076244735,0.12642114315395014,62618,10173,407,171
common_strict,Homo sapiens,all,7,HybridKla,0.5,73369,578,72791,0.7163536510820974,0.022487004372420336,0.05712365618096936,0.43944636678200694,0.8133423088019123,0.01835127519687884,0.03523129204521812,0.8103967615750521,0.1385228554297561,59204,13587,324,254
common_strict,Homo sapiens,all,7,PCBert-Kla,0.5,73369,578,72791,0.5647647464307325,0.009525022429549864,0.0032200357662328593,0.01730103806228374,0.9868527702600596,0.010341261633919338,0.012944983818770227,0.9792146546906731,0.01901859815527779,71834,957,568,10
common_strict,Homo sapiens,all,8,DeepKla,0.5,73369,578,72791,0.5770020976299448,0.010772577272582665,0.0203102760115286,0.3961937716262976,0.708315588465607,0.010670518615162388,0.020781342166159993,0.70585669697011,0.19454619179037788,51559,21232,349,229
common_strict,Homo sapiens,all,8,Auto-Kla,0.5,73369,578,72791,0.6723055257173463,0.01751007420846015,0.03965347279455378,0.2958477508650519,0.8602437114478438,0.016531322505800465,0.031312946346822926,0.8557974076244735,0.12642114315395014,62618,10173,407,171
common_strict,Homo sapiens,all,8,HybridKla,0.5,73369,578,72791,0.7163536510820974,0.022487004372420336,0.05712365618096936,0.43944636678200694,0.8133423088019123,0.01835127519687884,0.03523129204521812,0.8103967615750521,0.1385228554297561,59204,13587,324,254
common_strict,Homo sapiens,all,8,PCBert-Kla,0.5,73369,578,72791,0.5647647464307325,0.009525022429549864,0.0032200357662328593,0.01730103806228374,0.9868527702600596,0.010341261633919338,0.012944983818770227,0.9792146546906731,0.01901859815527779,71834,957,568,10
common_strict,Homo sapiens,all,9,DeepKla,0.5,73369,578,72791,0.5770020976299448,0.010772577272582665,0.0203102760115286,0.3961937716262976,0.708315588465607,0.010670518615162388,0.020781342166159993,0.70585669697011,0.19454619179037788,51559,21232,349,229
common_strict,Homo sapiens,all,9,Auto-Kla,0.5,73369,578,72791,0.6723055257173463,0.01751007420846015,0.03965347279455378,0.2958477508650519,0.8602437114478438,0.016531322505800465,0.031312946346822926,0.8557974076244735,0.12642114315395014,62618,10173,407,171
common_strict,Homo sapiens,all,9,HybridKla,0.5,73369,578,72791,0.7163536510820974,0.022487004372420336,0.05712365618096936,0.43944636678200694,0.8133423088019123,0.01835127519687884,0.03523129204521812,0.8103967615750521,0.1385228554297561,59204,13587,324,254
common_strict,Homo sapiens,all,9,PCBert-Kla,0.5,73369,578,72791,0.5647647464307325,0.009525022429549864,0.0032200357662328593,0.01730103806228374,0.9868527702600596,0.010341261633919338,0.012944983818770227,0.9792146546906731,0.01901859815527779,71834,957,568,10
common_strict,Homo sapiens,all,10,DeepKla,0.5,73369,578,72791,0.5770020976299448,0.010772577272582665,0.0203102760115286,0.3961937716262976,0.708315588465607,0.010670518615162388,0.020781342166159993,0.70585669697011,0.19454619179037788,51559,21232,349,229
common_strict,Homo sapiens,all,10,Auto-Kla,0.5,73369,578,72791,0.6723055257173463,0.01751007420846015,0.03965347279455378,0.2958477508650519,0.8602437114478438,0.016531322505800465,0.031312946346822926,0.8557974076244735,0.12642114315395014,62618,10173,407,171
common_strict,Homo sapiens,all,10,HybridKla,0.5,73369,578,72791,0.7163536510820974,0.022487004372420336,0.05712365618096936,0.43944636678200694,0.8133423088019123,0.01835127519687884,0.03523129204521812,0.8103967615750521,0.1385228554297561,59204,13587,324,254
common_strict,Homo sapiens,all,10,PCBert-Kla,0.5,73369,578,72791,0.5647647464307325,0.009525022429549864,0.0032200357662328593,0.01730103806228374,0.9868527702600596,0.010341261633919338,0.012944983818770227,0.9792146546906731,0.01901859815527779,71834,957,568,10
common_strict,Homo sapiens,all,11,DeepKla,0.5,73369,578,72791,0.5770020976299448,0.010772577272582665,0.0203102760115286,0.3961937716262976,0.708315588465607,0.010670518615162388,0.020781342166159993,0.70585669697011,0.19454619179037788,51559,21232,349,229
common_strict,Homo sapiens,all,11,Auto-Kla,0.5,73369,578,72791,0.6723055257173463,0.01751007420846015,0.03965347279455378,0.2958477508650519,0.8602437114478438,0.016531322505800465,0.031312946346822926,0.8557974076244735,0.12642114315395014,62618,10173,407,171
common_strict,Homo sapiens,all,11,HybridKla,0.5,73369,578,72791,0.7163536510820974,0.022487004372420336,0.05712365618096936,0.43944636678200694,0.8133423088019123,0.01835127519687884,0.03523129204521812,0.8103967615750521,0.1385228554297561,59204,13587,324,254
common_strict,Homo sapiens,all,11,PCBert-Kla,0.5,73369,578,72791,0.5647647464307325,0.009525022429549864,0.0032200357662328593,0.01730103806228374,0.9868527702600596,0.010341261633919338,0.012944983818770227,0.9792146546906731,0.01901859815527779,71834,957,568,10
common_strict,Homo sapiens,all,12,DeepKla,0.5,73369,578,72791,0.5770020976299448,0.010772577272582665,0.0203102760115286,0.3961937716262976,0.708315588465607,0.010670518615162388,0.020781342166159993,0.70585669697011,0.19454619179037788,51559,21232,349,229
common_strict,Homo sapiens,all,12,Auto-Kla,0.5,73369,578,72791,0.6723055257173463,0.01751007420846015,0.03965347279455378,0.2958477508650519,0.8602437114478438,0.016531322505800465,0.031312946346822926,0.8557974076244735,0.12642114315395014,62618,10173,407,171
common_strict,Homo sapiens,all,12,HybridKla,0.5,73369,578,72791,0.7163536510820974,0.022487004372420336,0.05712365618096936,0.43944636678200694,0.8133423088019123,0.01835127519687884,0.03523129204521812,0.8103967615750521,0.1385228554297561,59204,13587,324,254
common_strict,Homo sapiens,all,12,PCBert-Kla,0.5,73369,578,72791,0.5647647464307325,0.009525022429549864,0.0032200357662328593,0.01730103806228374,0.9868527702600596,0.010341261633919338,0.012944983818770227,0.9792146546906731,0.01901859815527779,71834,957,568,10
common_strict,Homo sapiens,all,13,DeepKla,0.5,73369,578,72791,0.5770020976299448,0.010772577272582665,0.0203102760115286,0.3961937716262976,0.708315588465607,0.010670518615162388,0.020781342166159993,0.70585669697011,0.19454619179037788,51559,21232,349,229
common_strict,Homo sapiens,all,13,Auto-Kla,0.5,73369,578,72791,0.6723055257173463,0.01751007420846015,0.03965347279455378,0.2958477508650519,0.8602437114478438,0.016531322505800465,0.031312946346822926,0.8557974076244735,0.12642114315395014,62618,10173,407,171
common_strict,Homo sapiens,all,13,HybridKla,0.5,73369,578,72791,0.7163536510820974,0.022487004372420336,0.05712365618096936,0.43944636678200694,0.8133423088019123,0.01835127519687884,0.03523129204521812,0.8103967615750521,0.1385228554297561,59204,13587,324,254
common_strict,Homo sapiens,all,13,PCBert-Kla,0.5,73369,578,72791,0.5647647464307325,0.009525022429549864,0.0032200357662328593,0.01730103806228374,0.9868527702600596,0.010341261633919338,0.012944983818770227,0.9792146546906731,0.01901859815527779,71834,957,568,10
common_strict,Homo sapiens,all,14,DeepKla,0.5,73369,578,72791,0.5770020976299448,0.010772577272582665,0.0203102760115286,0.3961937716262976,0.708315588465607,0.010670518615162388,0.020781342166159993,0.70585669697011,0.19454619179037788,51559,21232,349,229
common_strict,Homo sapiens,all,14,Auto-Kla,0.5,73369,578,72791,0.6723055257173463,0.01751007420846015,0.03965347279455378,0.2958477508650519,0.8602437114478438,0.016531322505800465,0.031312946346822926,0.8557974076244735,0.12642114315395014,62618,10173,407,171
common_strict,Homo sapiens,all,14,HybridKla,0.5,73369,578,72791,0.7163536510820974,0.022487004372420336,0.05712365618096936,0.43944636678200694,0.8133423088019123,0.01835127519687884,0.03523129204521812,0.8103967615750521,0.1385228554297561,59204,13587,324,254
common_strict,Homo sapiens,all,14,PCBert-Kla,0.5,73369,578,72791,0.5647647464307325,0.009525022429549864,0.0032200357662328593,0.01730103806228374,0.9868527702600596,0.010341261633919338,0.012944983818770227,0.9792146546906731,0.01901859815527779,71834,957,568,10
common_strict,Homo sapiens,all,15,DeepKla,0.5,73369,578,72791,0.5770020976299448,0.010772577272582665,0.0203102760115286,0.3961937716262976,0.708315588465607,0.010670518615162388,0.020781342166159993,0.70585669697011,0.19454619179037788,51559,21232,349,229
common_strict,Homo sapiens,all,15,Auto-Kla,0.5,73369,578,72791,0.6723055257173463,0.01751007420846015,0.03965347279455378,0.2958477508650519,0.8602437114478438,0.016531322505800465,0.031312946346822926,0.8557974076244735,0.12642114315395014,62618,10173,407,171
common_strict,Homo sapiens,all,15,HybridKla,0.5,73369,578,72791,0.7163536510820974,0.022487004372420336,0.05712365618096936,0.43944636678200694,0.8133423088019123,0.01835127519687884,0.03523129204521812,0.8103967615750521,0.1385228554297561,59204,13587,324,254
common_strict,Homo sapiens,all,15,PCBert-Kla,0.5,73369,578,72791,0.5647647464307325,0.009525022429549864,0.0032200357662328593,0.01730103806228374,0.9868527702600596,0.010341261633919338,0.012944983818770227,0.9792146546906731,0.01901859815527779,71834,957,568,10
common_strict,Homo sapiens,all,16,DeepKla,0.5,73369,578,72791,0.5770020976299448,0.010772577272582665,0.0203102760115286,0.3961937716262976,0.708315588465607,0.010670518615162388,0.020781342166159993,0.70585669697011,0.19454619179037788,51559,21232,349,229
common_strict,Homo sapiens,all,16,Auto-Kla,0.5,73369,578,72791,0.6723055257173463,0.01751007420846015,0.03965347279455378,0.2958477508650519,0.8602437114478438,0.016531322505800465,0.031312946346822926,0.8557974076244735,0.12642114315395014,62618,10173,407,171
common_strict,Homo sapiens,all,16,HybridKla,0.5,73369,578,72791,0.7163536510820974,0.022487004372420336,0.05712365618096936,0.43944636678200694,0.8133423088019123,0.01835127519687884,0.03523129204521812,0.8103967615750521,0.1385228554297561,59204,13587,324,254
common_strict,Homo sapiens,all,16,PCBert-Kla,0.5,73369,578,72791,0.5647647464307325,0.009525022429549864,0.0032200357662328593,0.01730103806228374,0.9868527702600596,0.010341261633919338,0.012944983818770227,0.9792146546906731,0.01901859815527779,71834,957,568,10
common_strict,Homo sapiens,all,17,DeepKla,0.5,73369,578,72791,0.5770020976299448,0.010772577272582665,0.0203102760115286,0.3961937716262976,0.708315588465607,0.010670518615162388,0.020781342166159993,0.70585669697011,0.19454619179037788,51559,21232,349,229
common_strict,Homo sapiens,all,17,Auto-Kla,0.5,73369,578,72791,0.6723055257173463,0.01751007420846015,0.03965347279455378,0.2958477508650519,0.8602437114478438,0.016531322505800465,0.031312946346822926,0.8557974076244735,0.12642114315395014,62618,10173,407,171
common_strict,Homo sapiens,all,17,HybridKla,0.5,73369,578,72791,0.7163536510820974,0.022487004372420336,0.05712365618096936,0.43944636678200694,0.8133423088019123,0.01835127519687884,0.03523129204521812,0.8103967615750521,0.1385228554297561,59204,13587,324,254
common_strict,Homo sapiens,all,17,PCBert-Kla,0.5,73369,578,72791,0.5647647464307325,0.009525022429549864,0.0032200357662328593,0.01730103806228374,0.9868527702600596,0.010341261633919338,0.012944983818770227,0.9792146546906731,0.01901859815527779,71834,957,568,10
common_strict,Homo sapiens,all,18,DeepKla,0.5,73369,578,72791,0.5770020976299448,0.010772577272582665,0.0203102760115286,0.3961937716262976,0.708315588465607,0.010670518615162388,0.020781342166159993,0.70585669697011,0.19454619179037788,51559,21232,349,229
common_strict,Homo sapiens,all,18,Auto-Kla,0.5,73369,578,72791,0.6723055257173463,0.01751007420846015,0.03965347279455378,0.2958477508650519,0.8602437114478438,0.016531322505800465,0.031312946346822926,0.8557974076244735,0.12642114315395014,62618,10173,407,171
common_strict,Homo sapiens,all,18,HybridKla,0.5,73369,578,72791,0.7163536510820974,0.022487004372420336,0.05712365618096936,0.43944636678200694,0.8133423088019123,0.01835127519687884,0.03523129204521812,0.8103967615750521,0.1385228554297561,59204,13587,324,254
common_strict,Homo sapiens,all,18,PCBert-Kla,0.5,73369,578,72791,0.5647647464307325,0.009525022429549864,0.0032200357662328593,0.01730103806228374,0.9868527702600596,0.010341261633919338,0.012944983818770227,0.9792146546906731,0.01901859815527779,71834,957,568,10
common_strict,Homo sapiens,all,19,DeepKla,0.5,73369,578,72791,0.5770020976299448,0.010772577272582665,0.0203102760115286,0.3961937716262976,0.708315588465607,0.010670518615162388,0.020781342166159993,0.70585669697011,0.19454619179037788,51559,21232,349,229
common_strict,Homo sapiens,all,19,Auto-Kla,0.5,73369,578,72791,0.6723055257173463,0.01751007420846015,0.03965347279455378,0.2958477508650519,0.8602437114478438,0.016531322505800465,0.031312946346822926,0.8557974076244735,0.12642114315395014,62618,10173,407,171
common_strict,Homo sapiens,all,19,HybridKla,0.5,73369,578,72791,0.7163536510820974,0.022487004372420336,0.05712365618096936,0.43944636678200694,0.8133423088019123,0.01835127519687884,0.03523129204521812,0.8103967615750521,0.1385228554297561,59204,13587,324,254
common_strict,Homo sapiens,all,19,PCBert-Kla,0.5,73369,578,72791,0.5647647464307325,0.009525022429549864,0.0032200357662328593,0.01730103806228374,0.9868527702600596,0.010341261633919338,0.012944983818770227,0.9792146546906731,0.01901859815527779,71834,957,568,10
common_strict,Homo sapiens,all,20,DeepKla,0.5,73369,578,72791,0.5770020976299448,0.010772577272582665,0.0203102760115286,0.3961937716262976,0.708315588465607,0.010670518615162388,0.020781342166159993,0.70585669697011,0.19454619179037788,51559,21232,349,229
common_strict,Homo sapiens,all,20,Auto-Kla,0.5,73369,578,72791,0.6723055257173463,0.01751007420846015,0.03965347279455378,0.2958477508650519,0.8602437114478438,0.016531322505800465,0.031312946346822926,0.8557974076244735,0.12642114315395014,62618,10173,407,171
common_strict,Homo sapiens,all,20,HybridKla,0.5,73369,578,72791,0.7163536510820974,0.022487004372420336,0.05712365618096936,0.43944636678200694,0.8133423088019123,0.01835127519687884,0.03523129204521812,0.8103967615750521,0.1385228554297561,59204,13587,324,254
common_strict,Homo sapiens,all,20,PCBert-Kla,0.5,73369,578,72791,0.5647647464307325,0.009525022429549864,0.0032200357662328593,0.01730103806228374,0.9868527702600596,0.010341261633919338,0.012944983818770227,0.9792146546906731,0.01901859815527779,71834,957,568,10
common_strict,Homo sapiens,all,21,DeepKla,0.5,73369,578,72791,0.5770020976299448,0.010772577272582665,0.0203102760115286,0.3961937716262976,0.708315588465607,0.010670518615162388,0.020781342166159993,0.70585669697011,0.19454619179037788,51559,21232,349,229
common_strict,Homo sapiens,all,21,Auto-Kla,0.5,73369,578,72791,0.6723055257173463,0.01751007420846015,0.03965347279455378,0.2958477508650519,0.8602437114478438,0.016531322505800465,0.031312946346822926,0.8557974076244735,0.12642114315395014,62618,10173,407,171
common_strict,Homo sapiens,all,21,HybridKla,0.5,73369,578,72791,0.7163536510820974,0.022487004372420336,0.05712365618096936,0.43944636678200694,0.8133423088019123,0.01835127519687884,0.03523129204521812,0.8103967615750521,0.1385228554297561,59204,13587,324,254
common_strict,Homo sapiens,all,21,PCBert-Kla,0.5,73369,578,72791,0.5647647464307325,0.009525022429549864,0.0032200357662328593,0.01730103806228374,0.9868527702600596,0.010341261633919338,0.012944983818770227,0.9792146546906731,0.01901859815527779,71834,957,568,10
common_strict,Homo sapiens,all,22,DeepKla,0.5,73369,578,72791,0.5770020976299448,0.010772577272582665,0.0203102760115286,0.3961937716262976,0.708315588465607,0.010670518615162388,0.020781342166159993,0.70585669697011,0.19454619179037788,51559,21232,349,229
common_strict,Homo sapiens,all,22,Auto-Kla,0.5,73369,578,72791,0.6723055257173463,0.01751007420846015,0.03965347279455378,0.2958477508650519,0.8602437114478438,0.016531322505800465,0.031312946346822926,0.8557974076244735,0.12642114315395014,62618,10173,407,171
common_strict,Homo sapiens,all,22,HybridKla,0.5,73369,578,72791,0.7163536510820974,0.022487004372420336,0.05712365618096936,0.43944636678200694,0.8133423088019123,0.01835127519687884,0.03523129204521812,0.8103967615750521,0.1385228554297561,59204,13587,324,254
common_strict,Homo sapiens,all,22,PCBert-Kla,0.5,73369,578,72791,0.5647647464307325,0.009525022429549864,0.0032200357662328593,0.01730103806228374,0.9868527702600596,0.010341261633919338,0.012944983818770227,0.9792146546906731,0.01901859815527779,71834,957,568,10
common_strict,Homo sapiens,all,23,DeepKla,0.5,73369,578,72791,0.5770020976299448,0.010772577272582665,0.0203102760115286,0.3961937716262976,0.708315588465607,0.010670518615162388,0.020781342166159993,0.70585669697011,0.19454619179037788,51559,21232,349,229
common_strict,Homo sapiens,all,23,Auto-Kla,0.5,73369,578,72791,0.6723055257173463,0.01751007420846015,0.03965347279455378,0.2958477508650519,0.8602437114478438,0.016531322505800465,0.031312946346822926,0.8557974076244735,0.12642114315395014,62618,10173,407,171
common_strict,Homo sapiens,all,23,HybridKla,0.5,73369,578,72791,0.7163536510820974,0.022487004372420336,0.05712365618096936,0.43944636678200694,0.8133423088019123,0.01835127519687884,0.03523129204521812,0.8103967615750521,0.1385228554297561,59204,13587,324,254
common_strict,Homo sapiens,all,23,PCBert-Kla,0.5,73369,578,72791,0.5647647464307325,0.009525022429549864,0.0032200357662328593,0.01730103806228374,0.9868527702600596,0.010341261633919338,0.012944983818770227,0.9792146546906731,0.01901859815527779,71834,957,568,10
common_strict,Homo sapiens,all,24,DeepKla,0.5,73369,578,72791,0.5770020976299448,0.010772577272582665,0.0203102760115286,0.3961937716262976,0.708315588465607,0.010670518615162388,0.020781342166159993,0.70585669697011,0.19454619179037788,51559,21232,349,229
common_strict,Homo sapiens,all,24,Auto-Kla,0.5,73369,578,72791,0.6723055257173463,0.01751007420846015,0.03965347279455378,0.2958477508650519,0.8602437114478438,0.016531322505800465,0.031312946346822926,0.8557974076244735,0.12642114315395014,62618,10173,407,171
common_strict,Homo sapiens,all,24,HybridKla,0.5,73369,578,72791,0.7163536510820974,0.022487004372420336,0.05712365618096936,0.43944636678200694,0.8133423088019123,0.01835127519687884,0.03523129204521812,0.8103967615750521,0.1385228554297561,59204,13587,324,254
common_strict,Homo sapiens,all,24,PCBert-Kla,0.5,73369,578,72791,0.5647647464307325,0.009525022429549864,0.0032200357662328593,0.01730103806228374,0.9868527702600596,0.010341261633919338,0.012944983818770227,0.9792146546906731,0.01901859815527779,71834,957,568,10
common_strict,Homo sapiens,all,25,DeepKla,0.5,73369,578,72791,0.5770020976299448,0.010772577272582665,0.0203102760115286,0.3961937716262976,0.708315588465607,0.010670518615162388,0.020781342166159993,0.70585669697011,0.19454619179037788,51559,21232,349,229
common_strict,Homo sapiens,all,25,Auto-Kla,0.5,73369,578,72791,0.6723055257173463,0.01751007420846015,0.03965347279455378,0.2958477508650519,0.8602437114478438,0.016531322505800465,0.031312946346822926,0.8557974076244735,0.12642114315395014,62618,10173,407,171
common_strict,Homo sapiens,all,25,HybridKla,0.5,73369,578,72791,0.7163536510820974,0.022487004372420336,0.05712365618096936,0.43944636678200694,0.8133423088019123,0.01835127519687884,0.03523129204521812,0.8103967615750521,0.1385228554297561,59204,13587,324,254
common_strict,Homo sapiens,all,25,PCBert-Kla,0.5,73369,578,72791,0.5647647464307325,0.009525022429549864,0.0032200357662328593,0.01730103806228374,0.9868527702600596,0.010341261633919338,0.012944983818770227,0.9792146546906731,0.01901859815527779,71834,957,568,10
common_strict,Homo sapiens,all,26,DeepKla,0.5,73369,578,72791,0.5770020976299448,0.010772577272582665,0.0203102760115286,0.3961937716262976,0.708315588465607,0.010670518615162388,0.020781342166159993,0.70585669697011,0.19454619179037788,51559,21232,349,229
common_strict,Homo sapiens,all,26,Auto-Kla,0.5,73369,578,72791,0.6723055257173463,0.01751007420846015,0.03965347279455378,0.2958477508650519,0.8602437114478438,0.016531322505800465,0.031312946346822926,0.8557974076244735,0.12642114315395014,62618,10173,407,171
common_strict,Homo sapiens,all,26,HybridKla,0.5,73369,578,72791,0.7163536510820974,0.022487004372420336,0.05712365618096936,0.43944636678200694,0.8133423088019123,0.01835127519687884,0.03523129204521812,0.8103967615750521,0.1385228554297561,59204,13587,324,254
common_strict,Homo sapiens,all,26,PCBert-Kla,0.5,73369,578,72791,0.5647647464307325,0.009525022429549864,0.0032200357662328593,0.01730103806228374,0.9868527702600596,0.010341261633919338,0.012944983818770227,0.9792146546906731,0.01901859815527779,71834,957,568,10
common_strict,Homo sapiens,all,27,DeepKla,0.5,73369,578,72791,0.5770020976299448,0.010772577272582665,0.0203102760115286,0.3961937716262976,0.708315588465607,0.010670518615162388,0.020781342166159993,0.70585669697011,0.19454619179037788,51559,21232,349,229
common_strict,Homo sapiens,all,27,Auto-Kla,0.5,73369,578,72791,0.6723055257173463,0.01751007420846015,0.03965347279455378,0.2958477508650519,0.8602437114478438,0.016531322505800465,0.031312946346822926,0.8557974076244735,0.12642114315395014,62618,10173,407,171
common_strict,Homo sapiens,all,27,HybridKla,0.5,73369,578,72791,0.7163536510820974,0.022487004372420336,0.05712365618096936,0.43944636678200694,0.8133423088019123,0.01835127519687884,0.03523129204521812,0.8103967615750521,0.1385228554297561,59204,13587,324,254
common_strict,Homo sapiens,all,27,PCBert-Kla,0.5,73369,578,72791,0.5647647464307325,0.009525022429549864,0.0032200357662328593,0.01730103806228374,0.9868527702600596,0.010341261633919338,0.012944983818770227,0.9792146546906731,0.01901859815527779,71834,957,568,10
common_strict,Homo sapiens,all,28,DeepKla,0.5,73369,578,72791,0.5770020976299448,0.010772577272582665,0.0203102760115286,0.3961937716262976,0.708315588465607,0.010670518615162388,0.020781342166159993,0.70585669697011,0.19454619179037788,51559,21232,349,229
common_strict,Homo sapiens,all,28,Auto-Kla,0.5,73369,578,72791,0.6723055257173463,0.01751007420846015,0.03965347279455378,0.2958477508650519,0.8602437114478438,0.016531322505800465,0.031312946346822926,0.8557974076244735,0.12642114315395014,62618,10173,407,171
common_strict,Homo sapiens,all,28,HybridKla,0.5,73369,578,72791,0.7163536510820974,0.022487004372420336,0.05712365618096936,0.43944636678200694,0.8133423088019123,0.01835127519687884,0.03523129204521812,0.8103967615750521,0.1385228554297561,59204,13587,324,254
common_strict,Homo sapiens,all,28,PCBert-Kla,0.5,73369,578,72791,0.5647647464307325,0.009525022429549864,0.0032200357662328593,0.01730103806228374,0.9868527702600596,0.010341261633919338,0.012944983818770227,0.9792146546906731,0.01901859815527779,71834,957,568,10
common_strict,Homo sapiens,all,29,DeepKla,0.5,73369,578,72791,0.5770020976299448,0.010772577272582665,0.0203102760115286,0.3961937716262976,0.708315588465607,0.010670518615162388,0.020781342166159993,0.70585669697011,0.19454619179037788,51559,21232,349,229
common_strict,Homo sapiens,all,29,Auto-Kla,0.5,73369,578,72791,0.6723055257173463,0.01751007420846015,0.03965347279455378,0.2958477508650519,0.8602437114478438,0.016531322505800465,0.031312946346822926,0.8557974076244735,0.12642114315395014,62618,10173,407,171
common_strict,Homo sapiens,all,29,HybridKla,0.5,73369,578,72791,0.7163536510820974,0.022487004372420336,0.05712365618096936,0.43944636678200694,0.8133423088019123,0.01835127519687884,0.03523129204521812,0.8103967615750521,0.1385228554297561,59204,13587,324,254
common_strict,Homo sapiens,all,29,PCBert-Kla,0.5,73369,578,72791,0.5647647464307325,0.009525022429549864,0.0032200357662328593,0.01730103806228374,0.9868527702600596,0.010341261633919338,0.012944983818770227,0.9792146546906731,0.01901859815527779,71834,957,568,10
common_strict,Mus musculus,1,0,DeepKla,0.5,120,60,60,0.575,0.5723707245138803,0.11867816581938534,0.4666666666666667,0.65,0.5714285714285714,0.5137614678899083,0.5583333333333333,0.25769616111702087,39,21,32,28
common_strict,Mus musculus,1,0,Auto-Kla,0.5,120,60,60,0.7,0.6922098560560689,0.19702760155977517,0.31666666666666665,0.85,0.6785714285714286,0.4318181818181818,0.5833333333333334,0.39525341821954524,51,9,41,19
common_strict,Mus musculus,1,0,HybridKla,0.5,120,60,60,0.7211111111111111,0.6720495841467573,0.35400521619692155,0.6,0.75,0.7058823529411765,0.6486486486486486,0.675,0.2500899914155129,45,15,24,36
common_strict,Mus musculus,1,0,PCBert-Kla,0.5,120,60,60,0.5908333333333333,0.5945041868913555,0.09166984970282113,0.016666666666666666,1.0,1.0,0.03278688524590164,0.5083333333333333,0.4893580481823731,60,0,59,1
common_strict,Mus musculus,1,1,DeepKla,0.5,120,60,60,0.5280555555555555,0.5634520495164906,-0.016687539144058627,0.4666666666666667,0.5166666666666667,0.49122807017543857,0.4786324786324786,0.49166666666666664,0.268024091738437,31,29,32,28
common_strict,Mus musculus,1,1,Auto-Kla,0.5,120,60,60,0.6530555555555556,0.656236474473675,0.13326686757039835,0.31666666666666665,0.8,0.6129032258064516,0.4175824175824176,0.5583333333333333,0.4203138876144331,48,12,41,19
common_strict,Mus musculus,1,1,HybridKla,0.5,120,60,60,0.6983333333333334,0.6592022718073814,0.2503130871608794,0.6,0.65,0.631578947368421,0.6153846153846154,0.625,0.26513614030941307,39,21,24,36
common_strict,Mus musculus,1,1,PCBert-Kla,0.5,120,60,60,0.5677777777777778,0.5430203217204773,0.0,0.016666666666666666,0.9833333333333333,0.5,0.03225806451612903,0.5,0.497520047922506,59,1,59,1
common_strict,Mus musculus,1,2,DeepKla,0.5,120,60,60,0.6961111111111111,0.6684632289351365,0.3428575305079138,0.4666666666666667,0.85,0.7567567567567568,0.577319587628866,0.6583333333333333,0.2291306793579394,51,9,32,28
common_strict,Mus musculus,1,2,Auto-Kla,0.5,120,60,60,0.7401388888888889,0.7187914506862206,0.21951759136605822,0.31666666666666665,0.8666666666666667,0.7037037037037037,0.4367816091954023,0.5916666666666667,0.39235108294719273,52,8,41,19
common_strict,Mus musculus,1,2,HybridKla,0.5,120,60,60,0.8005555555555556,0.7883684875403396,0.44563426062418965,0.6,0.8333333333333334,0.782608695652174,0.6792452830188679,0.7166666666666667,0.2106663372861332,50,10,24,36
common_strict,Mus musculus,1,2,PCBert-Kla,0.5,120,60,60,0.6394444444444445,0.5972961778978034,-0.053376051268362375,0.016666666666666666,0.9666666666666667,0.3333333333333333,0.031746031746031744,0.49166666666666664,0.5003065028521737,58,2,59,1
common_strict,Mus musculus,1,3,DeepKla,0.5,120,60,60,0.6419444444444445,0.6469849320254485,0.24459979523511427,0.4666666666666667,0.7666666666666667,0.6666666666666666,0.5490196078431373,0.6166666666666667,0.2409538874905636,46,14,32,28
common_strict,Mus musculus,1,3,Auto-Kla,0.5,120,60,60,0.7468055555555555,0.7253748807007961,0.21951759136605822,0.31666666666666665,0.8666666666666667,0.7037037037037037,0.4367816091954023,0.5916666666666667,0.38571530972806384,52,8,41,19
common_strict,Mus musculus,1,3,HybridKla,0.5,120,60,60,0.7391666666666666,0.7681745572826131,0.3363363969981562,0.6,0.7333333333333333,0.6923076923076923,0.6428571428571429,0.6666666666666666,0.23809443877383302,44,16,24,36
common_strict,Mus musculus,1,3,PCBert-Kla,0.5,120,60,60,0.616111111111111,0.6088946132392496,0.09166984970282113,0.016666666666666666,1.0,1.0,0.03278688524590164,0.5083333333333333,0.48938614929309465,60,0,59,1
common_strict,Mus musculus,1,4,DeepKla,0.5,120,60,60,0.6036111111111111,0.5770218563031417,0.11867816581938534,0.4666666666666667,0.65,0.5714285714285714,0.5137614678899083,0.5583333333333333,0.2526887015780534,39,21,32,28
common_strict,Mus musculus,1,4,Auto-Kla,0.5,120,60,60,0.7286111111111111,0.7262900779011202,0.24273401821882046,0.31666666666666665,0.8833333333333333,0.7307692307692307,0.44186046511627913,0.6,0.37541780588814966,53,7,41,19
common_strict,Mus musculus,1,4,HybridKla,0.5,120,60,60,0.7666666666666666,0.7910749238443071,0.3718678720805473,0.6,0.7666666666666667,0.72,0.6545454545454547,0.6833333333333333,0.2257441141737014,46,14,24,36
common_strict,Mus musculus,1,4,PCBert-Kla,0.5,120,60,60,0.5855555555555556,0.5675350341151317,0.0,0.016666666666666666,0.9833333333333333,0.5,0.03225806451612903,0.5,0.4977562415475095,59,1,59,1
common_strict,Mus musculus,1,5,DeepKla,0.5,120,60,60,0.6263888888888889,0.6100324203183591,0.10141851056742199,0.4666666666666667,0.6333333333333333,0.56,0.509090909090909,0.55,0.24678443121923252,38,22,32,28
common_strict,Mus musculus,1,5,Auto-Kla,0.5,120,60,60,0.7183333333333334,0.682730753682165,0.21951759136605822,0.31666666666666665,0.8666666666666667,0.7037037037037037,0.4367816091954023,0.5916666666666667,0.3939779703525035,52,8,41,19
common_strict,Mus musculus,1,5,HybridKla,0.5,120,60,60,0.7777777777777777,0.7756688121964838,0.3718678720805473,0.6,0.7666666666666667,0.72,0.6545454545454547,0.6833333333333333,0.23243937347025145,46,14,24,36
common_strict,Mus musculus,1,5,PCBert-Kla,0.5,120,60,60,0.6166666666666667,0.6067359073315169,0.09166984970282113,0.016666666666666666,1.0,1.0,0.03278688524590164,0.5083333333333333,0.4893718097932059,60,0,59,1
common_strict,Mus musculus,1,6,DeepKla,0.5,120,60,60,0.6033333333333334,0.5660836390729254,0.17139779254776524,0.4666666666666667,0.7,0.6086956521739131,0.5283018867924527,0.5833333333333334,0.25503262623810125,42,18,32,28
common_strict,Mus musculus,1,6,Auto-Kla,0.5,120,60,60,0.7208333333333333,0.6760116774572124,0.19702760155977517,0.31666666666666665,0.85,0.6785714285714286,0.4318181818181818,0.5833333333333334,0.39822518988635747,51,9,41,19
common_strict,Mus musculus,1,6,HybridKla,0.5,120,60,60,0.8102777777777778,0.8237017261513918,0.46475800154489005,0.6,0.85,0.8,0.6857142857142857,0.725,0.19959247907496544,51,9,24,36
common_strict,Mus musculus,1,6,PCBert-Kla,0.5,120,60,60,0.5983333333333334,0.5668614270672665,0.0,0.016666666666666666,0.9833333333333333,0.5,0.03225806451612903,0.5,0.4962922185120268,59,1,59,1
common_strict,Mus musculus,1,7,DeepKla,0.5,120,60,60,0.6244444444444445,0.6493098993453996,0.22592472479686548,0.4666666666666667,0.75,0.6511627906976745,0.5436893203883496,0.6083333333333333,0.2434554443595408,45,15,32,28
common_strict,Mus musculus,1,7,Auto-Kla,0.5,120,60,60,0.7316666666666667,0.6918278756251427,0.19702760155977517,0.31666666666666665,0.85,0.6785714285714286,0.4318181818181818,0.5833333333333334,0.4006745041017833,51,9,41,19
common_strict,Mus musculus,1,7,HybridKla,0.5,120,60,60,0.8102777777777778,0.7937370063059522,0.4268051485166853,0.6,0.8166666666666667,0.7659574468085106,0.6728971962616823,0.7083333333333334,0.2078769767494326,49,11,24,36
common_strict,Mus musculus,1,7,PCBert-Kla,0.5,120,60,60,0.6202777777777778,0.6222814130445858,0.09166984970282113,0.016666666666666666,1.0,1.0,0.03278688524590164,0.5083333333333333,0.4893595288636031,60,0,59,1
common_strict,Mus musculus,1,8,DeepKla,0.5,120,60,60,0.6183333333333334,0.6304373801123468,0.15364985346600668,0.4666666666666667,0.6833333333333333,0.5957446808510638,0.5233644859813084,0.575,0.24546381628281633,41,19,32,28
common_strict,Mus musculus,1,8,Auto-Kla,0.5,120,60,60,0.785,0.783423609817338,0.3175714660319017,0.31666666666666665,0.9333333333333333,0.8260869565217391,0.4578313253012049,0.625,0.3600747596532887,56,4,41,19
common_strict,Mus musculus,1,8,HybridKla,0.5,120,60,60,0.8011111111111111,0.7924794122971299,0.46475800154489005,0.6,0.85,0.8,0.6857142857142857,0.725,0.21285912737603552,51,9,24,36
common_strict,Mus musculus,1,8,PCBert-Kla,0.5,120,60,60,0.7147222222222221,0.6873150781461208,0.09166984970282113,0.016666666666666666,1.0,1.0,0.03278688524590164,0.5083333333333333,0.4893578184051296,60,0,59,1
common_strict,Mus musculus,1,9,DeepKla,0.5,120,60,60,0.6358333333333334,0.6386070247800242,0.17139779254776524,0.4666666666666667,0.7,0.6086956521739131,0.5283018867924527,0.5833333333333334,0.2439097040402815,42,18,32,28
common_strict,Mus musculus,1,9,Auto-Kla,0.5,120,60,60,0.7113888888888888,0.7318422022881462,0.24273401821882046,0.31666666666666665,0.8833333333333333,0.7307692307692307,0.44186046511627913,0.6,0.3745291494727206,53,7,41,19
common_strict,Mus musculus,1,9,HybridKla,0.5,120,60,60,0.7527777777777778,0.7594791952241297,0.38994254483512325,0.6,0.7833333333333333,0.7346938775510204,0.6605504587155964,0.6916666666666667,0.2348772001004495,47,13,24,36
common_strict,Mus musculus,1,9,PCBert-Kla,0.5,120,60,60,0.6177777777777779,0.6055839216270092,0.0,0.016666666666666666,0.9833333333333333,0.5,0.03225806451612903,0.5,0.4976475337503917,59,1,59,1
common_strict,Mus musculus,1,10,DeepKla,0.5,120,60,60,0.6019444444444444,0.6096299597244381,0.1893458524812515,0.4666666666666667,0.7166666666666667,0.6222222222222222,0.5333333333333333,0.5916666666666667,0.24771286921367094,43,17,32,28
common_strict,Mus musculus,1,10,Auto-Kla,0.5,120,60,60,0.6655555555555555,0.6582199994141117,0.07397267214553091,0.31666666666666665,0.75,0.5588235294117647,0.4042553191489362,0.5333333333333333,0.43211614326807596,45,15,41,19
common_strict,Mus musculus,1,10,HybridKla,0.5,120,60,60,0.7613888888888889,0.7032112184167105,0.35400521619692155,0.6,0.75,0.7058823529411765,0.6486486486486486,0.675,0.23582837623427852,45,15,24,36
common_strict,Mus musculus,1,10,PCBert-Kla,0.5,120,60,60,0.5716666666666667,0.5596844068236054,-0.053376051268362375,0.016666666666666666,0.9666666666666667,0.3333333333333333,0.031746031746031744,0.49166666666666664,0.504456109799696,58,2,59,1
common_strict,Mus musculus,1,11,DeepKla,0.5,120,60,60,0.618611111111111,0.6212578471660928,0.2075143391598224,0.4666666666666667,0.7333333333333333,0.6363636363636364,0.5384615384615385,0.6,0.24520142162991965,44,16,32,28
common_strict,Mus musculus,1,11,Auto-Kla,0.5,120,60,60,0.6868055555555554,0.6329926452409741,0.11306675421666136,0.31666666666666665,0.7833333333333333,0.59375,0.41304347826086957,0.55,0.424336986737745,47,13,41,19
common_strict,Mus musculus,1,11,HybridKla,0.5,120,60,60,0.8005555555555556,0.8263100934345076,0.44563426062418965,0.6,0.8333333333333334,0.782608695652174,0.6792452830188679,0.7166666666666667,0.203751900131464,50,10,24,36
common_strict,Mus musculus,1,11,PCBert-Kla,0.5,120,60,60,0.5627777777777778,0.5458674290041045,0.0,0.016666666666666666,0.9833333333333333,0.5,0.03225806451612903,0.5,0.4976176132892463,59,1,59,1
common_strict,Mus musculus,1,12,DeepKla,0.5,120,60,60,0.5938888888888889,0.5548490344313445,0.17139779254776524,0.4666666666666667,0.7,0.6086956521739131,0.5283018867924527,0.5833333333333334,0.2588563274751198,42,18,32,28
common_strict,Mus musculus,1,12,Auto-Kla,0.5,120,60,60,0.6670833333333334,0.6690368360049824,0.13326686757039835,0.31666666666666665,0.8,0.6129032258064516,0.4175824175824176,0.5583333333333333,0.4154690499126415,48,12,41,19
common_strict,Mus musculus,1,12,HybridKla,0.5,120,60,60,0.7663888888888889,0.745979573391544,0.3718678720805473,0.6,0.7666666666666667,0.72,0.6545454545454547,0.6833333333333333,0.23052791898265554,46,14,24,36
common_strict,Mus musculus,1,12,PCBert-Kla,0.5,120,60,60,0.5736111111111112,0.5560065027237084,-0.053376051268362375,0.016666666666666666,0.9666666666666667,0.3333333333333333,0.031746031746031744,0.49166666666666664,0.5051161680647868,58,2,59,1
common_strict,Mus musculus,1,13,DeepKla,0.5,120,60,60,0.5858333333333333,0.6034051314715003,0.17139779254776524,0.4666666666666667,0.7,0.6086956521739131,0.5283018867924527,0.5833333333333334,0.2517679899529218,42,18,32,28
common_strict,Mus musculus,1,13,Auto-Kla,0.5,120,60,60,0.7386111111111111,0.6974318162075568,0.2916666666666667,0.31666666666666665,0.9166666666666666,0.7916666666666666,0.45238095238095233,0.6166666666666667,0.3726293478924386,55,5,41,19
common_strict,Mus musculus,1,13,HybridKla,0.5,120,60,60,0.7994444444444444,0.7399022605497568,0.4268051485166853,0.6,0.8166666666666667,0.7659574468085106,0.6728971962616823,0.7083333333333334,0.21665359668270265,49,11,24,36
common_strict,Mus musculus,1,13,PCBert-Kla,0.5,120,60,60,0.5725,0.5640916271386542,0.0,0.016666666666666666,0.9833333333333333,0.5,0.03225806451612903,0.5,0.4951127067064111,59,1,59,1
common_strict,Mus musculus,1,14,DeepKla,0.5,120,60,60,0.6013888888888889,0.5921050121121936,0.17139779254776524,0.4666666666666667,0.7,0.6086956521739131,0.5283018867924527,0.5833333333333334,0.2513986945887786,42,18,32,28
common_strict,Mus musculus,1,14,Auto-Kla,0.5,120,60,60,0.6741666666666667,0.6487100579595806,0.1539600717839002,0.31666666666666665,0.8166666666666667,0.6333333333333333,0.4222222222222222,0.5666666666666667,0.411063252401681,49,11,41,19
common_strict,Mus musculus,1,14,HybridKla,0.5,120,60,60,0.7405555555555555,0.7293861673700162,0.28432228340241084,0.6,0.6833333333333333,0.6545454545454545,0.6260869565217392,0.6416666666666667,0.24828002680572073,41,19,24,36
common_strict,Mus musculus,1,14,PCBert-Kla,0.5,120,60,60,0.5927777777777777,0.5642012984835261,-0.053376051268362375,0.016666666666666666,0.9666666666666667,0.3333333333333333,0.031746031746031744,0.49166666666666664,0.5057417141770592,58,2,59,1
common_strict,Mus musculus,1,15,DeepKla,0.5,120,60,60,0.6361111111111112,0.6428733239500213,0.24459979523511427,0.4666666666666667,0.7666666666666667,0.6666666666666666,0.5490196078431373,0.6166666666666667,0.24106727688810756,46,14,32,28
common_strict,Mus musculus,1,15,Auto-Kla,0.5,120,60,60,0.7104166666666666,0.6631148451730614,0.1539600717839002,0.31666666666666665,0.8166666666666667,0.6333333333333333,0.4222222222222222,0.5666666666666667,0.4157793020585564,49,11,41,19
common_strict,Mus musculus,1,15,HybridKla,0.5,120,60,60,0.7644444444444445,0.7597714039511787,0.38994254483512325,0.6,0.7833333333333333,0.7346938775510204,0.6605504587155964,0.6916666666666667,0.2376481776972037,47,13,24,36
common_strict,Mus musculus,1,15,PCBert-Kla,0.5,120,60,60,0.5802777777777778,0.5777516479300835,0.0,0.016666666666666666,0.9833333333333333,0.5,0.03225806451612903,0.5,0.49667222270525807,59,1,59,1
common_strict,Mus musculus,1,16,DeepKla,0.5,120,60,60,0.5480555555555556,0.5513573346681235,0.10141851056742199,0.4666666666666667,0.6333333333333333,0.56,0.509090909090909,0.55,0.2636947660409095,38,22,32,28
common_strict,Mus musculus,1,16,Auto-Kla,0.5,120,60,60,0.715,0.6767479495319252,0.13326686757039835,0.31666666666666665,0.8,0.6129032258064516,0.4175824175824176,0.5583333333333333,0.415156323666238,48,12,41,19
common_strict,Mus musculus,1,16,HybridKla,0.5,120,60,60,0.7538888888888888,0.7038195274123106,0.3718678720805473,0.6,0.7666666666666667,0.72,0.6545454545454547,0.6833333333333333,0.24084149117187822,46,14,24,36
common_strict,Mus musculus,1,16,PCBert-Kla,0.5,120,60,60,0.5875,0.5976153356491474,0.0,0.016666666666666666,0.9833333333333333,0.5,0.03225806451612903,0.5,0.4975727575940599,59,1,59,1
common_strict,Mus musculus,1,17,DeepKla,0.5,120,60,60,0.5933333333333333,0.5661285501321073,0.11867816581938534,0.4666666666666667,0.65,0.5714285714285714,0.5137614678899083,0.5583333333333333,0.25694100758369476,39,21,32,28
common_strict,Mus musculus,1,17,Auto-Kla,0.5,120,60,60,0.72125,0.7114511823570172,0.21951759136605822,0.31666666666666665,0.8666666666666667,0.7037037037037037,0.4367816091954023,0.5916666666666667,0.38893318983725317,52,8,41,19
common_strict,Mus musculus,1,17,HybridKla,0.5,120,60,60,0.7288888888888889,0.732969330947984,0.3363363969981562,0.6,0.7333333333333333,0.6923076923076923,0.6428571428571429,0.6666666666666666,0.24850787071586936,44,16,24,36
common_strict,Mus musculus,1,17,PCBert-Kla,0.5,120,60,60,0.5622222222222223,0.5392275812771504,-0.053376051268362375,0.016666666666666666,0.9666666666666667,0.3333333333333333,0.031746031746031744,0.49166666666666664,0.5053745022465804,58,2,59,1
common_strict,Mus musculus,1,18,DeepKla,0.5,120,60,60,0.6369444444444444,0.6362998634487136,0.17139779254776524,0.4666666666666667,0.7,0.6086956521739131,0.5283018867924527,0.5833333333333334,0.24124516996451478,42,18,32,28
common_strict,Mus musculus,1,18,Auto-Kla,0.5,120,60,60,0.6931944444444444,0.6412876510792218,0.19702760155977517,0.31666666666666665,0.85,0.6785714285714286,0.4318181818181818,0.5833333333333334,0.3960271674027761,51,9,41,19
common_strict,Mus musculus,1,18,HybridKla,0.5,120,60,60,0.7511111111111112,0.723489900792037,0.408248290463863,0.6,0.8,0.75,0.6666666666666665,0.7,0.2270926912412099,48,12,24,36
common_strict,Mus musculus,1,18,PCBert-Kla,0.5,120,60,60,0.5544444444444444,0.569553624934019,0.0,0.016666666666666666,0.9833333333333333,0.5,0.03225806451612903,0.5,0.4971537007626953,59,1,59,1
common_strict,Mus musculus,1,19,DeepKla,0.5,120,60,60,0.6447222222222222,0.6425293282959962,0.26356381491445874,0.4666666666666667,0.7833333333333333,0.6829268292682927,0.5544554455445545,0.625,0.24066071790964638,47,13,32,28
common_strict,Mus musculus,1,19,Auto-Kla,0.5,120,60,60,0.765,0.7507633433366623,0.26675437154214005,0.31666666666666665,0.9,0.76,0.4470588235294118,0.6083333333333333,0.3743627716634458,54,6,41,19
common_strict,Mus musculus,1,19,HybridKla,0.5,120,60,60,0.8,0.7991343212280432,0.408248290463863,0.6,0.8,0.75,0.6666666666666665,0.7,0.21304162042224886,48,12,24,36
common_strict,Mus musculus,1,19,PCBert-Kla,0.5,120,60,60,0.6299999999999999,0.6510867683905679,0.09166984970282113,0.016666666666666666,1.0,1.0,0.03278688524590164,0.5083333333333333,0.4896927652613812,60,0,59,1
common_strict,Mus musculus,1,20,DeepKla,0.5,120,60,60,0.6541666666666667,0.6684954515025476,0.30246429052072016,0.4666666666666667,0.8166666666666667,0.717948717948718,0.5656565656565657,0.6416666666666667,0.2347958303635047,49,11,32,28
common_strict,Mus musculus,1,20,Auto-Kla,0.5,120,60,60,0.8029166666666667,0.7887594215533121,0.3445843938031584,0.31666666666666665,0.95,0.8636363636363636,0.46341463414634154,0.6333333333333333,0.35096669913412615,57,3,41,19
common_strict,Mus musculus,1,20,HybridKla,0.5,120,60,60,0.7605555555555555,0.7473576044264412,0.3188440117075213,0.6,0.7166666666666667,0.6792452830188679,0.6371681415929203,0.6583333333333333,0.23599002430143792,43,17,24,36
common_strict,Mus musculus,1,20,PCBert-Kla,0.5,120,60,60,0.5663888888888888,0.592381329504057,0.09166984970282113,0.016666666666666666,1.0,1.0,0.03278688524590164,0.5083333333333333,0.4893588139405443,60,0,59,1
common_strict,Mus musculus,1,21,DeepKla,0.5,120,60,60,0.5941666666666666,0.570633425183316,0.11867816581938534,0.4666666666666667,0.65,0.5714285714285714,0.5137614678899083,0.5583333333333333,0.25496429591318,39,21,32,28
common_strict,Mus musculus,1,21,Auto-Kla,0.5,120,60,60,0.7052777777777778,0.6879975633051616,0.19702760155977517,0.31666666666666665,0.85,0.6785714285714286,0.4318181818181818,0.5833333333333334,0.40290961782810086,51,9,41,19
common_strict,Mus musculus,1,21,HybridKla,0.5,120,60,60,0.7444444444444444,0.7339248014884356,0.3188440117075213,0.6,0.7166666666666667,0.6792452830188679,0.6371681415929203,0.6583333333333333,0.24316863020219173,43,17,24,36
common_strict,Mus musculus,1,21,PCBert-Kla,0.5,120,60,60,0.6166666666666667,0.6318623230587801,0.09166984970282113,0.016666666666666666,1.0,1.0,0.03278688524590164,0.5083333333333333,0.4893577683709433,60,0,59,1
common_strict,Mus musculus,1,22,DeepKla,0.5,120,60,60,0.6677777777777778,0.6720664854576692,0.24459979523511427,0.4666666666666667,0.7666666666666667,0.6666666666666666,0.5490196078431373,0.6166666666666667,0.23361254493261205,46,14,32,28
common_strict,Mus musculus,1,22,Auto-Kla,0.5,120,60,60,0.7849999999999999,0.7912743686881188,0.37283929381053577,0.31666666666666665,0.9666666666666667,0.9047619047619048,0.4691358024691357,0.6416666666666667,0.34761366963689716,58,2,41,19
common_strict,Mus musculus,1,22,HybridKla,0.5,120,60,60,0.7594444444444446,0.7802480186115835,0.35400521619692155,0.6,0.75,0.7058823529411765,0.6486486486486486,0.675,0.2345167548211636,45,15,24,36
common_strict,Mus musculus,1,22,PCBert-Kla,0.5,120,60,60,0.6461111111111111,0.6875163721215339,0.09166984970282113,0.016666666666666666,1.0,1.0,0.03278688524590164,0.5083333333333333,0.48935776339656273,60,0,59,1
common_strict,Mus musculus,1,23,DeepKla,0.5,120,60,60,0.6638888888888889,0.6580750115389327,0.24459979523511427,0.4666666666666667,0.7666666666666667,0.6666666666666666,0.5490196078431373,0.6166666666666667,0.23456379463563634,46,14,32,28
common_strict,Mus musculus,1,23,Auto-Kla,0.5,120,60,60,0.8001388888888888,0.7952405293535695,0.3175714660319017,0.31666666666666665,0.9333333333333333,0.8260869565217391,0.4578313253012049,0.625,0.35725569991041733,56,4,41,19
common_strict,Mus musculus,1,23,HybridKla,0.5,120,60,60,0.7625000000000001,0.7544660878570314,0.38994254483512325,0.6,0.7833333333333333,0.7346938775510204,0.6605504587155964,0.6916666666666667,0.22937301023792547,47,13,24,36
common_strict,Mus musculus,1,23,PCBert-Kla,0.5,120,60,60,0.6577777777777778,0.6593543792249636,0.09166984970282113,0.016666666666666666,1.0,1.0,0.03278688524590164,0.5083333333333333,0.48935777601515523,60,0,59,1
common_strict,Mus musculus,1,24,DeepKla,0.5,120,60,60,0.6019444444444444,0.5675253080238685,0.13608276348795434,0.4666666666666667,0.6666666666666666,0.5833333333333334,0.5185185185185186,0.5666666666666667,0.2554523451372018,40,20,32,28
common_strict,Mus musculus,1,24,Auto-Kla,0.5,120,60,60,0.76,0.7473048257510447,0.26675437154214005,0.31666666666666665,0.9,0.76,0.4470588235294118,0.6083333333333333,0.3729229339685009,54,6,41,19
common_strict,Mus musculus,1,24,HybridKla,0.5,120,60,60,0.7572222222222221,0.7096493288550376,0.3718678720805473,0.6,0.7666666666666667,0.72,0.6545454545454547,0.6833333333333333,0.23681676288819398,46,14,24,36
common_strict,Mus musculus,1,24,PCBert-Kla,0.5,120,60,60,0.5958333333333333,0.5960476270401778,0.09166984970282113,0.016666666666666666,1.0,1.0,0.03278688524590164,0.5083333333333333,0.4895407753492407,60,0,59,1
common_strict,Mus musculus,1,25,DeepKla,0.5,120,60,60,0.601111111111111,0.6011329979179643,0.1893458524812515,0.4666666666666667,0.7166666666666667,0.6222222222222222,0.5333333333333333,0.5916666666666667,0.25059211146666904,43,17,32,28
common_strict,Mus musculus,1,25,Auto-Kla,0.5,120,60,60,0.7283333333333334,0.7179710722649862,0.1539600717839002,0.31666666666666665,0.8166666666666667,0.6333333333333333,0.4222222222222222,0.5666666666666667,0.4016427480516224,49,11,41,19
common_strict,Mus musculus,1,25,HybridKla,0.5,120,60,60,0.7474999999999999,0.7073797927339631,0.38994254483512325,0.6,0.7833333333333333,0.7346938775510204,0.6605504587155964,0.6916666666666667,0.23869615001092512,47,13,24,36
common_strict,Mus musculus,1,25,PCBert-Kla,0.5,120,60,60,0.5977777777777777,0.6104579609376968,0.09166984970282113,0.016666666666666666,1.0,1.0,0.03278688524590164,0.5083333333333333,0.48936051937541764,60,0,59,1
common_strict,Mus musculus,1,26,DeepKla,0.5,120,60,60,0.5844444444444443,0.5720348582936163,0.13608276348795434,0.4666666666666667,0.6666666666666666,0.5833333333333334,0.5185185185185186,0.5666666666666667,0.2556319804044184,40,20,32,28
common_strict,Mus musculus,1,26,Auto-Kla,0.5,120,60,60,0.6848611111111111,0.6875126989269275,0.11306675421666136,0.31666666666666665,0.7833333333333333,0.59375,0.41304347826086957,0.55,0.42430354055721403,47,13,41,19
common_strict,Mus musculus,1,26,HybridKla,0.5,120,60,60,0.6997222222222222,0.687609778717623,0.2672612419124244,0.6,0.6666666666666666,0.6428571428571429,0.6206896551724138,0.6333333333333333,0.2576015933280197,40,20,24,36
common_strict,Mus musculus,1,26,PCBert-Kla,0.5,120,60,60,0.5694444444444444,0.5617535150758441,0.0,0.016666666666666666,0.9833333333333333,0.5,0.03225806451612903,0.5,0.4974843246243444,59,1,59,1
common_strict,Mus musculus,1,27,DeepKla,0.5,120,60,60,0.5936111111111111,0.5820581190146217,0.13608276348795434,0.4666666666666667,0.6666666666666666,0.5833333333333334,0.5185185185185186,0.5666666666666667,0.25291777437389273,40,20,32,28
common_strict,Mus musculus,1,27,Auto-Kla,0.5,120,60,60,0.775,0.7293114917415678,0.21951759136605822,0.31666666666666665,0.8666666666666667,0.7037037037037037,0.4367816091954023,0.5916666666666667,0.39013613625310095,52,8,41,19
common_strict,Mus musculus,1,27,HybridKla,0.5,120,60,60,0.81,0.7914790434565048,0.48420012470625223,0.6,0.8666666666666667,0.8181818181818182,0.6923076923076923,0.7333333333333333,0.19657415837486789,52,8,24,36
common_strict,Mus musculus,1,27,PCBert-Kla,0.5,120,60,60,0.5927777777777777,0.598666690594303,0.09166984970282113,0.016666666666666666,1.0,1.0,0.03278688524590164,0.5083333333333333,0.489357867365259,60,0,59,1
common_strict,Mus musculus,1,28,DeepKla,0.5,120,60,60,0.5091666666666668,0.5269536743310186,0.050343791322240206,0.4666666666666667,0.5833333333333334,0.5283018867924528,0.49557522123893805,0.525,0.27384586636283526,35,25,32,28
common_strict,Mus musculus,1,28,Auto-Kla,0.5,120,60,60,0.6711111111111111,0.6353726568222671,0.1539600717839002,0.31666666666666665,0.8166666666666667,0.6333333333333333,0.4222222222222222,0.5666666666666667,0.41364973298319285,49,11,41,19
common_strict,Mus musculus,1,28,HybridKla,0.5,120,60,60,0.6986111111111112,0.6595370248808577,0.2672612419124244,0.6,0.6666666666666666,0.6428571428571429,0.6206896551724138,0.6333333333333333,0.26949624139362005,40,20,24,36
common_strict,Mus musculus,1,28,PCBert-Kla,0.5,120,60,60,0.5647222222222222,0.5976823106014957,0.09166984970282113,0.016666666666666666,1.0,1.0,0.03278688524590164,0.5083333333333333,0.4893595239457716,60,0,59,1
common_strict,Mus musculus,1,29,DeepKla,0.5,120,60,60,0.5352777777777777,0.5344533670060939,0.06726727939963124,0.4666666666666667,0.6,0.5384615384615384,0.5,0.5333333333333333,0.26959805259623704,36,24,32,28
common_strict,Mus musculus,1,29,Auto-Kla,0.5,120,60,60,0.6881944444444443,0.6689861204936562,0.24273401821882046,0.31666666666666665,0.8833333333333333,0.7307692307692307,0.44186046511627913,0.6,0.38680660701078995,53,7,41,19
common_strict,Mus musculus,1,29,HybridKla,0.5,120,60,60,0.7013888888888888,0.6242306059859521,0.35400521619692155,0.6,0.75,0.7058823529411765,0.6486486486486486,0.675,0.2592842990177619,45,15,24,36
common_strict,Mus musculus,1,29,PCBert-Kla,0.5,120,60,60,0.5438888888888889,0.571392279950345,0.09166984970282113,0.016666666666666666,1.0,1.0,0.03278688524590164,0.5083333333333333,0.4893590713003421,60,0,59,1
common_strict,Mus musculus,5,0,DeepKla,0.5,360,60,300,0.6003888888888889,0.22166580860619434,0.13822749372903945,0.4666666666666667,0.7066666666666667,0.2413793103448276,0.3181818181818182,0.6666666666666666,0.2204941184486544,212,88,32,28
common_strict,Mus musculus,5,0,Auto-Kla,0.5,360,60,300,0.7133611111111111,0.3250119584825363,0.15001740343575146,0.31666666666666665,0.84,0.2835820895522388,0.2992125984251969,0.7527777777777778,0.22132584580692116,252,48,41,19
common_strict,Mus musculus,5,0,HybridKla,0.5,360,60,300,0.7591111111111111,0.3476641723029874,0.2893001546495338,0.6,0.7566666666666667,0.3302752293577982,0.4260355029585799,0.7305555555555555,0.19765096208699293,227,73,24,36
common_strict,Mus musculus,5,0,PCBert-Kla,0.5,360,60,300,0.5850555555555557,0.22832455320387054,0.02370227315699886,0.016666666666666666,0.99,0.25,0.03125,0.8277777777777777,0.17081959824580265,297,3,59,1
common_strict,Mus musculus,5,1,DeepKla,0.5,360,60,300,0.5914444444444444,0.23548197111169347,0.10659063109527199,0.4666666666666667,0.67,0.2204724409448819,0.29946524064171126,0.6361111111111111,0.2221137459862847,201,99,32,28
common_strict,Mus musculus,5,1,Auto-Kla,0.5,360,60,300,0.6944722222222223,0.3285833574647178,0.1342472374980814,0.31666666666666665,0.8266666666666667,0.2676056338028169,0.2900763358778626,0.7416666666666667,0.22888096114091014,248,52,41,19
common_strict,Mus musculus,5,1,HybridKla,0.5,360,60,300,0.7487222222222222,0.38619385133307227,0.26257545381445874,0.6,0.73,0.3076923076923077,0.4067796610169492,0.7083333333333334,0.20310377674264576,219,81,24,36
common_strict,Mus musculus,5,1,PCBert-Kla,0.5,360,60,300,0.5819444444444444,0.235132355902483,0.02370227315699886,0.016666666666666666,0.99,0.25,0.03125,0.8277777777777777,0.1704589359104245,297,3,59,1
common_strict,Mus musculus,5,2,DeepKla,0.5,360,60,300,0.5986666666666667,0.23337344277889122,0.13232329766808681,0.4666666666666667,0.7,0.23728813559322035,0.3146067415730337,0.6611111111111111,0.21803332468050343,210,90,32,28
common_strict,Mus musculus,5,2,Auto-Kla,0.5,360,60,300,0.7140555555555556,0.3339152098727117,0.15001740343575146,0.31666666666666665,0.84,0.2835820895522388,0.2992125984251969,0.7527777777777778,0.22491433545746742,252,48,41,19
common_strict,Mus musculus,5,2,HybridKla,0.5,360,60,300,0.7417222222222222,0.34501726029780055,0.26257545381445874,0.6,0.73,0.3076923076923077,0.4067796610169492,0.7083333333333334,0.2102014128363518,219,81,24,36
common_strict,Mus musculus,5,2,PCBert-Kla,0.5,360,60,300,0.6010555555555555,0.22046373816539946,0.0,0.016666666666666666,0.9833333333333333,0.16666666666666666,0.0303030303030303,0.8222222222222222,0.17636758758353188,295,5,59,1
common_strict,Mus musculus,5,3,DeepKla,0.5,360,60,300,0.6251666666666666,0.2372548720428576,0.14420780897527016,0.4666666666666667,0.7133333333333334,0.24561403508771928,0.3218390804597701,0.6722222222222223,0.21088741493694926,214,86,32,28
common_strict,Mus musculus,5,3,Auto-Kla,0.5,360,60,300,0.7152499999999999,0.3301077547977312,0.1541028257058839,0.31666666666666665,0.8433333333333334,0.2878787878787879,0.3015873015873016,0.7555555555555555,0.2278925557754122,253,47,41,19
common_strict,Mus musculus,5,3,HybridKla,0.5,360,60,300,0.7716666666666667,0.4243911229096478,0.29980432384382627,0.6,0.7666666666666667,0.33962264150943394,0.4337349397590361,0.7388888888888889,0.18345863065635729,230,70,24,36
common_strict,Mus musculus,5,3,PCBert-Kla,0.5,360,60,300,0.5662222222222222,0.2140456588888723,0.010614897848685505,0.016666666666666666,0.9866666666666667,0.2,0.03076923076923077,0.825,0.1726056638488037,296,4,59,1
common_strict,Mus musculus,5,4,DeepKla,0.5,360,60,300,0.6049444444444444,0.22981004111156972,0.13232329766808681,0.4666666666666667,0.7,0.23728813559322035,0.3146067415730337,0.6611111111111111,0.21655827036871728,210,90,32,28
common_strict,Mus musculus,5,4,Auto-Kla,0.5,360,60,300,0.6994722222222222,0.2968385572806114,0.13810826052635577,0.31666666666666665,0.83,0.2714285714285714,0.2923076923076923,0.7444444444444445,0.22662684493090685,249,51,41,19
common_strict,Mus musculus,5,4,HybridKla,0.5,360,60,300,0.7638333333333334,0.38659091866751927,0.32550900579348735,0.6,0.79,0.36363636363636365,0.4528301886792453,0.7583333333333333,0.18639492888610718,237,63,24,36
common_strict,Mus musculus,5,4,PCBert-Kla,0.5,360,60,300,0.5735,0.22912513155067887,0.06685262704648756,0.016666666666666666,0.9966666666666667,0.5,0.03225806451612903,0.8333333333333334,0.16610013946272,299,1,59,1
common_strict,Mus musculus,5,5,DeepKla,0.5,360,60,300,0.6348888888888888,0.24390220275486868,0.1472278564130704,0.4666666666666667,0.7166666666666667,0.24778761061946902,0.32369942196531787,0.675,0.2067121888582252,215,85,32,28
common_strict,Mus musculus,5,5,Auto-Kla,0.5,360,60,300,0.70225,0.2985179131130336,0.14599129045804465,0.31666666666666665,0.8366666666666667,0.27941176470588236,0.296875,0.75,0.22682903696999174,251,49,41,19
common_strict,Mus musculus,5,5,HybridKla,0.5,360,60,300,0.7672222222222222,0.39896487769599787,0.3179818042673214,0.6,0.7833333333333333,0.3564356435643564,0.4472049689440994,0.7527777777777778,0.17787931866654216,235,65,24,36
common_strict,Mus musculus,5,5,PCBert-Kla,0.5,360,60,300,0.5860555555555556,0.23281263859078136,0.06685262704648756,0.016666666666666666,0.9966666666666667,0.5,0.03225806451612903,0.8333333333333334,0.16609464425170406,299,1,59,1
common_strict,Mus musculus,5,6,DeepKla,0.5,360,60,300,0.6177777777777779,0.23255799517464928,0.1472278564130704,0.4666666666666667,0.7166666666666667,0.24778761061946902,0.32369942196531787,0.675,0.2144237491673548,215,85,32,28
common_strict,Mus musculus,5,6,Auto-Kla,0.5,360,60,300,0.7568055555555555,0.3546807123087987,0.2354778814797378,0.31666666666666665,0.9,0.3877551020408163,0.34862385321100914,0.8027777777777778,0.1874419351267122,270,30,41,19
common_strict,Mus musculus,5,6,HybridKla,0.5,360,60,300,0.7643333333333334,0.4108535296809801,0.31427505444995346,0.6,0.78,0.35294117647058826,0.4444444444444445,0.75,0.19621438231810998,234,66,24,36
common_strict,Mus musculus,5,6,PCBert-Kla,0.5,360,60,300,0.5993888888888889,0.23099865522984098,0.040996003084539386,0.016666666666666666,0.9933333333333333,0.3333333333333333,0.031746031746031744,0.8305555555555556,0.16864754649569316,298,2,59,1
common_strict,Mus musculus,5,7,DeepKla,0.5,360,60,300,0.6041666666666667,0.25143414316633217,0.14420780897527016,0.4666666666666667,0.7133333333333334,0.24561403508771928,0.3218390804597701,0.6722222222222223,0.21356521373699802,214,86,32,28
common_strict,Mus musculus,5,7,Auto-Kla,0.5,360,60,300,0.7042777777777778,0.2930255816896545,0.15001740343575146,0.31666666666666665,0.84,0.2835820895522388,0.2992125984251969,0.7527777777777778,0.2299698867104635,252,48,41,19
common_strict,Mus musculus,5,7,HybridKla,0.5,360,60,300,0.7678888888888888,0.3939668798080927,0.30697030675746023,0.6,0.7733333333333333,0.34615384615384615,0.43902439024390244,0.7444444444444445,0.18706287956154483,232,68,24,36
common_strict,Mus musculus,5,7,PCBert-Kla,0.5,360,60,300,0.5917222222222223,0.23189455392564107,0.040996003084539386,0.016666666666666666,0.9933333333333333,0.3333333333333333,0.031746031746031744,0.8305555555555556,0.16682078131994982,298,2,59,1
common_strict,Mus musculus,5,8,DeepKla,0.5,360,60,300,0.6261666666666666,0.2358495811885766,0.13822749372903945,0.4666666666666667,0.7066666666666667,0.2413793103448276,0.3181818181818182,0.6666666666666666,0.21162519606488198,212,88,32,28
common_strict,Mus musculus,5,8,Auto-Kla,0.5,360,60,300,0.7258055555555556,0.34242712158544436,0.1541028257058839,0.31666666666666665,0.8433333333333334,0.2878787878787879,0.3015873015873016,0.7555555555555555,0.22081606558615546,253,47,41,19
common_strict,Mus musculus,5,8,HybridKla,0.5,360,60,300,0.7538333333333334,0.38265052020622087,0.2927700218845599,0.6,0.76,0.3333333333333333,0.42857142857142855,0.7333333333333333,0.19249646749710342,228,72,24,36
common_strict,Mus musculus,5,8,PCBert-Kla,0.5,360,60,300,0.5876666666666668,0.22958793737805516,0.02370227315699886,0.016666666666666666,0.99,0.25,0.03125,0.8277777777777777,0.1699894756293116,297,3,59,1
common_strict,Mus musculus,5,9,DeepKla,0.5,360,60,300,0.6252222222222222,0.25251368221807907,0.14120787096210466,0.4666666666666667,0.71,0.24347826086956523,0.32,0.6694444444444444,0.20879423799676558,213,87,32,28
common_strict,Mus musculus,5,9,Auto-Kla,0.5,360,60,300,0.7382222222222222,0.331216379763397,0.18,0.31666666666666665,0.8633333333333333,0.31666666666666665,0.31666666666666665,0.7722222222222223,0.20923436963431918,259,41,41,19
common_strict,Mus musculus,5,9,HybridKla,0.5,360,60,300,0.7797222222222222,0.410536874510687,0.3217261138106329,0.6,0.7866666666666666,0.36,0.45,0.7555555555555555,0.17766089252091968,236,64,24,36
common_strict,Mus musculus,5,9,PCBert-Kla,0.5,360,60,300,0.5897777777777777,0.22399176012580913,0.040996003084539386,0.016666666666666666,0.9933333333333333,0.3333333333333333,0.031746031746031744,0.8305555555555556,0.1686153741923007,298,2,59,1
common_strict,Mus musculus,5,10,DeepKla,0.5,360,60,300,0.6172777777777778,0.2480157782337034,0.15026857675938216,0.4666666666666667,0.72,0.25,0.32558139534883723,0.6777777777777778,0.21097374440911543,216,84,32,28
common_strict,Mus musculus,5,10,Auto-Kla,0.5,360,60,300,0.721388888888889,0.33141352364157134,0.15824988079565283,0.31666666666666665,0.8466666666666667,0.2923076923076923,0.304,0.7583333333333333,0.22002185078322306,254,46,41,19
common_strict,Mus musculus,5,10,HybridKla,0.5,360,60,300,0.7792777777777777,0.45297241797971255,0.3179818042673214,0.6,0.7833333333333333,0.3564356435643564,0.4472049689440994,0.7527777777777778,0.1805133053454158,235,65,24,36
common_strict,Mus musculus,5,10,PCBert-Kla,0.5,360,60,300,0.5705555555555556,0.19832345622951786,0.0,0.016666666666666666,0.9833333333333333,0.16666666666666666,0.0303030303030303,0.8222222222222222,0.1742290700194914,295,5,59,1
common_strict,Mus musculus,5,11,DeepKla,0.5,360,60,300,0.589,0.22527588953684163,0.0928032337334619,0.4666666666666667,0.6533333333333333,0.21212121212121213,0.29166666666666663,0.6222222222222222,0.2246163825828543,196,104,32,28
common_strict,Mus musculus,5,11,Auto-Kla,0.5,360,60,300,0.7095,0.327807696564614,0.11209290940408285,0.31666666666666665,0.8066666666666666,0.24675324675324675,0.2773722627737226,0.725,0.24187664316049404,242,58,41,19
common_strict,Mus musculus,5,11,HybridKla,0.5,360,60,300,0.7466666666666667,0.3580426751279089,0.2858607416844146,0.6,0.7533333333333333,0.32727272727272727,0.4235294117647059,0.7277777777777777,0.20461429730635633,226,74,24,36
common_strict,Mus musculus,5,11,PCBert-Kla,0.5,360,60,300,0.5581666666666666,0.2042628546511304,0.010614897848685505,0.016666666666666666,0.9866666666666667,0.2,0.03076923076923077,0.825,0.1726142232965037,296,4,59,1
common_strict,Mus musculus,5,12,DeepKla,0.5,360,60,300,0.6178333333333333,0.2387996584317433,0.15641436809147216,0.4666666666666667,0.7266666666666667,0.2545454545454545,0.32941176470588235,0.6833333333333333,0.21206566859584725,218,82,32,28
common_strict,Mus musculus,5,12,Auto-Kla,0.5,360,60,300,0.7309166666666667,0.33195021367598776,0.2138640122737003,0.31666666666666665,0.8866666666666667,0.3584905660377358,0.336283185840708,0.7916666666666666,0.19521842731598246,266,34,41,19
common_strict,Mus musculus,5,12,HybridKla,0.5,360,60,300,0.7587777777777778,0.4130449677899879,0.30337042282559146,0.6,0.77,0.34285714285714286,0.43636363636363634,0.7416666666666667,0.18975550467973357,231,69,24,36
common_strict,Mus musculus,5,12,PCBert-Kla,0.5,360,60,300,0.5862222222222222,0.21387816443634503,0.0,0.016666666666666666,0.9833333333333333,0.16666666666666666,0.0303030303030303,0.8222222222222222,0.17545088834491876,295,5,59,1
common_strict,Mus musculus,5,13,DeepKla,0.5,360,60,300,0.6053888888888889,0.25387078875438973,0.13232329766808681,0.4666666666666667,0.7,0.23728813559322035,0.3146067415730337,0.6611111111111111,0.2163939041879331,210,90,32,28
common_strict,Mus musculus,5,13,Auto-Kla,0.5,360,60,300,0.7013055555555555,0.3211706363860973,0.1266766226732393,0.31666666666666665,0.82,0.2602739726027397,0.2857142857142857,0.7361111111111112,0.23779495007329704,246,54,41,19
common_strict,Mus musculus,5,13,HybridKla,0.5,360,60,300,0.7689444444444444,0.4372223013308108,0.29980432384382627,0.6,0.7666666666666667,0.33962264150943394,0.4337349397590361,0.7388888888888889,0.19286530677793706,230,70,24,36
common_strict,Mus musculus,5,13,PCBert-Kla,0.5,360,60,300,0.5877777777777778,0.25132543656077644,0.11801515411874575,0.016666666666666666,1.0,1.0,0.03278688524590164,0.8361111111111111,0.16312359416899722,300,0,59,1
common_strict,Mus musculus,5,14,DeepKla,0.5,360,60,300,0.5861111111111111,0.22229175974778084,0.08199200616907877,0.4666666666666667,0.64,0.20588235294117646,0.28571428571428564,0.6111111111111112,0.22408080276612247,192,108,32,28
common_strict,Mus musculus,5,14,Auto-Kla,0.5,360,60,300,0.71775,0.31085389148250525,0.16246101403438634,0.31666666666666665,0.85,0.296875,0.3064516129032258,0.7611111111111111,0.22337701721885625,255,45,41,19
common_strict,Mus musculus,5,14,HybridKla,0.5,360,60,300,0.7949444444444445,0.469633427687161,0.3572960168341843,0.6,0.8166666666666667,0.3956043956043956,0.4768211920529801,0.7805555555555556,0.16037659220209963,245,55,24,36
common_strict,Mus musculus,5,14,PCBert-Kla,0.5,360,60,300,0.5841111111111111,0.23069300834571863,0.02370227315699886,0.016666666666666666,0.99,0.25,0.03125,0.8277777777777777,0.1715106486723609,297,3,59,1
common_strict,Mus musculus,5,15,DeepKla,0.5,360,60,300,0.6017777777777777,0.2606497522247466,0.12360078247544305,0.4666666666666667,0.69,0.23140495867768596,0.30939226519337015,0.6527777777777778,0.21524021142154173,207,93,32,28
common_strict,Mus musculus,5,15,Auto-Kla,0.5,360,60,300,0.7075,0.33423699848486266,0.15824988079565283,0.31666666666666665,0.8466666666666667,0.2923076923076923,0.304,0.7583333333333333,0.2250525162312,254,46,41,19
common_strict,Mus musculus,5,15,HybridKla,0.5,360,60,300,0.7716111111111111,0.4142112630464984,0.3217261138106329,0.6,0.7866666666666666,0.36,0.45,0.7555555555555555,0.17077902944405224,236,64,24,36
common_strict,Mus musculus,5,15,PCBert-Kla,0.5,360,60,300,0.6128333333333333,0.247996127412635,0.040996003084539386,0.016666666666666666,0.9933333333333333,0.3333333333333333,0.031746031746031744,0.8305555555555556,0.16890586248609538,298,2,59,1
common_strict,Mus musculus,5,16,DeepKla,0.5,360,60,300,0.6297777777777778,0.2492932887312431,0.15333054896268064,0.4666666666666667,0.7233333333333334,0.25225225225225223,0.32748538011695905,0.6805555555555556,0.20735640485534299,217,83,32,28
common_strict,Mus musculus,5,16,Auto-Kla,0.5,360,60,300,0.7409722222222223,0.35352316225101743,0.1755053483789348,0.31666666666666665,0.86,0.3114754098360656,0.3140495867768595,0.7694444444444445,0.20726368817339105,258,42,41,19
common_strict,Mus musculus,5,16,HybridKla,0.5,360,60,300,0.7826111111111111,0.4234115716810291,0.3293315374622089,0.6,0.7933333333333333,0.3673469387755102,0.45569620253164556,0.7611111111111111,0.17488529426516913,238,62,24,36
common_strict,Mus musculus,5,16,PCBert-Kla,0.5,360,60,300,0.5869444444444445,0.21291254233436496,0.02370227315699886,0.016666666666666666,0.99,0.25,0.03125,0.8277777777777777,0.17180454795998717,297,3,59,1
common_strict,Mus musculus,5,17,DeepKla,0.5,360,60,300,0.6021666666666666,0.23444235574888142,0.11786932131158052,0.4666666666666667,0.6833333333333333,0.22764227642276422,0.30601092896174864,0.6472222222222223,0.2189961305739207,205,95,32,28
common_strict,Mus musculus,5,17,Auto-Kla,0.5,360,60,300,0.7336388888888888,0.346456517877176,0.19396845716826647,0.31666666666666665,0.8733333333333333,0.3333333333333333,0.3247863247863248,0.7805555555555556,0.20352514852745587,262,38,41,19
common_strict,Mus musculus,5,17,HybridKla,0.5,360,60,300,0.7745,0.4148973973179408,0.31427505444995346,0.6,0.78,0.35294117647058826,0.4444444444444445,0.75,0.17823510960224445,234,66,24,36
common_strict,Mus musculus,5,17,PCBert-Kla,0.5,360,60,300,0.5792222222222223,0.21761420305891885,0.010614897848685505,0.016666666666666666,0.9866666666666667,0.2,0.03076923076923077,0.825,0.1713225482077934,296,4,59,1
common_strict,Mus musculus,5,18,DeepKla,0.5,360,60,300,0.6085,0.2522437383609619,0.1472278564130704,0.4666666666666667,0.7166666666666667,0.24778761061946902,0.32369942196531787,0.675,0.2130426179394109,215,85,32,28
common_strict,Mus musculus,5,18,Auto-Kla,0.5,360,60,300,0.7323333333333333,0.35143187182106805,0.189228068562642,0.31666666666666665,0.87,0.3275862068965517,0.3220338983050847,0.7777777777777778,0.2079053292206333,261,39,41,19
common_strict,Mus musculus,5,18,HybridKla,0.5,360,60,300,0.7747222222222223,0.3956484935368343,0.337099931231621,0.6,0.8,0.375,0.4615384615384615,0.7666666666666667,0.18076808146149087,240,60,24,36
common_strict,Mus musculus,5,18,PCBert-Kla,0.5,360,60,300,0.5883888888888889,0.23435634553743712,0.040996003084539386,0.016666666666666666,0.9933333333333333,0.3333333333333333,0.031746031746031744,0.8305555555555556,0.16715501914587633,298,2,59,1
common_strict,Mus musculus,5,19,DeepKla,0.5,360,60,300,0.5960555555555556,0.2385860111738881,0.10380684981717497,0.4666666666666667,0.6666666666666666,0.21875,0.2978723404255319,0.6333333333333333,0.220662375883187,200,100,32,28
common_strict,Mus musculus,5,19,Auto-Kla,0.5,360,60,300,0.7109166666666666,0.33374667946902037,0.1755053483789348,0.31666666666666665,0.86,0.3114754098360656,0.3140495867768595,0.7694444444444445,0.2101984916850273,258,42,41,19
common_strict,Mus musculus,5,19,HybridKla,0.5,360,60,300,0.7748333333333333,0.39748409539087415,0.3293315374622089,0.6,0.7933333333333333,0.3673469387755102,0.45569620253164556,0.7611111111111111,0.18053632759671684,238,62,24,36
common_strict,Mus musculus,5,19,PCBert-Kla,0.5,360,60,300,0.5788888888888889,0.21300037874888128,0.02370227315699886,0.016666666666666666,0.99,0.25,0.03125,0.8277777777777777,0.17201512805181463,297,3,59,1
common_strict,Mus musculus,5,20,DeepKla,0.5,360,60,300,0.6107222222222223,0.2724166107536104,0.13822749372903945,0.4666666666666667,0.7066666666666667,0.2413793103448276,0.3181818181818182,0.6666666666666666,0.21303496566368949,212,88,32,28
common_strict,Mus musculus,5,20,Auto-Kla,0.5,360,60,300,0.7031666666666666,0.2814192182970982,0.1420222771523195,0.31666666666666665,0.8333333333333334,0.2753623188405797,0.2945736434108527,0.7472222222222222,0.23408829136429402,250,50,41,19
common_strict,Mus musculus,5,20,HybridKla,0.5,360,60,300,0.7565555555555555,0.36913545230009487,0.27239252806439923,0.6,0.74,0.3157894736842105,0.41379310344827586,0.7166666666666667,0.19749953799204872,222,78,24,36
common_strict,Mus musculus,5,20,PCBert-Kla,0.5,360,60,300,0.586,0.21883559745888265,0.010614897848685505,0.016666666666666666,0.9866666666666667,0.2,0.03076923076923077,0.825,0.1732511767761166,296,4,59,1
common_strict,Mus musculus,5,21,DeepKla,0.5,360,60,300,0.5941666666666666,0.22136904517039344,0.11786932131158052,0.4666666666666667,0.6833333333333333,0.22764227642276422,0.30601092896174864,0.6472222222222223,0.22046036998133417,205,95,32,28
common_strict,Mus musculus,5,21,Auto-Kla,0.5,360,60,300,0.7066666666666667,0.33059394577731566,0.1541028257058839,0.31666666666666665,0.8433333333333334,0.2878787878787879,0.3015873015873016,0.7555555555555555,0.22567974640156813,253,47,41,19
common_strict,Mus musculus,5,21,HybridKla,0.5,360,60,300,0.7741666666666666,0.46804651228729116,0.3293315374622089,0.6,0.7933333333333333,0.3673469387755102,0.45569620253164556,0.7611111111111111,0.17799425718193224,238,62,24,36
common_strict,Mus musculus,5,21,PCBert-Kla,0.5,360,60,300,0.5729444444444445,0.2227563227215683,0.040996003084539386,0.016666666666666666,0.9933333333333333,0.3333333333333333,0.031746031746031744,0.8305555555555556,0.16801464948713202,298,2,59,1
common_strict,Mus musculus,5,22,DeepKla,0.5,360,60,300,0.6040555555555557,0.23545120042242856,0.11786932131158052,0.4666666666666667,0.6833333333333333,0.22764227642276422,0.30601092896174864,0.6472222222222223,0.216876614042623,205,95,32,28
common_strict,Mus musculus,5,22,Auto-Kla,0.5,360,60,300,0.7239166666666667,0.3032845027957867,0.16673880112867492,0.31666666666666665,0.8533333333333334,0.30158730158730157,0.30894308943089427,0.7638888888888888,0.22030120201986408,256,44,41,19
common_strict,Mus musculus,5,22,HybridKla,0.5,360,60,300,0.7661666666666667,0.40144696804391167,0.3217261138106329,0.6,0.7866666666666666,0.36,0.45,0.7555555555555555,0.18234789254136177,236,64,24,36
common_strict,Mus musculus,5,22,PCBert-Kla,0.5,360,60,300,0.6036666666666667,0.21758541305595386,-0.008996604422624762,0.016666666666666666,0.98,0.14285714285714285,0.029850746268656716,0.8194444444444444,0.17680978427935212,294,6,59,1
common_strict,Mus musculus,5,23,DeepKla,0.5,360,60,300,0.6290555555555555,0.280841851984484,0.1472278564130704,0.4666666666666667,0.7166666666666667,0.24778761061946902,0.32369942196531787,0.675,0.20397181747819593,215,85,32,28
common_strict,Mus musculus,5,23,Auto-Kla,0.5,360,60,300,0.7366666666666667,0.3336194754433449,0.18,0.31666666666666665,0.8633333333333333,0.31666666666666665,0.31666666666666665,0.7722222222222223,0.2154075927755095,259,41,41,19
common_strict,Mus musculus,5,23,HybridKla,0.5,360,60,300,0.7867222222222222,0.4336721627283645,0.33319480220162817,0.6,0.7966666666666666,0.3711340206185567,0.4585987261146497,0.7638888888888888,0.17097738691837877,239,61,24,36
common_strict,Mus musculus,5,23,PCBert-Kla,0.5,360,60,300,0.6022222222222222,0.24476668078927288,0.02370227315699886,0.016666666666666666,0.99,0.25,0.03125,0.8277777777777777,0.17043151222317077,297,3,59,1
common_strict,Mus musculus,5,24,DeepKla,0.5,360,60,300,0.5916666666666666,0.21882566394145964,0.10938835388564894,0.4666666666666667,0.6733333333333333,0.2222222222222222,0.3010752688172043,0.6388888888888888,0.22263621585743512,202,98,32,28
common_strict,Mus musculus,5,24,Auto-Kla,0.5,360,60,300,0.7071666666666666,0.31793972969943907,0.1541028257058839,0.31666666666666665,0.8433333333333334,0.2878787878787879,0.3015873015873016,0.7555555555555555,0.227781505270752,253,47,41,19
common_strict,Mus musculus,5,24,HybridKla,0.5,360,60,300,0.7735000000000001,0.4098975663140705,0.3217261138106329,0.6,0.7866666666666666,0.36,0.45,0.7555555555555555,0.17614465925816122,236,64,24,36
common_strict,Mus musculus,5,24,PCBert-Kla,0.5,360,60,300,0.5849444444444445,0.21091248002470325,0.010614897848685505,0.016666666666666666,0.9866666666666667,0.2,0.03076923076923077,0.825,0.1732976717933041,296,4,59,1
common_strict,Mus musculus,5,25,DeepKla,0.5,360,60,300,0.5993333333333333,0.22910648685743834,0.12072700746726746,0.4666666666666667,0.6866666666666666,0.22950819672131148,0.3076923076923077,0.65,0.21851031146756103,206,94,32,28
common_strict,Mus musculus,5,25,Auto-Kla,0.5,360,60,300,0.7229722222222222,0.3195168035598385,0.18457311157208312,0.31666666666666665,0.8666666666666667,0.3220338983050847,0.31932773109243695,0.775,0.2086851934716311,260,40,41,19
common_strict,Mus musculus,5,25,HybridKla,0.5,360,60,300,0.7688333333333334,0.39399972146098505,0.2962711384731059,0.6,0.7633333333333333,0.3364485981308411,0.4311377245508982,0.7361111111111112,0.19211933836363068,229,71,24,36
common_strict,Mus musculus,5,25,PCBert-Kla,0.5,360,60,300,0.5976111111111111,0.22216562783567848,0.040996003084539386,0.016666666666666666,0.9933333333333333,0.3333333333333333,0.031746031746031744,0.8305555555555556,0.1691304741572554,298,2,59,1
common_strict,Mus musculus,5,26,DeepKla,0.5,360,60,300,0.6078333333333333,0.2370009028057992,0.10380684981717497,0.4666666666666667,0.6666666666666666,0.21875,0.2978723404255319,0.6333333333333333,0.21832103784015508,200,100,32,28
common_strict,Mus musculus,5,26,Auto-Kla,0.5,360,60,300,0.6953888888888888,0.2930532477306687,0.1420222771523195,0.31666666666666665,0.8333333333333334,0.2753623188405797,0.2945736434108527,0.7472222222222222,0.22921545815784095,250,50,41,19
common_strict,Mus musculus,5,26,HybridKla,0.5,360,60,300,0.7543888888888889,0.3587889633609583,0.2790702139817097,0.6,0.7466666666666667,0.32142857142857145,0.41860465116279066,0.7222222222222222,0.1968354479938045,224,76,24,36
common_strict,Mus musculus,5,26,PCBert-Kla,0.5,360,60,300,0.5876666666666667,0.21660911878870082,0.02370227315699886,0.016666666666666666,0.99,0.25,0.03125,0.8277777777777777,0.16958573242702416,297,3,59,1
common_strict,Mus musculus,5,27,DeepKla,0.5,360,60,300,0.6408333333333333,0.2593874982001454,0.15026857675938216,0.4666666666666667,0.72,0.25,0.32558139534883723,0.6777777777777778,0.2020201577752732,216,84,32,28
common_strict,Mus musculus,5,27,Auto-Kla,0.5,360,60,300,0.7093888888888888,0.32213793059284734,0.1420222771523195,0.31666666666666665,0.8333333333333334,0.2753623188405797,0.2945736434108527,0.7472222222222222,0.23177164237391013,250,50,41,19
common_strict,Mus musculus,5,27,HybridKla,0.5,360,60,300,0.7837777777777777,0.44831417749119123,0.337099931231621,0.6,0.8,0.375,0.4615384615384615,0.7666666666666667,0.1708606355217932,240,60,24,36
common_strict,Mus musculus,5,27,PCBert-Kla,0.5,360,60,300,0.5738333333333333,0.21802685993031018,0.02370227315699886,0.016666666666666666,0.99,0.25,0.03125,0.8277777777777777,0.16959217871467655,297,3,59,1
common_strict,Mus musculus,5,28,DeepKla,0.5,360,60,300,0.6226666666666666,0.2627200883804935,0.1352661428741151,0.4666666666666667,0.7033333333333334,0.23931623931623933,0.3163841807909604,0.6638888888888889,0.20767944260020635,211,89,32,28
common_strict,Mus musculus,5,28,Auto-Kla,0.5,360,60,300,0.7070555555555557,0.3150848082750646,0.16673880112867492,0.31666666666666665,0.8533333333333334,0.30158730158730157,0.30894308943089427,0.7638888888888888,0.22185376336841264,256,44,41,19
common_strict,Mus musculus,5,28,HybridKla,0.5,360,60,300,0.7775000000000001,0.39462051083877403,0.337099931231621,0.6,0.8,0.375,0.4615384615384615,0.7666666666666667,0.17178586886647007,240,60,24,36
common_strict,Mus musculus,5,28,PCBert-Kla,0.5,360,60,300,0.6014444444444444,0.23677983130789632,0.02370227315699886,0.016666666666666666,0.99,0.25,0.03125,0.8277777777777777,0.17082531774214832,297,3,59,1
common_strict,Mus musculus,5,29,DeepKla,0.5,360,60,300,0.6212777777777778,0.2417347187000136,0.1352661428741151,0.4666666666666667,0.7033333333333334,0.23931623931623933,0.3163841807909604,0.6638888888888889,0.21159187018400943,211,89,32,28
common_strict,Mus musculus,5,29,Auto-Kla,0.5,360,60,300,0.7158611111111111,0.3180838530978285,0.11929618161269212,0.31666666666666665,0.8133333333333334,0.25333333333333335,0.28148148148148144,0.7305555555555555,0.24747520013565275,244,56,41,19
common_strict,Mus musculus,5,29,HybridKla,0.5,360,60,300,0.7647222222222222,0.3756633061667772,0.29980432384382627,0.6,0.7666666666666667,0.33962264150943394,0.4337349397590361,0.7388888888888889,0.19055541515827176,230,70,24,36
common_strict,Mus musculus,5,29,PCBert-Kla,0.5,360,60,300,0.5765555555555556,0.20997977843680096,0.010614897848685505,0.016666666666666666,0.9866666666666667,0.2,0.03076923076923077,0.825,0.17162692058306053,296,4,59,1
common_strict,Mus musculus,10,0,DeepKla,0.5,660,60,600,0.6116666666666667,0.12833475696171798,0.11020402117446221,0.4666666666666667,0.71,0.13861386138613863,0.2137404580152672,0.6878787878787879,0.20864246678143628,426,174,32,28
common_strict,Mus musculus,10,0,Auto-Kla,0.5,660,60,600,0.7274444444444446,0.21264991985072457,0.13623609859458893,0.31666666666666665,0.8566666666666667,0.18095238095238095,0.2303030303030303,0.8075757575757576,0.17088966992894256,514,86,41,19
common_strict,Mus musculus,10,0,HybridKla,0.5,660,60,600,0.7665,0.23831574831118435,0.24449719660154798,0.6,0.7733333333333333,0.20930232558139536,0.3103448275862069,0.7575757575757576,0.1810895165923315,464,136,24,36
common_strict,Mus musculus,10,0,PCBert-Kla,0.5,660,60,600,0.5855,0.12334146900513256,0.013135677076951102,0.016666666666666666,0.9883333333333333,0.125,0.029411764705882353,0.9,0.09754477858923914,593,7,59,1
common_strict,Mus musculus,10,1,DeepKla,0.5,660,60,600,0.5946388888888889,0.12958806201599218,0.08944271909999159,0.4666666666666667,0.68,0.12727272727272726,0.19999999999999996,0.6606060606060606,0.21331960667836683,408,192,32,28
common_strict,Mus musculus,10,1,Auto-Kla,0.5,660,60,600,0.7082083333333333,0.1751549798828526,0.11542369729486027,0.31666666666666665,0.8366666666666667,0.1623931623931624,0.21468926553672318,0.7893939393939394,0.19036760705217456,502,98,41,19
common_strict,Mus musculus,10,1,HybridKla,0.5,660,60,600,0.7485277777777777,0.22520473797144902,0.22797901296752013,0.6,0.755,0.19672131147540983,0.2962962962962963,0.740909090909091,0.1952379561335192,453,147,24,36
common_strict,Mus musculus,10,1,PCBert-Kla,0.5,660,60,600,0.5917222222222221,0.1273440513985239,0.018709163946485162,0.016666666666666666,0.99,0.14285714285714285,0.029850746268656716,0.9015151515151515,0.09667443870235674,594,6,59,1
common_strict,Mus musculus,10,2,DeepKla,0.5,660,60,600,0.6194444444444445,0.15476266744632425,0.10664846177176979,0.4666666666666667,0.705,0.13658536585365855,0.21132075471698117,0.6833333333333333,0.20087974636522682,423,177,32,28
common_strict,Mus musculus,10,2,Auto-Kla,0.5,660,60,600,0.7271388888888888,0.19541785322537317,0.1290360177535208,0.31666666666666665,0.85,0.1743119266055046,0.22485207100591714,0.8015151515151515,0.177397431668158,510,90,41,19
common_strict,Mus musculus,10,2,HybridKla,0.5,660,60,600,0.7618333333333333,0.2417614035145722,0.23535475300142503,0.6,0.7633333333333333,0.20224719101123595,0.3025210084033613,0.7484848484848485,0.18342553404602482,458,142,24,36
common_strict,Mus musculus,10,2,PCBert-Kla,0.5,660,60,600,0.5929166666666666,0.12987228076562946,0.008262628880263925,0.016666666666666666,0.9866666666666667,0.1111111111111111,0.028985507246376812,0.8984848484848484,0.09902454896054558,592,8,59,1
common_strict,Mus musculus,10,3,DeepKla,0.5,660,60,600,0.62025,0.14369341154334905,0.11020402117446221,0.4666666666666667,0.71,0.13861386138613863,0.2137404580152672,0.6878787878787879,0.20274704632759988,426,174,32,28
common_strict,Mus musculus,10,3,Auto-Kla,0.5,660,60,600,0.7085694444444444,0.18441237015052792,0.11216836672462649,0.31666666666666665,0.8333333333333334,0.15966386554621848,0.2122905027932961,0.7863636363636364,0.18940514484338036,500,100,41,19
common_strict,Mus musculus,10,3,HybridKla,0.5,660,60,600,0.7601944444444444,0.23161418209718596,0.24605377551582602,0.6,0.775,0.21052631578947367,0.3116883116883116,0.759090909090909,0.18151851787269457,465,135,24,36
common_strict,Mus musculus,10,3,PCBert-Kla,0.5,660,60,600,0.5811944444444445,0.11638768986453868,0.00392232270276368,0.016666666666666666,0.985,0.1,0.028571428571428574,0.896969696969697,0.1019616298439877,591,9,59,1
common_strict,Mus musculus,10,4,DeepKla,0.5,660,60,600,0.6103611111111111,0.14679616960229736,0.11020402117446221,0.4666666666666667,0.71,0.13861386138613863,0.2137404580152672,0.6878787878787879,0.20451045039040724,426,174,32,28
common_strict,Mus musculus,10,4,Auto-Kla,0.5,660,60,600,0.70975,0.17864220262583036,0.12041341079543216,0.31666666666666665,0.8416666666666667,0.16666666666666666,0.21839080459770113,0.793939393939394,0.18825065151804024,505,95,41,19
common_strict,Mus musculus,10,4,HybridKla,0.5,660,60,600,0.7659722222222222,0.2440526903091067,0.23836564731139806,0.6,0.7666666666666667,0.20454545454545456,0.30508474576271183,0.7515151515151515,0.17904449429492234,460,140,24,36
common_strict,Mus musculus,10,4,PCBert-Kla,0.5,660,60,600,0.6058055555555556,0.1266985255166711,-0.0035860956909327933,0.016666666666666666,0.9816666666666667,0.08333333333333333,0.027777777777777776,0.8939393939393939,0.10328695908145455,589,11,59,1
common_strict,Mus musculus,10,5,DeepKla,0.5,660,60,600,0.611,0.14040667380317168,0.10081152197523338,0.4666666666666667,0.6966666666666667,0.13333333333333333,0.2074074074074074,0.6757575757575758,0.20631697696239576,418,182,32,28
common_strict,Mus musculus,10,5,Auto-Kla,0.5,660,60,600,0.7144444444444444,0.19140546489134375,0.1255389274982042,0.31666666666666665,0.8466666666666667,0.17117117117117117,0.2222222222222222,0.7984848484848485,0.1802944048606038,508,92,41,19
common_strict,Mus musculus,10,5,HybridKla,0.5,660,60,600,0.7779166666666666,0.28158152617525756,0.24919639701629648,0.6,0.7783333333333333,0.21301775147928995,0.314410480349345,0.7621212121212121,0.16887156385425448,467,133,24,36
common_strict,Mus musculus,10,5,PCBert-Kla,0.5,660,60,600,0.5902499999999999,0.12364812832135089,0.008262628880263925,0.016666666666666666,0.9866666666666667,0.1111111111111111,0.028985507246376812,0.8984848484848484,0.10034823500183553,592,8,59,1
common_strict,Mus musculus,10,6,DeepKla,0.5,660,60,600,0.6015,0.13254737859622423,0.09056255248140774,0.4666666666666667,0.6816666666666666,0.1278538812785388,0.2007168458781362,0.6621212121212121,0.2116575588371654,409,191,32,28
common_strict,Mus musculus,10,6,Auto-Kla,0.5,660,60,600,0.7104583333333333,0.20125596734398016,0.12381476670672302,0.31666666666666665,0.845,0.16964285714285715,0.22093023255813954,0.796969696969697,0.17644008930411123,507,93,41,19
common_strict,Mus musculus,10,6,HybridKla,0.5,660,60,600,0.7704722222222222,0.25462871658707265,0.24295023913656474,0.6,0.7716666666666666,0.20809248554913296,0.30901287553648066,0.7560606060606061,0.17602292075012213,463,137,24,36
common_strict,Mus musculus,10,6,PCBert-Kla,0.5,660,60,600,0.5968333333333333,0.12477497533463411,0.00392232270276368,0.016666666666666666,0.985,0.1,0.028571428571428574,0.896969696969697,0.0995286673977637,591,9,59,1
common_strict,Mus musculus,10,7,DeepKla,0.5,660,60,600,0.6081111111111112,0.12808031895893773,0.08721373959050065,0.4666666666666667,0.6766666666666666,0.12612612612612611,0.19858156028368795,0.6575757575757576,0.21054374552624625,406,194,32,28
common_strict,Mus musculus,10,7,Auto-Kla,0.5,660,60,600,0.7108611111111112,0.20369956711630693,0.12041341079543216,0.31666666666666665,0.8416666666666667,0.16666666666666666,0.21839080459770113,0.793939393939394,0.18115260716683967,505,95,41,19
common_strict,Mus musculus,10,7,HybridKla,0.5,660,60,600,0.7669166666666666,0.2518628832017126,0.26052156521826575,0.6,0.79,0.2222222222222222,0.32432432432432434,0.7727272727272727,0.1749377715301279,474,126,24,36
common_strict,Mus musculus,10,7,PCBert-Kla,0.5,660,60,600,0.5950277777777777,0.13125869042113805,0.013135677076951102,0.016666666666666666,0.9883333333333333,0.125,0.029411764705882353,0.9,0.09882841824051657,593,7,59,1
common_strict,Mus musculus,10,8,DeepKla,0.5,660,60,600,0.6162777777777778,0.14589025745092063,0.11139851620577633,0.4666666666666667,0.7116666666666667,0.13930348258706468,0.21455938697318008,0.6893939393939394,0.20503752558723373,427,173,32,28
common_strict,Mus musculus,10,8,Auto-Kla,0.5,660,60,600,0.71825,0.18700407636776945,0.12210637772662096,0.31666666666666665,0.8433333333333334,0.168141592920354,0.21965317919075145,0.7954545454545454,0.18240925295161411,506,94,41,19
common_strict,Mus musculus,10,8,HybridKla,0.5,660,60,600,0.7718888888888888,0.24596242917550443,0.262183074207416,0.6,0.7916666666666666,0.2236024844720497,0.3257918552036199,0.7742424242424243,0.16838526783452096,475,125,24,36
common_strict,Mus musculus,10,8,PCBert-Kla,0.5,660,60,600,0.5795555555555555,0.12527174205299682,0.03315473783973226,0.016666666666666666,0.9933333333333333,0.2,0.03076923076923077,0.9045454545454545,0.09488182124850456,596,4,59,1
common_strict,Mus musculus,10,9,DeepKla,0.5,660,60,600,0.5969444444444444,0.14069121063966894,0.09507880466169928,0.4666666666666667,0.6883333333333334,0.13023255813953488,0.20363636363636364,0.6681818181818182,0.21053451716219837,413,187,32,28
common_strict,Mus musculus,10,9,Auto-Kla,0.5,660,60,600,0.7100555555555557,0.2043981127179184,0.11542369729486027,0.31666666666666665,0.8366666666666667,0.1623931623931624,0.21468926553672318,0.7893939393939394,0.18823634410796347,502,98,41,19
common_strict,Mus musculus,10,9,HybridKla,0.5,660,60,600,0.7649444444444443,0.2628200358218507,0.24295023913656474,0.6,0.7716666666666666,0.20809248554913296,0.30901287553648066,0.7560606060606061,0.17910759145196073,463,137,24,36
common_strict,Mus musculus,10,9,PCBert-Kla,0.5,660,60,600,0.5786944444444444,0.12667396165310318,0.03315473783973226,0.016666666666666666,0.9933333333333333,0.2,0.03076923076923077,0.9045454545454545,0.09431576281619625,596,4,59,1
common_strict,Mus musculus,10,10,DeepKla,0.5,660,60,600,0.59375,0.14436339944917836,0.09056255248140774,0.4666666666666667,0.6816666666666666,0.1278538812785388,0.2007168458781362,0.6621212121212121,0.21279686242169252,409,191,32,28
common_strict,Mus musculus,10,10,Auto-Kla,0.5,660,60,600,0.72625,0.2040968258487947,0.13260066963507247,0.31666666666666665,0.8533333333333334,0.17757009345794392,0.2275449101796407,0.8045454545454546,0.17714107889340633,512,88,41,19
common_strict,Mus musculus,10,10,HybridKla,0.5,660,60,600,0.7683888888888889,0.24568384237089214,0.24605377551582602,0.6,0.775,0.21052631578947367,0.3116883116883116,0.759090909090909,0.1760083002577418,465,135,24,36
common_strict,Mus musculus,10,10,PCBert-Kla,0.5,660,60,600,0.5894166666666667,0.137334788481047,0.043213169853419546,0.016666666666666666,0.995,0.25,0.03125,0.906060606060606,0.09367360799545112,597,3,59,1
common_strict,Mus musculus,10,11,DeepKla,0.5,660,60,600,0.608,0.1364341696369699,0.09281318200844575,0.4666666666666667,0.685,0.12903225806451613,0.20216606498194944,0.6651515151515152,0.20831654955850984,411,189,32,28
common_strict,Mus musculus,10,11,Auto-Kla,0.5,660,60,600,0.7033611111111111,0.17430664518751157,0.09666024048460393,0.31666666666666665,0.8166666666666667,0.14728682170542637,0.20105820105820105,0.7712121212121212,0.20394550336491551,490,110,41,19
common_strict,Mus musculus,10,11,HybridKla,0.5,660,60,600,0.767138888888889,0.2531686226365857,0.2556038601690775,0.6,0.785,0.21818181818181817,0.32,0.7681818181818182,0.17415703237005783,471,129,24,36
common_strict,Mus musculus,10,11,PCBert-Kla,0.5,660,60,600,0.6007499999999999,0.13532865433125252,0.03315473783973226,0.016666666666666666,0.9933333333333333,0.2,0.03076923076923077,0.9045454545454545,0.09462677771127691,596,4,59,1
common_strict,Mus musculus,10,12,DeepKla,0.5,660,60,600,0.5976666666666667,0.12948153263056386,0.08832646625999109,0.4666666666666667,0.6783333333333333,0.12669683257918551,0.199288256227758,0.6590909090909091,0.2146966988186759,407,193,32,28
common_strict,Mus musculus,10,12,Auto-Kla,0.5,660,60,600,0.7091944444444445,0.19808361948894357,0.11542369729486027,0.31666666666666665,0.8366666666666667,0.1623931623931624,0.21468926553672318,0.7893939393939394,0.18714930434586732,502,98,41,19
common_strict,Mus musculus,10,12,HybridKla,0.5,660,60,600,0.7644444444444445,0.23239985667550994,0.23988460652513163,0.6,0.7683333333333333,0.2057142857142857,0.3063829787234042,0.753030303030303,0.1832902448268147,461,139,24,36
common_strict,Mus musculus,10,12,PCBert-Kla,0.5,660,60,600,0.5694444444444444,0.11808116164331031,0.00392232270276368,0.016666666666666666,0.985,0.1,0.028571428571428574,0.896969696969697,0.1007377583077541,591,9,59,1
common_strict,Mus musculus,10,13,DeepKla,0.5,660,60,600,0.6256944444444444,0.13772637306861496,0.11139851620577633,0.4666666666666667,0.7116666666666667,0.13930348258706468,0.21455938697318008,0.6893939393939394,0.20193183713787277,427,173,32,28
common_strict,Mus musculus,10,13,Auto-Kla,0.5,660,60,600,0.7286111111111111,0.22537916147920575,0.1515576833182678,0.31666666666666665,0.87,0.1958762886597938,0.24203821656050956,0.8196969696969697,0.16025997066649966,522,78,41,19
common_strict,Mus musculus,10,13,HybridKla,0.5,660,60,600,0.7683333333333334,0.24183712686443812,0.24605377551582602,0.6,0.775,0.21052631578947367,0.3116883116883116,0.759090909090909,0.1789878346816645,465,135,24,36
common_strict,Mus musculus,10,13,PCBert-Kla,0.5,660,60,600,0.6036944444444444,0.13091667587924527,0.013135677076951102,0.016666666666666666,0.9883333333333333,0.125,0.029411764705882353,0.9,0.09842698190473538,593,7,59,1
common_strict,Mus musculus,10,14,DeepKla,0.5,660,60,600,0.5861666666666666,0.1289309473805464,0.07411719783212109,0.4666666666666667,0.6566666666666666,0.11965811965811966,0.19047619047619047,0.6393939393939394,0.21876089212257765,394,206,32,28
common_strict,Mus musculus,10,14,Auto-Kla,0.5,660,60,600,0.7131388888888889,0.1827813372949511,0.09815766481357498,0.31666666666666665,0.8183333333333334,0.1484375,0.2021276595744681,0.7727272727272727,0.19909730184823335,491,109,41,19
common_strict,Mus musculus,10,14,HybridKla,0.5,660,60,600,0.7540555555555555,0.22269035489851796,0.2294373569379136,0.6,0.7566666666666667,0.1978021978021978,0.2975206611570248,0.7424242424242424,0.19109753376074007,454,146,24,36
common_strict,Mus musculus,10,14,PCBert-Kla,0.5,660,60,600,0.5734166666666667,0.12729447496723806,0.03315473783973226,0.016666666666666666,0.9933333333333333,0.2,0.03076923076923077,0.9045454545454545,0.09519371934619573,596,4,59,1
common_strict,Mus musculus,10,15,DeepKla,0.5,660,60,600,0.6053333333333333,0.12530818641402436,0.10313334769316329,0.4666666666666667,0.7,0.1346153846153846,0.208955223880597,0.6787878787878788,0.21193166408801742,420,180,32,28
common_strict,Mus musculus,10,15,Auto-Kla,0.5,660,60,600,0.7189722222222221,0.2059840909273691,0.1255389274982042,0.31666666666666665,0.8466666666666667,0.17117117117117117,0.2222222222222222,0.7984848484848485,0.17875249191762732,508,92,41,19
common_strict,Mus musculus,10,15,HybridKla,0.5,660,60,600,0.7708333333333334,0.29118947569458536,0.250782746740516,0.6,0.78,0.21428571428571427,0.3157894736842105,0.7636363636363637,0.17524378321597622,468,132,24,36
common_strict,Mus musculus,10,15,PCBert-Kla,0.5,660,60,600,0.5948333333333333,0.12404538451622377,0.00392232270276368,0.016666666666666666,0.985,0.1,0.028571428571428574,0.896969696969697,0.10141698037610553,591,9,59,1
common_strict,Mus musculus,10,16,DeepKla,0.5,660,60,600,0.5999166666666667,0.12478647157594185,0.10081152197523338,0.4666666666666667,0.6966666666666667,0.13333333333333333,0.2074074074074074,0.6757575757575758,0.21375671535052507,418,182,32,28
common_strict,Mus musculus,10,16,Auto-Kla,0.5,660,60,600,0.7168194444444445,0.22042905215852537,0.12727922061357855,0.31666666666666665,0.8483333333333334,0.17272727272727273,0.2235294117647059,0.8,0.17368664984963847,509,91,41,19
common_strict,Mus musculus,10,16,HybridKla,0.5,660,60,600,0.7613611111111112,0.25011746287198305,0.24295023913656474,0.6,0.7716666666666666,0.20809248554913296,0.30901287553648066,0.7560606060606061,0.1772178370778893,463,137,24,36
common_strict,Mus musculus,10,16,PCBert-Kla,0.5,660,60,600,0.5784444444444444,0.11988588308253681,0.00392232270276368,0.016666666666666666,0.985,0.1,0.028571428571428574,0.896969696969697,0.10109645374398457,591,9,59,1
common_strict,Mus musculus,10,17,DeepKla,0.5,660,60,600,0.6229722222222223,0.14384135037569434,0.13249799220874878,0.4666666666666667,0.74,0.15217391304347827,0.22950819672131148,0.7151515151515152,0.20054075687862769,444,156,32,28
common_strict,Mus musculus,10,17,Auto-Kla,0.5,660,60,600,0.7305833333333334,0.20138032776151588,0.11216836672462649,0.31666666666666665,0.8333333333333334,0.15966386554621848,0.2122905027932961,0.7863636363636364,0.18932572428020783,500,100,41,19
common_strict,Mus musculus,10,17,HybridKla,0.5,660,60,600,0.7745000000000001,0.26868483637219204,0.24449719660154798,0.6,0.7733333333333333,0.20930232558139536,0.3103448275862069,0.7575757575757576,0.17487667820278685,464,136,24,36
common_strict,Mus musculus,10,17,PCBert-Kla,0.5,660,60,600,0.5936111111111111,0.13875669656568257,0.043213169853419546,0.016666666666666666,0.995,0.25,0.03125,0.906060606060606,0.09337998615994618,597,3,59,1
common_strict,Mus musculus,10,18,DeepKla,0.5,660,60,600,0.6041944444444445,0.12786921883511423,0.09850636549546778,0.4666666666666667,0.6933333333333334,0.1320754716981132,0.2058823529411765,0.6727272727272727,0.2109173291298284,416,184,32,28
common_strict,Mus musculus,10,18,Auto-Kla,0.5,660,60,600,0.7390138888888889,0.210424228585976,0.15974415835176925,0.31666666666666665,0.8766666666666667,0.20430107526881722,0.2483660130718954,0.8257575757575758,0.15938623230539894,526,74,41,19
common_strict,Mus musculus,10,18,HybridKla,0.5,660,60,600,0.7722777777777778,0.2902547593269412,0.24605377551582602,0.6,0.775,0.21052631578947367,0.3116883116883116,0.759090909090909,0.17301963684004512,465,135,24,36
common_strict,Mus musculus,10,18,PCBert-Kla,0.5,660,60,600,0.5857222222222223,0.12199455180549412,0.008262628880263925,0.016666666666666666,0.9866666666666667,0.1111111111111111,0.028985507246376812,0.8984848484848484,0.09951123713420186,592,8,59,1
common_strict,Mus musculus,10,19,DeepKla,0.5,660,60,600,0.6215555555555555,0.1362408924758331,0.109014227111968,0.4666666666666667,0.7083333333333334,0.13793103448275862,0.2129277566539924,0.6863636363636364,0.20352293661858817,425,175,32,28
common_strict,Mus musculus,10,19,Auto-Kla,0.5,660,60,600,0.7381111111111112,0.21497278267159944,0.14956906651322233,0.31666666666666665,0.8683333333333333,0.19387755102040816,0.24050632911392406,0.8181818181818182,0.16264029347670061,521,79,41,19
common_strict,Mus musculus,10,19,HybridKla,0.5,660,60,600,0.7757499999999999,0.26350296992346156,0.250782746740516,0.6,0.78,0.21428571428571427,0.3157894736842105,0.7636363636363637,0.17115682340964977,468,132,24,36
common_strict,Mus musculus,10,19,PCBert-Kla,0.5,660,60,600,0.5851388888888889,0.13025525893079204,0.02524093886730761,0.016666666666666666,0.9916666666666667,0.16666666666666666,0.0303030303030303,0.9030303030303031,0.09498740015460126,595,5,59,1
common_strict,Mus musculus,10,20,DeepKla,0.5,660,60,600,0.6170277777777777,0.13543938437918174,0.10430067043686471,0.4666666666666667,0.7016666666666667,0.13526570048309178,0.2097378277153558,0.6803030303030303,0.20479401347234127,421,179,32,28
common_strict,Mus musculus,10,20,Auto-Kla,0.5,660,60,600,0.7246666666666666,0.20670839332215668,0.13994573110829667,0.31666666666666665,0.86,0.18446601941747573,0.2331288343558282,0.8106060606060606,0.17178057809432115,516,84,41,19
common_strict,Mus musculus,10,20,HybridKla,0.5,660,60,600,0.7696666666666667,0.2719452928394665,0.262183074207416,0.6,0.7916666666666666,0.2236024844720497,0.3257918552036199,0.7742424242424243,0.167240474647011,475,125,24,36
common_strict,Mus musculus,10,20,PCBert-Kla,0.5,660,60,600,0.5942777777777777,0.12659969099006893,0.018709163946485162,0.016666666666666666,0.99,0.14285714285714285,0.029850746268656716,0.9015151515151515,0.09774994890859626,594,6,59,1
common_strict,Mus musculus,10,21,DeepKla,0.5,660,60,600,0.6271944444444444,0.15033940940866158,0.11380189582836521,0.4666666666666667,0.715,0.1407035175879397,0.2162162162162162,0.6924242424242424,0.1995606067051787,429,171,32,28
common_strict,Mus musculus,10,21,Auto-Kla,0.5,660,60,600,0.724125,0.19561839271190415,0.12727922061357855,0.31666666666666665,0.8483333333333334,0.17272727272727273,0.2235294117647059,0.8,0.18021419857355278,509,91,41,19
common_strict,Mus musculus,10,21,HybridKla,0.5,660,60,600,0.7706666666666667,0.2369141131243983,0.26052156521826575,0.6,0.79,0.2222222222222222,0.32432432432432434,0.7727272727272727,0.17437520414523197,474,126,24,36
common_strict,Mus musculus,10,21,PCBert-Kla,0.5,660,60,600,0.5976388888888888,0.13388390033712852,0.03315473783973226,0.016666666666666666,0.9933333333333333,0.2,0.03076923076923077,0.9045454545454545,0.09437345862704943,596,4,59,1
common_strict,Mus musculus,10,22,DeepKla,0.5,660,60,600,0.6141666666666667,0.14112880808760517,0.10547235306884598,0.4666666666666667,0.7033333333333334,0.13592233009708737,0.21052631578947364,0.6818181818181818,0.20385592587543022,422,178,32,28
common_strict,Mus musculus,10,22,Auto-Kla,0.5,660,60,600,0.7217222222222223,0.20534046374192538,0.13260066963507247,0.31666666666666665,0.8533333333333334,0.17757009345794392,0.2275449101796407,0.8045454545454546,0.1775275400122117,512,88,41,19
common_strict,Mus musculus,10,22,HybridKla,0.5,660,60,600,0.7720555555555555,0.26202481671542044,0.2556038601690775,0.6,0.785,0.21818181818181817,0.32,0.7681818181818182,0.1684570687229051,471,129,24,36
common_strict,Mus musculus,10,22,PCBert-Kla,0.5,660,60,600,0.5806666666666666,0.12573151774750985,0.03315473783973226,0.016666666666666666,0.9933333333333333,0.2,0.03076923076923077,0.9045454545454545,0.09435636237384486,596,4,59,1
common_strict,Mus musculus,10,23,DeepKla,0.5,660,60,600,0.6182777777777777,0.13361064537915032,0.11501092655705904,0.4666666666666667,0.7166666666666667,0.1414141414141414,0.21705426356589147,0.693939393939394,0.20410275858127305,430,170,32,28
common_strict,Mus musculus,10,23,Auto-Kla,0.5,660,60,600,0.7119861111111111,0.20967025361461072,0.11216836672462649,0.31666666666666665,0.8333333333333334,0.15966386554621848,0.2122905027932961,0.7863636363636364,0.18888412085046546,500,100,41,19
common_strict,Mus musculus,10,23,HybridKla,0.5,660,60,600,0.7646944444444446,0.25299969002362577,0.23685574127063144,0.6,0.765,0.2033898305084746,0.3037974683544304,0.75,0.1775852892036535,459,141,24,36
common_strict,Mus musculus,10,23,PCBert-Kla,0.5,660,60,600,0.58875,0.12580560862570228,0.018709163946485162,0.016666666666666666,0.99,0.14285714285714285,0.029850746268656716,0.9015151515151515,0.09665424642319118,594,6,59,1
common_strict,Mus musculus,10,24,DeepKla,0.5,660,60,600,0.6086388888888888,0.1387662783503239,0.1019703196264678,0.4666666666666667,0.6983333333333334,0.1339712918660287,0.20817843866171004,0.6772727272727272,0.20751212933254762,419,181,32,28
common_strict,Mus musculus,10,24,Auto-Kla,0.5,660,60,600,0.6976388888888889,0.18090317230498024,0.11873552648344958,0.31666666666666665,0.84,0.16521739130434782,0.21714285714285714,0.7924242424242425,0.1853155090247136,504,96,41,19
common_strict,Mus musculus,10,24,HybridKla,0.5,660,60,600,0.7638333333333334,0.24590998511395207,0.23685574127063144,0.6,0.765,0.2033898305084746,0.3037974683544304,0.75,0.1839392750607256,459,141,24,36
common_strict,Mus musculus,10,24,PCBert-Kla,0.5,660,60,600,0.5831388888888889,0.1247040904421523,0.018709163946485162,0.016666666666666666,0.99,0.14285714285714285,0.029850746268656716,0.9015151515151515,0.09806782594998643,594,6,59,1
common_strict,Mus musculus,10,25,DeepKla,0.5,660,60,600,0.62375,0.16184103154656207,0.11622495058215034,0.4666666666666667,0.7183333333333334,0.14213197969543148,0.21789883268482493,0.6954545454545454,0.199746420667501,431,169,32,28
common_strict,Mus musculus,10,25,Auto-Kla,0.5,660,60,600,0.7106666666666666,0.18664133292415824,0.10896715305663912,0.31666666666666665,0.83,0.15702479338842976,0.20994475138121546,0.7833333333333333,0.19240046034055583,498,102,41,19
common_strict,Mus musculus,10,25,HybridKla,0.5,660,60,600,0.7766944444444444,0.2541417978092174,0.25723213516419946,0.6,0.7866666666666666,0.21951219512195122,0.32142857142857145,0.7696969696969697,0.16549195999030467,472,128,24,36
common_strict,Mus musculus,10,25,PCBert-Kla,0.5,660,60,600,0.5977222222222223,0.13546608568062046,0.03315473783973226,0.016666666666666666,0.9933333333333333,0.2,0.03076923076923077,0.9045454545454545,0.09411855639235286,596,4,59,1
common_strict,Mus musculus,10,26,DeepKla,0.5,660,60,600,0.5938611111111112,0.13278549058674374,0.08170114483332737,0.4666666666666667,0.6683333333333333,0.12334801762114538,0.1951219512195122,0.65,0.2138758675443171,401,199,32,28
common_strict,Mus musculus,10,26,Auto-Kla,0.5,660,60,600,0.713625,0.19096017853625388,0.1105611388874896,0.31666666666666665,0.8316666666666667,0.15833333333333333,0.2111111111111111,0.7848484848484848,0.19289273786983036,499,101,41,19
common_strict,Mus musculus,10,26,HybridKla,0.5,660,60,600,0.7755,0.2587710396194168,0.24762012497072244,0.6,0.7766666666666666,0.21176470588235294,0.31304347826086953,0.7606060606060606,0.17147663680168107,466,134,24,36
common_strict,Mus musculus,10,26,PCBert-Kla,0.5,660,60,600,0.5905555555555555,0.13124751089315972,0.02524093886730761,0.016666666666666666,0.9916666666666667,0.16666666666666666,0.0303030303030303,0.9030303030303031,0.09505771485598463,595,5,59,1
common_strict,Mus musculus,10,27,DeepKla,0.5,660,60,600,0.6092222222222222,0.1363575266912881,0.10313334769316329,0.4666666666666667,0.7,0.1346153846153846,0.208955223880597,0.6787878787878788,0.20727792343042925,420,180,32,28
common_strict,Mus musculus,10,27,Auto-Kla,0.5,660,60,600,0.7010138888888889,0.17555817509919192,0.10738613197014224,0.31666666666666665,0.8283333333333334,0.1557377049180328,0.2087912087912088,0.7818181818181819,0.19446630672046358,497,103,41,19
common_strict,Mus musculus,10,27,HybridKla,0.5,660,60,600,0.7651666666666667,0.2427112019882203,0.24605377551582602,0.6,0.775,0.21052631578947367,0.3116883116883116,0.759090909090909,0.1789252862521386,465,135,24,36
common_strict,Mus musculus,10,27,PCBert-Kla,0.5,660,60,600,0.5865,0.12895376156232416,0.02524093886730761,0.016666666666666666,0.9916666666666667,0.16666666666666666,0.0303030303030303,0.9030303030303031,0.09503879431047661,595,5,59,1
common_strict,Mus musculus,10,28,DeepKla,0.5,660,60,600,0.6101111111111112,0.15064103754647679,0.09281318200844575,0.4666666666666667,0.685,0.12903225806451613,0.20216606498194944,0.6651515151515152,0.20790093480239397,411,189,32,28
common_strict,Mus musculus,10,28,Auto-Kla,0.5,660,60,600,0.7322638888888888,0.2165217366428706,0.14373322318829101,0.31666666666666665,0.8633333333333333,0.18811881188118812,0.2360248447204969,0.8136363636363636,0.16687419080654337,518,82,41,19
common_strict,Mus musculus,10,28,HybridKla,0.5,660,60,600,0.7740555555555555,0.24472118687700212,0.26385602134497516,0.6,0.7933333333333333,0.225,0.3272727272727273,0.7757575757575758,0.1676766878737337,476,124,24,36
common_strict,Mus musculus,10,28,PCBert-Kla,0.5,660,60,600,0.5998055555555555,0.12582237934875534,0.008262628880263925,0.016666666666666666,0.9866666666666667,0.1111111111111111,0.028985507246376812,0.8984848484848484,0.10026459749326411,592,8,59,1
common_strict,Mus musculus,10,29,DeepKla,0.5,660,60,600,0.6193333333333333,0.15479026830260498,0.10782906372191188,0.4666666666666667,0.7066666666666667,0.13725490196078433,0.21212121212121213,0.6848484848484848,0.20274784815108232,424,176,32,28
common_strict,Mus musculus,10,29,Auto-Kla,0.5,660,60,600,0.7270694444444444,0.22572534398409072,0.13080970226704403,0.31666666666666665,0.8516666666666667,0.17592592592592593,0.2261904761904762,0.803030303030303,0.1708020087402223,511,89,41,19
common_strict,Mus musculus,10,29,HybridKla,0.5,660,60,600,0.7691944444444445,0.25261514257896406,0.26052156521826575,0.6,0.79,0.2222222222222222,0.32432432432432434,0.7727272727272727,0.16993404244217228,474,126,24,36
common_strict,Mus musculus,10,29,PCBert-Kla,0.5,660,60,600,0.5815555555555555,0.1201283271789091,0.008262628880263925,0.016666666666666666,0.9866666666666667,0.1111111111111111,0.028985507246376812,0.8984848484848484,0.098553454470904,592,8,59,1
common_strict,Mus musculus,all,0,DeepKla,0.5,2536,60,2476,0.6101238556812063,0.03794402237207889,0.05458149484475933,0.4666666666666667,0.6987075928917609,0.03617571059431524,0.0671462829736211,0.693217665615142,0.19985857762814507,1730,746,32,28
common_strict,Mus musculus,all,0,Auto-Kla,0.5,2536,60,2476,0.7183124663435649,0.057322862946774314,0.06859571697667896,0.31666666666666665,0.8473344103392568,0.04785894206549118,0.08315098468271334,0.8347791798107256,0.1450597986750746,2098,378,41,19
common_strict,Mus musculus,all,0,HybridKla,0.5,2536,60,2476,0.7687466343564889,0.07891887105215076,0.13579319563826406,0.6,0.777059773828756,0.061224489795918366,0.1111111111111111,0.7728706624605678,0.1665773038153417,1924,552,24,36
common_strict,Mus musculus,all,0,PCBert-Kla,0.5,2536,60,2476,0.5909598815293484,0.033926740264575705,0.008380695037970334,0.016666666666666666,0.9890953150242326,0.03571428571428571,0.022727272727272728,0.9660883280757098,0.03266542192441658,2449,27,59,1
common_strict,Mus musculus,all,1,DeepKla,0.5,2536,60,2476,0.6101238556812063,0.03794402237207889,0.05458149484475933,0.4666666666666667,0.6987075928917609,0.03617571059431524,0.0671462829736211,0.693217665615142,0.19985857762814507,1730,746,32,28
common_strict,Mus musculus,all,1,Auto-Kla,0.5,2536,60,2476,0.7183124663435649,0.057322862946774314,0.06859571697667896,0.31666666666666665,0.8473344103392568,0.04785894206549118,0.08315098468271334,0.8347791798107256,0.1450597986750746,2098,378,41,19
common_strict,Mus musculus,all,1,HybridKla,0.5,2536,60,2476,0.7687466343564889,0.07891887105215076,0.13579319563826406,0.6,0.777059773828756,0.061224489795918366,0.1111111111111111,0.7728706624605678,0.1665773038153417,1924,552,24,36
common_strict,Mus musculus,all,1,PCBert-Kla,0.5,2536,60,2476,0.5909598815293484,0.033926740264575705,0.008380695037970334,0.016666666666666666,0.9890953150242326,0.03571428571428571,0.022727272727272728,0.9660883280757098,0.03266542192441658,2449,27,59,1
common_strict,Mus musculus,all,2,DeepKla,0.5,2536,60,2476,0.6101238556812063,0.03794402237207889,0.05458149484475933,0.4666666666666667,0.6987075928917609,0.03617571059431524,0.0671462829736211,0.693217665615142,0.19985857762814507,1730,746,32,28
common_strict,Mus musculus,all,2,Auto-Kla,0.5,2536,60,2476,0.7183124663435649,0.057322862946774314,0.06859571697667896,0.31666666666666665,0.8473344103392568,0.04785894206549118,0.08315098468271334,0.8347791798107256,0.1450597986750746,2098,378,41,19
common_strict,Mus musculus,all,2,HybridKla,0.5,2536,60,2476,0.7687466343564889,0.07891887105215076,0.13579319563826406,0.6,0.777059773828756,0.061224489795918366,0.1111111111111111,0.7728706624605678,0.1665773038153417,1924,552,24,36
common_strict,Mus musculus,all,2,PCBert-Kla,0.5,2536,60,2476,0.5909598815293484,0.033926740264575705,0.008380695037970334,0.016666666666666666,0.9890953150242326,0.03571428571428571,0.022727272727272728,0.9660883280757098,0.03266542192441658,2449,27,59,1
common_strict,Mus musculus,all,3,DeepKla,0.5,2536,60,2476,0.6101238556812063,0.03794402237207889,0.05458149484475933,0.4666666666666667,0.6987075928917609,0.03617571059431524,0.0671462829736211,0.693217665615142,0.19985857762814507,1730,746,32,28
common_strict,Mus musculus,all,3,Auto-Kla,0.5,2536,60,2476,0.7183124663435649,0.057322862946774314,0.06859571697667896,0.31666666666666665,0.8473344103392568,0.04785894206549118,0.08315098468271334,0.8347791798107256,0.1450597986750746,2098,378,41,19
common_strict,Mus musculus,all,3,HybridKla,0.5,2536,60,2476,0.7687466343564889,0.07891887105215076,0.13579319563826406,0.6,0.777059773828756,0.061224489795918366,0.1111111111111111,0.7728706624605678,0.1665773038153417,1924,552,24,36
common_strict,Mus musculus,all,3,PCBert-Kla,0.5,2536,60,2476,0.5909598815293484,0.033926740264575705,0.008380695037970334,0.016666666666666666,0.9890953150242326,0.03571428571428571,0.022727272727272728,0.9660883280757098,0.03266542192441658,2449,27,59,1
common_strict,Mus musculus,all,4,DeepKla,0.5,2536,60,2476,0.6101238556812063,0.03794402237207889,0.05458149484475933,0.4666666666666667,0.6987075928917609,0.03617571059431524,0.0671462829736211,0.693217665615142,0.19985857762814507,1730,746,32,28
common_strict,Mus musculus,all,4,Auto-Kla,0.5,2536,60,2476,0.7183124663435649,0.057322862946774314,0.06859571697667896,0.31666666666666665,0.8473344103392568,0.04785894206549118,0.08315098468271334,0.8347791798107256,0.1450597986750746,2098,378,41,19
common_strict,Mus musculus,all,4,HybridKla,0.5,2536,60,2476,0.7687466343564889,0.07891887105215076,0.13579319563826406,0.6,0.777059773828756,0.061224489795918366,0.1111111111111111,0.7728706624605678,0.1665773038153417,1924,552,24,36
common_strict,Mus musculus,all,4,PCBert-Kla,0.5,2536,60,2476,0.5909598815293484,0.033926740264575705,0.008380695037970334,0.016666666666666666,0.9890953150242326,0.03571428571428571,0.022727272727272728,0.9660883280757098,0.03266542192441658,2449,27,59,1
common_strict,Mus musculus,all,5,DeepKla,0.5,2536,60,2476,0.6101238556812063,0.03794402237207889,0.05458149484475933,0.4666666666666667,0.6987075928917609,0.03617571059431524,0.0671462829736211,0.693217665615142,0.19985857762814507,1730,746,32,28
common_strict,Mus musculus,all,5,Auto-Kla,0.5,2536,60,2476,0.7183124663435649,0.057322862946774314,0.06859571697667896,0.31666666666666665,0.8473344103392568,0.04785894206549118,0.08315098468271334,0.8347791798107256,0.1450597986750746,2098,378,41,19
common_strict,Mus musculus,all,5,HybridKla,0.5,2536,60,2476,0.7687466343564889,0.07891887105215076,0.13579319563826406,0.6,0.777059773828756,0.061224489795918366,0.1111111111111111,0.7728706624605678,0.1665773038153417,1924,552,24,36
common_strict,Mus musculus,all,5,PCBert-Kla,0.5,2536,60,2476,0.5909598815293484,0.033926740264575705,0.008380695037970334,0.016666666666666666,0.9890953150242326,0.03571428571428571,0.022727272727272728,0.9660883280757098,0.03266542192441658,2449,27,59,1
common_strict,Mus musculus,all,6,DeepKla,0.5,2536,60,2476,0.6101238556812063,0.03794402237207889,0.05458149484475933,0.4666666666666667,0.6987075928917609,0.03617571059431524,0.0671462829736211,0.693217665615142,0.19985857762814507,1730,746,32,28
common_strict,Mus musculus,all,6,Auto-Kla,0.5,2536,60,2476,0.7183124663435649,0.057322862946774314,0.06859571697667896,0.31666666666666665,0.8473344103392568,0.04785894206549118,0.08315098468271334,0.8347791798107256,0.1450597986750746,2098,378,41,19
common_strict,Mus musculus,all,6,HybridKla,0.5,2536,60,2476,0.7687466343564889,0.07891887105215076,0.13579319563826406,0.6,0.777059773828756,0.061224489795918366,0.1111111111111111,0.7728706624605678,0.1665773038153417,1924,552,24,36
common_strict,Mus musculus,all,6,PCBert-Kla,0.5,2536,60,2476,0.5909598815293484,0.033926740264575705,0.008380695037970334,0.016666666666666666,0.9890953150242326,0.03571428571428571,0.022727272727272728,0.9660883280757098,0.03266542192441658,2449,27,59,1
common_strict,Mus musculus,all,7,DeepKla,0.5,2536,60,2476,0.6101238556812063,0.03794402237207889,0.05458149484475933,0.4666666666666667,0.6987075928917609,0.03617571059431524,0.0671462829736211,0.693217665615142,0.19985857762814507,1730,746,32,28
common_strict,Mus musculus,all,7,Auto-Kla,0.5,2536,60,2476,0.7183124663435649,0.057322862946774314,0.06859571697667896,0.31666666666666665,0.8473344103392568,0.04785894206549118,0.08315098468271334,0.8347791798107256,0.1450597986750746,2098,378,41,19
common_strict,Mus musculus,all,7,HybridKla,0.5,2536,60,2476,0.7687466343564889,0.07891887105215076,0.13579319563826406,0.6,0.777059773828756,0.061224489795918366,0.1111111111111111,0.7728706624605678,0.1665773038153417,1924,552,24,36
common_strict,Mus musculus,all,7,PCBert-Kla,0.5,2536,60,2476,0.5909598815293484,0.033926740264575705,0.008380695037970334,0.016666666666666666,0.9890953150242326,0.03571428571428571,0.022727272727272728,0.9660883280757098,0.03266542192441658,2449,27,59,1
common_strict,Mus musculus,all,8,DeepKla,0.5,2536,60,2476,0.6101238556812063,0.03794402237207889,0.05458149484475933,0.4666666666666667,0.6987075928917609,0.03617571059431524,0.0671462829736211,0.693217665615142,0.19985857762814507,1730,746,32,28
common_strict,Mus musculus,all,8,Auto-Kla,0.5,2536,60,2476,0.7183124663435649,0.057322862946774314,0.06859571697667896,0.31666666666666665,0.8473344103392568,0.04785894206549118,0.08315098468271334,0.8347791798107256,0.1450597986750746,2098,378,41,19
common_strict,Mus musculus,all,8,HybridKla,0.5,2536,60,2476,0.7687466343564889,0.07891887105215076,0.13579319563826406,0.6,0.777059773828756,0.061224489795918366,0.1111111111111111,0.7728706624605678,0.1665773038153417,1924,552,24,36
common_strict,Mus musculus,all,8,PCBert-Kla,0.5,2536,60,2476,0.5909598815293484,0.033926740264575705,0.008380695037970334,0.016666666666666666,0.9890953150242326,0.03571428571428571,0.022727272727272728,0.9660883280757098,0.03266542192441658,2449,27,59,1
common_strict,Mus musculus,all,9,DeepKla,0.5,2536,60,2476,0.6101238556812063,0.03794402237207889,0.05458149484475933,0.4666666666666667,0.6987075928917609,0.03617571059431524,0.0671462829736211,0.693217665615142,0.19985857762814507,1730,746,32,28
common_strict,Mus musculus,all,9,Auto-Kla,0.5,2536,60,2476,0.7183124663435649,0.057322862946774314,0.06859571697667896,0.31666666666666665,0.8473344103392568,0.04785894206549118,0.08315098468271334,0.8347791798107256,0.1450597986750746,2098,378,41,19
common_strict,Mus musculus,all,9,HybridKla,0.5,2536,60,2476,0.7687466343564889,0.07891887105215076,0.13579319563826406,0.6,0.777059773828756,0.061224489795918366,0.1111111111111111,0.7728706624605678,0.1665773038153417,1924,552,24,36
common_strict,Mus musculus,all,9,PCBert-Kla,0.5,2536,60,2476,0.5909598815293484,0.033926740264575705,0.008380695037970334,0.016666666666666666,0.9890953150242326,0.03571428571428571,0.022727272727272728,0.9660883280757098,0.03266542192441658,2449,27,59,1
common_strict,Mus musculus,all,10,DeepKla,0.5,2536,60,2476,0.6101238556812063,0.03794402237207889,0.05458149484475933,0.4666666666666667,0.6987075928917609,0.03617571059431524,0.0671462829736211,0.693217665615142,0.19985857762814507,1730,746,32,28
common_strict,Mus musculus,all,10,Auto-Kla,0.5,2536,60,2476,0.7183124663435649,0.057322862946774314,0.06859571697667896,0.31666666666666665,0.8473344103392568,0.04785894206549118,0.08315098468271334,0.8347791798107256,0.1450597986750746,2098,378,41,19
common_strict,Mus musculus,all,10,HybridKla,0.5,2536,60,2476,0.7687466343564889,0.07891887105215076,0.13579319563826406,0.6,0.777059773828756,0.061224489795918366,0.1111111111111111,0.7728706624605678,0.1665773038153417,1924,552,24,36
common_strict,Mus musculus,all,10,PCBert-Kla,0.5,2536,60,2476,0.5909598815293484,0.033926740264575705,0.008380695037970334,0.016666666666666666,0.9890953150242326,0.03571428571428571,0.022727272727272728,0.9660883280757098,0.03266542192441658,2449,27,59,1
common_strict,Mus musculus,all,11,DeepKla,0.5,2536,60,2476,0.6101238556812063,0.03794402237207889,0.05458149484475933,0.4666666666666667,0.6987075928917609,0.03617571059431524,0.0671462829736211,0.693217665615142,0.19985857762814507,1730,746,32,28
common_strict,Mus musculus,all,11,Auto-Kla,0.5,2536,60,2476,0.7183124663435649,0.057322862946774314,0.06859571697667896,0.31666666666666665,0.8473344103392568,0.04785894206549118,0.08315098468271334,0.8347791798107256,0.1450597986750746,2098,378,41,19
common_strict,Mus musculus,all,11,HybridKla,0.5,2536,60,2476,0.7687466343564889,0.07891887105215076,0.13579319563826406,0.6,0.777059773828756,0.061224489795918366,0.1111111111111111,0.7728706624605678,0.1665773038153417,1924,552,24,36
common_strict,Mus musculus,all,11,PCBert-Kla,0.5,2536,60,2476,0.5909598815293484,0.033926740264575705,0.008380695037970334,0.016666666666666666,0.9890953150242326,0.03571428571428571,0.022727272727272728,0.9660883280757098,0.03266542192441658,2449,27,59,1
common_strict,Mus musculus,all,12,DeepKla,0.5,2536,60,2476,0.6101238556812063,0.03794402237207889,0.05458149484475933,0.4666666666666667,0.6987075928917609,0.03617571059431524,0.0671462829736211,0.693217665615142,0.19985857762814507,1730,746,32,28
common_strict,Mus musculus,all,12,Auto-Kla,0.5,2536,60,2476,0.7183124663435649,0.057322862946774314,0.06859571697667896,0.31666666666666665,0.8473344103392568,0.04785894206549118,0.08315098468271334,0.8347791798107256,0.1450597986750746,2098,378,41,19
common_strict,Mus musculus,all,12,HybridKla,0.5,2536,60,2476,0.7687466343564889,0.07891887105215076,0.13579319563826406,0.6,0.777059773828756,0.061224489795918366,0.1111111111111111,0.7728706624605678,0.1665773038153417,1924,552,24,36
common_strict,Mus musculus,all,12,PCBert-Kla,0.5,2536,60,2476,0.5909598815293484,0.033926740264575705,0.008380695037970334,0.016666666666666666,0.9890953150242326,0.03571428571428571,0.022727272727272728,0.9660883280757098,0.03266542192441658,2449,27,59,1
common_strict,Mus musculus,all,13,DeepKla,0.5,2536,60,2476,0.6101238556812063,0.03794402237207889,0.05458149484475933,0.4666666666666667,0.6987075928917609,0.03617571059431524,0.0671462829736211,0.693217665615142,0.19985857762814507,1730,746,32,28
common_strict,Mus musculus,all,13,Auto-Kla,0.5,2536,60,2476,0.7183124663435649,0.057322862946774314,0.06859571697667896,0.31666666666666665,0.8473344103392568,0.04785894206549118,0.08315098468271334,0.8347791798107256,0.1450597986750746,2098,378,41,19
common_strict,Mus musculus,all,13,HybridKla,0.5,2536,60,2476,0.7687466343564889,0.07891887105215076,0.13579319563826406,0.6,0.777059773828756,0.061224489795918366,0.1111111111111111,0.7728706624605678,0.1665773038153417,1924,552,24,36
common_strict,Mus musculus,all,13,PCBert-Kla,0.5,2536,60,2476,0.5909598815293484,0.033926740264575705,0.008380695037970334,0.016666666666666666,0.9890953150242326,0.03571428571428571,0.022727272727272728,0.9660883280757098,0.03266542192441658,2449,27,59,1
common_strict,Mus musculus,all,14,DeepKla,0.5,2536,60,2476,0.6101238556812063,0.03794402237207889,0.05458149484475933,0.4666666666666667,0.6987075928917609,0.03617571059431524,0.0671462829736211,0.693217665615142,0.19985857762814507,1730,746,32,28
common_strict,Mus musculus,all,14,Auto-Kla,0.5,2536,60,2476,0.7183124663435649,0.057322862946774314,0.06859571697667896,0.31666666666666665,0.8473344103392568,0.04785894206549118,0.08315098468271334,0.8347791798107256,0.1450597986750746,2098,378,41,19
common_strict,Mus musculus,all,14,HybridKla,0.5,2536,60,2476,0.7687466343564889,0.07891887105215076,0.13579319563826406,0.6,0.777059773828756,0.061224489795918366,0.1111111111111111,0.7728706624605678,0.1665773038153417,1924,552,24,36
common_strict,Mus musculus,all,14,PCBert-Kla,0.5,2536,60,2476,0.5909598815293484,0.033926740264575705,0.008380695037970334,0.016666666666666666,0.9890953150242326,0.03571428571428571,0.022727272727272728,0.9660883280757098,0.03266542192441658,2449,27,59,1
common_strict,Mus musculus,all,15,DeepKla,0.5,2536,60,2476,0.6101238556812063,0.03794402237207889,0.05458149484475933,0.4666666666666667,0.6987075928917609,0.03617571059431524,0.0671462829736211,0.693217665615142,0.19985857762814507,1730,746,32,28
common_strict,Mus musculus,all,15,Auto-Kla,0.5,2536,60,2476,0.7183124663435649,0.057322862946774314,0.06859571697667896,0.31666666666666665,0.8473344103392568,0.04785894206549118,0.08315098468271334,0.8347791798107256,0.1450597986750746,2098,378,41,19
common_strict,Mus musculus,all,15,HybridKla,0.5,2536,60,2476,0.7687466343564889,0.07891887105215076,0.13579319563826406,0.6,0.777059773828756,0.061224489795918366,0.1111111111111111,0.7728706624605678,0.1665773038153417,1924,552,24,36
common_strict,Mus musculus,all,15,PCBert-Kla,0.5,2536,60,2476,0.5909598815293484,0.033926740264575705,0.008380695037970334,0.016666666666666666,0.9890953150242326,0.03571428571428571,0.022727272727272728,0.9660883280757098,0.03266542192441658,2449,27,59,1
common_strict,Mus musculus,all,16,DeepKla,0.5,2536,60,2476,0.6101238556812063,0.03794402237207889,0.05458149484475933,0.4666666666666667,0.6987075928917609,0.03617571059431524,0.0671462829736211,0.693217665615142,0.19985857762814507,1730,746,32,28
common_strict,Mus musculus,all,16,Auto-Kla,0.5,2536,60,2476,0.7183124663435649,0.057322862946774314,0.06859571697667896,0.31666666666666665,0.8473344103392568,0.04785894206549118,0.08315098468271334,0.8347791798107256,0.1450597986750746,2098,378,41,19
common_strict,Mus musculus,all,16,HybridKla,0.5,2536,60,2476,0.7687466343564889,0.07891887105215076,0.13579319563826406,0.6,0.777059773828756,0.061224489795918366,0.1111111111111111,0.7728706624605678,0.1665773038153417,1924,552,24,36
common_strict,Mus musculus,all,16,PCBert-Kla,0.5,2536,60,2476,0.5909598815293484,0.033926740264575705,0.008380695037970334,0.016666666666666666,0.9890953150242326,0.03571428571428571,0.022727272727272728,0.9660883280757098,0.03266542192441658,2449,27,59,1
common_strict,Mus musculus,all,17,DeepKla,0.5,2536,60,2476,0.6101238556812063,0.03794402237207889,0.05458149484475933,0.4666666666666667,0.6987075928917609,0.03617571059431524,0.0671462829736211,0.693217665615142,0.19985857762814507,1730,746,32,28
common_strict,Mus musculus,all,17,Auto-Kla,0.5,2536,60,2476,0.7183124663435649,0.057322862946774314,0.06859571697667896,0.31666666666666665,0.8473344103392568,0.04785894206549118,0.08315098468271334,0.8347791798107256,0.1450597986750746,2098,378,41,19
common_strict,Mus musculus,all,17,HybridKla,0.5,2536,60,2476,0.7687466343564889,0.07891887105215076,0.13579319563826406,0.6,0.777059773828756,0.061224489795918366,0.1111111111111111,0.7728706624605678,0.1665773038153417,1924,552,24,36
common_strict,Mus musculus,all,17,PCBert-Kla,0.5,2536,60,2476,0.5909598815293484,0.033926740264575705,0.008380695037970334,0.016666666666666666,0.9890953150242326,0.03571428571428571,0.022727272727272728,0.9660883280757098,0.03266542192441658,2449,27,59,1
common_strict,Mus musculus,all,18,DeepKla,0.5,2536,60,2476,0.6101238556812063,0.03794402237207889,0.05458149484475933,0.4666666666666667,0.6987075928917609,0.03617571059431524,0.0671462829736211,0.693217665615142,0.19985857762814507,1730,746,32,28
common_strict,Mus musculus,all,18,Auto-Kla,0.5,2536,60,2476,0.7183124663435649,0.057322862946774314,0.06859571697667896,0.31666666666666665,0.8473344103392568,0.04785894206549118,0.08315098468271334,0.8347791798107256,0.1450597986750746,2098,378,41,19
common_strict,Mus musculus,all,18,HybridKla,0.5,2536,60,2476,0.7687466343564889,0.07891887105215076,0.13579319563826406,0.6,0.777059773828756,0.061224489795918366,0.1111111111111111,0.7728706624605678,0.1665773038153417,1924,552,24,36
common_strict,Mus musculus,all,18,PCBert-Kla,0.5,2536,60,2476,0.5909598815293484,0.033926740264575705,0.008380695037970334,0.016666666666666666,0.9890953150242326,0.03571428571428571,0.022727272727272728,0.9660883280757098,0.03266542192441658,2449,27,59,1
common_strict,Mus musculus,all,19,DeepKla,0.5,2536,60,2476,0.6101238556812063,0.03794402237207889,0.05458149484475933,0.4666666666666667,0.6987075928917609,0.03617571059431524,0.0671462829736211,0.693217665615142,0.19985857762814507,1730,746,32,28
common_strict,Mus musculus,all,19,Auto-Kla,0.5,2536,60,2476,0.7183124663435649,0.057322862946774314,0.06859571697667896,0.31666666666666665,0.8473344103392568,0.04785894206549118,0.08315098468271334,0.8347791798107256,0.1450597986750746,2098,378,41,19
common_strict,Mus musculus,all,19,HybridKla,0.5,2536,60,2476,0.7687466343564889,0.07891887105215076,0.13579319563826406,0.6,0.777059773828756,0.061224489795918366,0.1111111111111111,0.7728706624605678,0.1665773038153417,1924,552,24,36
common_strict,Mus musculus,all,19,PCBert-Kla,0.5,2536,60,2476,0.5909598815293484,0.033926740264575705,0.008380695037970334,0.016666666666666666,0.9890953150242326,0.03571428571428571,0.022727272727272728,0.9660883280757098,0.03266542192441658,2449,27,59,1
common_strict,Mus musculus,all,20,DeepKla,0.5,2536,60,2476,0.6101238556812063,0.03794402237207889,0.05458149484475933,0.4666666666666667,0.6987075928917609,0.03617571059431524,0.0671462829736211,0.693217665615142,0.19985857762814507,1730,746,32,28
common_strict,Mus musculus,all,20,Auto-Kla,0.5,2536,60,2476,0.7183124663435649,0.057322862946774314,0.06859571697667896,0.31666666666666665,0.8473344103392568,0.04785894206549118,0.08315098468271334,0.8347791798107256,0.1450597986750746,2098,378,41,19
common_strict,Mus musculus,all,20,HybridKla,0.5,2536,60,2476,0.7687466343564889,0.07891887105215076,0.13579319563826406,0.6,0.777059773828756,0.061224489795918366,0.1111111111111111,0.7728706624605678,0.1665773038153417,1924,552,24,36
common_strict,Mus musculus,all,20,PCBert-Kla,0.5,2536,60,2476,0.5909598815293484,0.033926740264575705,0.008380695037970334,0.016666666666666666,0.9890953150242326,0.03571428571428571,0.022727272727272728,0.9660883280757098,0.03266542192441658,2449,27,59,1
common_strict,Mus musculus,all,21,DeepKla,0.5,2536,60,2476,0.6101238556812063,0.03794402237207889,0.05458149484475933,0.4666666666666667,0.6987075928917609,0.03617571059431524,0.0671462829736211,0.693217665615142,0.19985857762814507,1730,746,32,28
common_strict,Mus musculus,all,21,Auto-Kla,0.5,2536,60,2476,0.7183124663435649,0.057322862946774314,0.06859571697667896,0.31666666666666665,0.8473344103392568,0.04785894206549118,0.08315098468271334,0.8347791798107256,0.1450597986750746,2098,378,41,19
common_strict,Mus musculus,all,21,HybridKla,0.5,2536,60,2476,0.7687466343564889,0.07891887105215076,0.13579319563826406,0.6,0.777059773828756,0.061224489795918366,0.1111111111111111,0.7728706624605678,0.1665773038153417,1924,552,24,36
common_strict,Mus musculus,all,21,PCBert-Kla,0.5,2536,60,2476,0.5909598815293484,0.033926740264575705,0.008380695037970334,0.016666666666666666,0.9890953150242326,0.03571428571428571,0.022727272727272728,0.9660883280757098,0.03266542192441658,2449,27,59,1
common_strict,Mus musculus,all,22,DeepKla,0.5,2536,60,2476,0.6101238556812063,0.03794402237207889,0.05458149484475933,0.4666666666666667,0.6987075928917609,0.03617571059431524,0.0671462829736211,0.693217665615142,0.19985857762814507,1730,746,32,28
common_strict,Mus musculus,all,22,Auto-Kla,0.5,2536,60,2476,0.7183124663435649,0.057322862946774314,0.06859571697667896,0.31666666666666665,0.8473344103392568,0.04785894206549118,0.08315098468271334,0.8347791798107256,0.1450597986750746,2098,378,41,19
common_strict,Mus musculus,all,22,HybridKla,0.5,2536,60,2476,0.7687466343564889,0.07891887105215076,0.13579319563826406,0.6,0.777059773828756,0.061224489795918366,0.1111111111111111,0.7728706624605678,0.1665773038153417,1924,552,24,36
common_strict,Mus musculus,all,22,PCBert-Kla,0.5,2536,60,2476,0.5909598815293484,0.033926740264575705,0.008380695037970334,0.016666666666666666,0.9890953150242326,0.03571428571428571,0.022727272727272728,0.9660883280757098,0.03266542192441658,2449,27,59,1
common_strict,Mus musculus,all,23,DeepKla,0.5,2536,60,2476,0.6101238556812063,0.03794402237207889,0.05458149484475933,0.4666666666666667,0.6987075928917609,0.03617571059431524,0.0671462829736211,0.693217665615142,0.19985857762814507,1730,746,32,28
common_strict,Mus musculus,all,23,Auto-Kla,0.5,2536,60,2476,0.7183124663435649,0.057322862946774314,0.06859571697667896,0.31666666666666665,0.8473344103392568,0.04785894206549118,0.08315098468271334,0.8347791798107256,0.1450597986750746,2098,378,41,19
common_strict,Mus musculus,all,23,HybridKla,0.5,2536,60,2476,0.7687466343564889,0.07891887105215076,0.13579319563826406,0.6,0.777059773828756,0.061224489795918366,0.1111111111111111,0.7728706624605678,0.1665773038153417,1924,552,24,36
common_strict,Mus musculus,all,23,PCBert-Kla,0.5,2536,60,2476,0.5909598815293484,0.033926740264575705,0.008380695037970334,0.016666666666666666,0.9890953150242326,0.03571428571428571,0.022727272727272728,0.9660883280757098,0.03266542192441658,2449,27,59,1
common_strict,Mus musculus,all,24,DeepKla,0.5,2536,60,2476,0.6101238556812063,0.03794402237207889,0.05458149484475933,0.4666666666666667,0.6987075928917609,0.03617571059431524,0.0671462829736211,0.693217665615142,0.19985857762814507,1730,746,32,28
common_strict,Mus musculus,all,24,Auto-Kla,0.5,2536,60,2476,0.7183124663435649,0.057322862946774314,0.06859571697667896,0.31666666666666665,0.8473344103392568,0.04785894206549118,0.08315098468271334,0.8347791798107256,0.1450597986750746,2098,378,41,19
common_strict,Mus musculus,all,24,HybridKla,0.5,2536,60,2476,0.7687466343564889,0.07891887105215076,0.13579319563826406,0.6,0.777059773828756,0.061224489795918366,0.1111111111111111,0.7728706624605678,0.1665773038153417,1924,552,24,36
common_strict,Mus musculus,all,24,PCBert-Kla,0.5,2536,60,2476,0.5909598815293484,0.033926740264575705,0.008380695037970334,0.016666666666666666,0.9890953150242326,0.03571428571428571,0.022727272727272728,0.9660883280757098,0.03266542192441658,2449,27,59,1
common_strict,Mus musculus,all,25,DeepKla,0.5,2536,60,2476,0.6101238556812063,0.03794402237207889,0.05458149484475933,0.4666666666666667,0.6987075928917609,0.03617571059431524,0.0671462829736211,0.693217665615142,0.19985857762814507,1730,746,32,28
common_strict,Mus musculus,all,25,Auto-Kla,0.5,2536,60,2476,0.7183124663435649,0.057322862946774314,0.06859571697667896,0.31666666666666665,0.8473344103392568,0.04785894206549118,0.08315098468271334,0.8347791798107256,0.1450597986750746,2098,378,41,19
common_strict,Mus musculus,all,25,HybridKla,0.5,2536,60,2476,0.7687466343564889,0.07891887105215076,0.13579319563826406,0.6,0.777059773828756,0.061224489795918366,0.1111111111111111,0.7728706624605678,0.1665773038153417,1924,552,24,36
common_strict,Mus musculus,all,25,PCBert-Kla,0.5,2536,60,2476,0.5909598815293484,0.033926740264575705,0.008380695037970334,0.016666666666666666,0.9890953150242326,0.03571428571428571,0.022727272727272728,0.9660883280757098,0.03266542192441658,2449,27,59,1
common_strict,Mus musculus,all,26,DeepKla,0.5,2536,60,2476,0.6101238556812063,0.03794402237207889,0.05458149484475933,0.4666666666666667,0.6987075928917609,0.03617571059431524,0.0671462829736211,0.693217665615142,0.19985857762814507,1730,746,32,28
common_strict,Mus musculus,all,26,Auto-Kla,0.5,2536,60,2476,0.7183124663435649,0.057322862946774314,0.06859571697667896,0.31666666666666665,0.8473344103392568,0.04785894206549118,0.08315098468271334,0.8347791798107256,0.1450597986750746,2098,378,41,19
common_strict,Mus musculus,all,26,HybridKla,0.5,2536,60,2476,0.7687466343564889,0.07891887105215076,0.13579319563826406,0.6,0.777059773828756,0.061224489795918366,0.1111111111111111,0.7728706624605678,0.1665773038153417,1924,552,24,36
common_strict,Mus musculus,all,26,PCBert-Kla,0.5,2536,60,2476,0.5909598815293484,0.033926740264575705,0.008380695037970334,0.016666666666666666,0.9890953150242326,0.03571428571428571,0.022727272727272728,0.9660883280757098,0.03266542192441658,2449,27,59,1
common_strict,Mus musculus,all,27,DeepKla,0.5,2536,60,2476,0.6101238556812063,0.03794402237207889,0.05458149484475933,0.4666666666666667,0.6987075928917609,0.03617571059431524,0.0671462829736211,0.693217665615142,0.19985857762814507,1730,746,32,28
common_strict,Mus musculus,all,27,Auto-Kla,0.5,2536,60,2476,0.7183124663435649,0.057322862946774314,0.06859571697667896,0.31666666666666665,0.8473344103392568,0.04785894206549118,0.08315098468271334,0.8347791798107256,0.1450597986750746,2098,378,41,19
common_strict,Mus musculus,all,27,HybridKla,0.5,2536,60,2476,0.7687466343564889,0.07891887105215076,0.13579319563826406,0.6,0.777059773828756,0.061224489795918366,0.1111111111111111,0.7728706624605678,0.1665773038153417,1924,552,24,36
common_strict,Mus musculus,all,27,PCBert-Kla,0.5,2536,60,2476,0.5909598815293484,0.033926740264575705,0.008380695037970334,0.016666666666666666,0.9890953150242326,0.03571428571428571,0.022727272727272728,0.9660883280757098,0.03266542192441658,2449,27,59,1
common_strict,Mus musculus,all,28,DeepKla,0.5,2536,60,2476,0.6101238556812063,0.03794402237207889,0.05458149484475933,0.4666666666666667,0.6987075928917609,0.03617571059431524,0.0671462829736211,0.693217665615142,0.19985857762814507,1730,746,32,28
common_strict,Mus musculus,all,28,Auto-Kla,0.5,2536,60,2476,0.7183124663435649,0.057322862946774314,0.06859571697667896,0.31666666666666665,0.8473344103392568,0.04785894206549118,0.08315098468271334,0.8347791798107256,0.1450597986750746,2098,378,41,19
common_strict,Mus musculus,all,28,HybridKla,0.5,2536,60,2476,0.7687466343564889,0.07891887105215076,0.13579319563826406,0.6,0.777059773828756,0.061224489795918366,0.1111111111111111,0.7728706624605678,0.1665773038153417,1924,552,24,36
common_strict,Mus musculus,all,28,PCBert-Kla,0.5,2536,60,2476,0.5909598815293484,0.033926740264575705,0.008380695037970334,0.016666666666666666,0.9890953150242326,0.03571428571428571,0.022727272727272728,0.9660883280757098,0.03266542192441658,2449,27,59,1
common_strict,Mus musculus,all,29,DeepKla,0.5,2536,60,2476,0.6101238556812063,0.03794402237207889,0.05458149484475933,0.4666666666666667,0.6987075928917609,0.03617571059431524,0.0671462829736211,0.693217665615142,0.19985857762814507,1730,746,32,28
common_strict,Mus musculus,all,29,Auto-Kla,0.5,2536,60,2476,0.7183124663435649,0.057322862946774314,0.06859571697667896,0.31666666666666665,0.8473344103392568,0.04785894206549118,0.08315098468271334,0.8347791798107256,0.1450597986750746,2098,378,41,19
common_strict,Mus musculus,all,29,HybridKla,0.5,2536,60,2476,0.7687466343564889,0.07891887105215076,0.13579319563826406,0.6,0.777059773828756,0.061224489795918366,0.1111111111111111,0.7728706624605678,0.1665773038153417,1924,552,24,36
common_strict,Mus musculus,all,29,PCBert-Kla,0.5,2536,60,2476,0.5909598815293484,0.033926740264575705,0.008380695037970334,0.016666666666666666,0.9890953150242326,0.03571428571428571,0.022727272727272728,0.9660883280757098,0.03266542192441658,2449,27,59,1
common_strict,Rattus norvegicus,1,0,DeepKla,0.5,284,142,142,0.5547510414600277,0.5603034482869922,-0.05224026066462525,0.30985915492957744,0.6408450704225352,0.4631578947368421,0.37130801687763715,0.4753521126760563,0.27060101792638497,91,51,98,44
common_strict,Rattus norvegicus,1,0,Auto-Kla,0.5,284,142,142,0.7482394366197185,0.7225867529569958,0.30483026903752997,0.39436619718309857,0.8732394366197183,0.7567567567567568,0.5185185185185185,0.6338028169014085,0.3393856859305624,124,18,86,56
common_strict,Rattus norvegicus,1,0,HybridKla,0.5,284,142,142,0.7825828208688752,0.7424982905015112,0.4022639748592412,0.5985915492957746,0.795774647887324,0.7456140350877193,0.6640625,0.6971830985915493,0.22880646053448156,113,29,57,85
common_strict,Rattus norvegicus,1,0,PCBert-Kla,0.5,284,142,142,0.6166931164451497,0.6305630134274444,0.09794042137487836,0.035211267605633804,0.9929577464788732,0.8333333333333334,0.06756756756756757,0.5140845070422535,0.4838067553615442,141,1,137,5
common_strict,Rattus norvegicus,1,1,DeepKla,0.5,284,142,142,0.5715135885736957,0.5549353595736688,0.030860669992418384,0.30985915492957744,0.7183098591549296,0.5238095238095238,0.3893805309734514,0.5140845070422535,0.2682802463107734,102,40,98,44
common_strict,Rattus norvegicus,1,1,Auto-Kla,0.5,284,142,142,0.7478426899424718,0.707542703554928,0.29552753361742257,0.39436619718309857,0.8661971830985915,0.7466666666666667,0.5161290322580645,0.6302816901408451,0.33685938472246035,123,19,86,56
common_strict,Rattus norvegicus,1,1,HybridKla,0.5,284,142,142,0.7912120610989882,0.7760676027453295,0.4416696546961579,0.5985915492957746,0.8309859154929577,0.7798165137614679,0.6772908366533864,0.7147887323943662,0.21978145570563143,118,24,57,85
common_strict,Rattus norvegicus,1,1,PCBert-Kla,0.5,284,142,142,0.6165939297758382,0.642460874567605,0.09794042137487836,0.035211267605633804,0.9929577464788732,0.8333333333333334,0.06756756756756757,0.5140845070422535,0.4838083419537441,141,1,137,5
common_strict,Rattus norvegicus,1,2,DeepKla,0.5,284,142,142,0.5775143820670502,0.5611121145756756,0.07072159278694831,0.30985915492957744,0.7535211267605634,0.5569620253164557,0.39819004524886875,0.5316901408450704,0.265972028312547,107,35,98,44
common_strict,Rattus norvegicus,1,2,Auto-Kla,0.5,284,142,142,0.7244594326522515,0.6883585863581454,0.2330980518212437,0.39436619718309857,0.8169014084507042,0.6829268292682927,0.5,0.6056338028169014,0.3538376575319869,116,26,86,56
common_strict,Rattus norvegicus,1,2,HybridKla,0.5,284,142,142,0.7672584804602262,0.7518025419921059,0.4022639748592412,0.5985915492957746,0.795774647887324,0.7456140350877193,0.6640625,0.6971830985915493,0.23357607689482243,113,29,57,85
common_strict,Rattus norvegicus,1,2,PCBert-Kla,0.5,284,142,142,0.5946240825233089,0.5967546903946105,0.0681290526755152,0.035211267605633804,0.9859154929577465,0.7142857142857143,0.06711409395973156,0.5105633802816901,0.48550475003850113,140,2,137,5
common_strict,Rattus norvegicus,1,3,DeepKla,0.5,284,142,142,0.5684883951596905,0.5700027565662348,0.07072159278694831,0.30985915492957744,0.7535211267605634,0.5569620253164557,0.39819004524886875,0.5316901408450704,0.265104326350401,107,35,98,44
common_strict,Rattus norvegicus,1,3,Auto-Kla,0.5,284,142,142,0.7034566554255108,0.6533494716966217,0.2160246899469287,0.39436619718309857,0.8028169014084507,0.6666666666666666,0.495575221238938,0.5985915492957746,0.367460933275983,114,28,86,56
common_strict,Rattus norvegicus,1,3,HybridKla,0.5,284,142,142,0.7735568339615156,0.7481124349077316,0.3945212650247481,0.5985915492957746,0.7887323943661971,0.7391304347826086,0.6614785992217898,0.6936619718309859,0.23667612428530785,112,30,57,85
common_strict,Rattus norvegicus,1,3,PCBert-Kla,0.5,284,142,142,0.5939793691727832,0.608360375060629,0.0681290526755152,0.035211267605633804,0.9859154929577465,0.7142857142857143,0.06711409395973156,0.5105633802816901,0.48488052668914444,140,2,137,5
common_strict,Rattus norvegicus,1,4,DeepKla,0.5,284,142,142,0.567794088474509,0.5589087495143843,0.06262242910851495,0.30985915492957744,0.7464788732394366,0.55,0.39639639639639634,0.528169014084507,0.268032165497602,106,36,98,44
common_strict,Rattus norvegicus,1,4,Auto-Kla,0.5,284,142,142,0.7108708589565563,0.6439856955995711,0.25931250688547713,0.39436619718309857,0.8380281690140845,0.7088607594936709,0.5067873303167421,0.6161971830985915,0.3622763370476353,119,23,86,56
common_strict,Rattus norvegicus,1,4,HybridKla,0.5,284,142,142,0.7627950803412021,0.7440996759623937,0.3791619107217887,0.5985915492957746,0.7746478873239436,0.7264957264957265,0.6563706563706564,0.6866197183098591,0.2344438864058744,110,32,57,85
common_strict,Rattus norvegicus,1,4,PCBert-Kla,0.5,284,142,142,0.5837631422336839,0.5746440190522849,0.02010075630518424,0.035211267605633804,0.971830985915493,0.5555555555555556,0.06622516556291391,0.5035211267605634,0.4934783075800728,138,4,137,5
common_strict,Rattus norvegicus,1,5,DeepKla,0.5,284,142,142,0.585647688950605,0.5708948805928513,0.08712888369565554,0.30985915492957744,0.7676056338028169,0.5714285714285714,0.40182648401826476,0.5387323943661971,0.2637753218221171,109,33,98,44
common_strict,Rattus norvegicus,1,5,Auto-Kla,0.5,284,142,142,0.7253273160087285,0.6681457846919172,0.22452304472890516,0.39436619718309857,0.8098591549295775,0.6746987951807228,0.4977777777777777,0.602112676056338,0.36801006880869513,115,27,86,56
common_strict,Rattus norvegicus,1,5,HybridKla,0.5,284,142,142,0.7622991469946439,0.7435087900082453,0.3489069277219083,0.5985915492957746,0.7464788732394366,0.7024793388429752,0.6463878326996197,0.6725352112676056,0.2423606592637124,106,36,57,85
common_strict,Rattus norvegicus,1,5,PCBert-Kla,0.5,284,142,142,0.6029557627454871,0.5963874558882031,0.0681290526755152,0.035211267605633804,0.9859154929577465,0.7142857142857143,0.06711409395973156,0.5105633802816901,0.4854429456195877,140,2,137,5
common_strict,Rattus norvegicus,1,6,DeepKla,0.5,284,142,142,0.5452787145407658,0.5468261147020946,0.015326682995723429,0.30985915492957744,0.704225352112676,0.5116279069767442,0.3859649122807017,0.5070422535211268,0.2723902480284253,100,42,98,44
common_strict,Rattus norvegicus,1,6,Auto-Kla,0.5,284,142,142,0.6784368180916486,0.6605460487746146,0.20760019786102363,0.39436619718309857,0.795774647887324,0.6588235294117647,0.49339207048458145,0.5950704225352113,0.37086363931246846,113,29,86,56
common_strict,Rattus norvegicus,1,6,HybridKla,0.5,284,142,142,0.797708787938901,0.7687708877119307,0.42576256212640556,0.5985915492957746,0.8169014084507042,0.7657657657657657,0.6719367588932805,0.7077464788732394,0.2212612566214174,116,26,57,85
common_strict,Rattus norvegicus,1,6,PCBert-Kla,0.5,284,142,142,0.6381670303511209,0.6620262847965463,0.13386988815041648,0.035211267605633804,1.0,1.0,0.06802721088435375,0.5176056338028169,0.4803259390496155,142,0,137,5
common_strict,Rattus norvegicus,1,7,DeepKla,0.5,284,142,142,0.5730509819480263,0.5658781422833072,0.06262242910851495,0.30985915492957744,0.7464788732394366,0.55,0.39639639639639634,0.528169014084507,0.2664760884909155,106,36,98,44
common_strict,Rattus norvegicus,1,7,Auto-Kla,0.5,284,142,142,0.6845120015869868,0.6569993204698839,0.2160246899469287,0.39436619718309857,0.8028169014084507,0.6666666666666666,0.495575221238938,0.5985915492957746,0.36204835888049364,114,28,86,56
common_strict,Rattus norvegicus,1,7,HybridKla,0.5,284,142,142,0.7483138266217021,0.7366617055347933,0.36396089414596794,0.5985915492957746,0.7605633802816901,0.7142857142857143,0.6513409961685823,0.6795774647887324,0.24271187441602518,108,34,57,85
common_strict,Rattus norvegicus,1,7,PCBert-Kla,0.5,284,142,142,0.5689843285062488,0.5577739372261175,0.02010075630518424,0.035211267605633804,0.971830985915493,0.5555555555555556,0.06622516556291391,0.5035211267605634,0.4936423138272529,138,4,137,5
common_strict,Rattus norvegicus,1,8,DeepKla,0.5,284,142,142,0.5554949414798651,0.5501976184491391,0.023066688651224847,0.30985915492957744,0.7112676056338029,0.5176470588235295,0.3876651982378855,0.5105633802816901,0.27053438191838963,101,41,98,44
common_strict,Rattus norvegicus,1,8,Auto-Kla,0.5,284,142,142,0.7170452291212062,0.6945189642839311,0.2160246899469287,0.39436619718309857,0.8028169014084507,0.6666666666666666,0.495575221238938,0.5985915492957746,0.3637284919542174,114,28,86,56
common_strict,Rattus norvegicus,1,8,HybridKla,0.5,284,142,142,0.8212160285657607,0.8024486270612877,0.4907009546722615,0.5985915492957746,0.8732394366197183,0.8252427184466019,0.6938775510204082,0.7359154929577465,0.20770288960221037,124,18,57,85
common_strict,Rattus norvegicus,1,8,PCBert-Kla,0.5,284,142,142,0.5826720888712558,0.5766271115622175,0.04256282653793743,0.035211267605633804,0.9788732394366197,0.625,0.06666666666666668,0.5070422535211268,0.4896235885079288,139,3,137,5
common_strict,Rattus norvegicus,1,9,DeepKla,0.5,284,142,142,0.5317397341797263,0.5332163792686303,-0.03751559566109376,0.30985915492957744,0.6549295774647887,0.4731182795698925,0.3744680851063829,0.4823943661971831,0.27745724234559055,93,49,98,44
common_strict,Rattus norvegicus,1,9,Auto-Kla,0.5,284,142,142,0.6960672485617934,0.6480557475276849,0.19924687894440457,0.39436619718309857,0.7887323943661971,0.6511627906976745,0.4912280701754386,0.5915492957746479,0.3657187501042604,112,30,86,56
common_strict,Rattus norvegicus,1,9,HybridKla,0.5,284,142,142,0.7493552866494743,0.7235402901700156,0.3265780546920623,0.5985915492957746,0.7253521126760564,0.6854838709677419,0.6390977443609023,0.6619718309859155,0.24399485752710603,103,39,57,85
common_strict,Rattus norvegicus,1,9,PCBert-Kla,0.5,284,142,142,0.5938801825034715,0.6246503836409074,0.13386988815041648,0.035211267605633804,1.0,1.0,0.06802721088435375,0.5176056338028169,0.48035820955659375,142,0,137,5
common_strict,Rattus norvegicus,1,10,DeepKla,0.5,284,142,142,0.5570323348541956,0.5463097067602187,0.038710869780845716,0.30985915492957744,0.7253521126760564,0.5301204819277109,0.39111111111111113,0.5176056338028169,0.2717901528550423,103,39,98,44
common_strict,Rattus norvegicus,1,10,Auto-Kla,0.5,284,142,142,0.6901656417377504,0.6418096373300552,0.22452304472890516,0.39436619718309857,0.8098591549295775,0.6746987951807228,0.4977777777777777,0.602112676056338,0.36718080959799293,115,27,86,56
common_strict,Rattus norvegicus,1,10,HybridKla,0.5,284,142,142,0.7340309462408251,0.6873388845304238,0.33398915437346943,0.5985915492957746,0.7323943661971831,0.6910569105691057,0.6415094339622641,0.6654929577464789,0.2543823273860376,104,38,57,85
common_strict,Rattus norvegicus,1,10,PCBert-Kla,0.5,284,142,142,0.625272763340607,0.621022698461063,0.09794042137487836,0.035211267605633804,0.9929577464788732,0.8333333333333334,0.06756756756756757,0.5140845070422535,0.4816248658146569,141,1,137,5
common_strict,Rattus norvegicus,1,11,DeepKla,0.5,284,142,142,0.5599087482642333,0.5521041436869992,0.030860669992418384,0.30985915492957744,0.7183098591549296,0.5238095238095238,0.3893805309734514,0.5140845070422535,0.2701190702783397,102,40,98,44
common_strict,Rattus norvegicus,1,11,Auto-Kla,0.5,284,142,142,0.7528268200753819,0.7203790344272969,0.2682242289443306,0.39436619718309857,0.8450704225352113,0.717948717948718,0.509090909090909,0.6197183098591549,0.34272186989304004,120,22,86,56
common_strict,Rattus norvegicus,1,11,HybridKla,0.5,284,142,142,0.7541658401110891,0.7277472416187937,0.3791619107217887,0.5985915492957746,0.7746478873239436,0.7264957264957265,0.6563706563706564,0.6866197183098591,0.2399374819725281,110,32,57,85
common_strict,Rattus norvegicus,1,11,PCBert-Kla,0.5,284,142,142,0.5877306090061496,0.5934027030669221,0.0681290526755152,0.035211267605633804,0.9859154929577465,0.7142857142857143,0.06711409395973156,0.5105633802816901,0.4865414644845562,140,2,137,5
common_strict,Rattus norvegicus,1,12,DeepKla,0.5,284,142,142,0.5473616345963103,0.5623343702117545,0.06262242910851495,0.30985915492957744,0.7464788732394366,0.55,0.39639639639639634,0.528169014084507,0.2693811065303074,106,36,98,44
common_strict,Rattus norvegicus,1,12,Auto-Kla,0.5,284,142,142,0.7375520730013886,0.7040386743090664,0.2504897164340598,0.39436619718309857,0.8309859154929577,0.7,0.5045045045045045,0.6126760563380281,0.35438275329700736,118,24,86,56
common_strict,Rattus norvegicus,1,12,HybridKla,0.5,284,142,142,0.787938901011704,0.7688779800029848,0.4022639748592412,0.5985915492957746,0.795774647887324,0.7456140350877193,0.6640625,0.6971830985915493,0.2201128717721981,113,29,57,85
common_strict,Rattus norvegicus,1,12,PCBert-Kla,0.5,284,142,142,0.602658202737552,0.5877237433071212,0.02010075630518424,0.035211267605633804,0.971830985915493,0.5555555555555556,0.06622516556291391,0.5035211267605634,0.49146501873425896,138,4,137,5
common_strict,Rattus norvegicus,1,13,DeepKla,0.5,284,142,142,0.5762249553659988,0.5747121145268391,0.038710869780845716,0.30985915492957744,0.7253521126760564,0.5301204819277109,0.39111111111111113,0.5176056338028169,0.26450963762368424,103,39,98,44
common_strict,Rattus norvegicus,1,13,Auto-Kla,0.5,284,142,142,0.6873884149970244,0.6416884117034474,0.19924687894440457,0.39436619718309857,0.7887323943661971,0.6511627906976745,0.4912280701754386,0.5915492957746479,0.3768834484417535,112,30,86,56
common_strict,Rattus norvegicus,1,13,HybridKla,0.5,284,142,142,0.7670601071216029,0.7311221690530808,0.3868210721663456,0.5985915492957746,0.7816901408450704,0.7327586206896551,0.6589147286821706,0.6901408450704225,0.23173086644966887,111,31,57,85
common_strict,Rattus norvegicus,1,13,PCBert-Kla,0.5,284,142,142,0.5699266018647094,0.5730411691115791,0.0681290526755152,0.035211267605633804,0.9859154929577465,0.7142857142857143,0.06711409395973156,0.5105633802816901,0.48593268614464485,140,2,137,5
common_strict,Rattus norvegicus,1,14,DeepKla,0.5,284,142,142,0.5319877008530054,0.5284641698969167,0.0,0.30985915492957744,0.6901408450704225,0.5,0.38260869565217387,0.5,0.2777879832364643,98,44,98,44
common_strict,Rattus norvegicus,1,14,Auto-Kla,0.5,284,142,142,0.7129785756794287,0.6825886711440148,0.25931250688547713,0.39436619718309857,0.8380281690140845,0.7088607594936709,0.5067873303167421,0.6161971830985915,0.3511850078647983,119,23,86,56
common_strict,Rattus norvegicus,1,14,HybridKla,0.5,284,142,142,0.7801031541360841,0.7574665600184944,0.37154232628951894,0.5985915492957746,0.7676056338028169,0.7203389830508474,0.6538461538461537,0.6830985915492958,0.23003149294379735,109,33,57,85
common_strict,Rattus norvegicus,1,14,PCBert-Kla,0.5,284,142,142,0.6114858163062884,0.5989413343670216,0.04256282653793743,0.035211267605633804,0.9788732394366197,0.625,0.06666666666666668,0.5070422535211268,0.4910751605155737,139,3,137,5
common_strict,Rattus norvegicus,1,15,DeepKla,0.5,284,142,142,0.5632810950208292,0.5548841661169247,0.030860669992418384,0.30985915492957744,0.7183098591549296,0.5238095238095238,0.3893805309734514,0.5140845070422535,0.26950627483930184,102,40,98,44
common_strict,Rattus norvegicus,1,15,Auto-Kla,0.5,284,142,142,0.7565463201745685,0.7184224235842465,0.29552753361742257,0.39436619718309857,0.8661971830985915,0.7466666666666667,0.5161290322580645,0.6302816901408451,0.33940593185705636,123,19,86,56
common_strict,Rattus norvegicus,1,15,HybridKla,0.5,284,142,142,0.8052469748065859,0.7965625338070869,0.4577854945334412,0.5985915492957746,0.8450704225352113,0.794392523364486,0.6827309236947791,0.721830985915493,0.21206484169953757,120,22,57,85
common_strict,Rattus norvegicus,1,15,PCBert-Kla,0.5,284,142,142,0.5970045625867884,0.5815060581953503,0.09794042137487836,0.035211267605633804,0.9929577464788732,0.8333333333333334,0.06756756756756757,0.5140845070422535,0.4843215278012328,141,1,137,5
common_strict,Rattus norvegicus,1,16,DeepKla,0.5,284,142,142,0.6062785161674271,0.6045762949114053,0.13823879684822027,0.30985915492957744,0.8098591549295775,0.6197183098591549,0.4131455399061033,0.5598591549295775,0.2579214664138245,115,27,98,44
common_strict,Rattus norvegicus,1,16,Auto-Kla,0.5,284,142,142,0.7030847054155921,0.6713675507342063,0.20760019786102363,0.39436619718309857,0.795774647887324,0.6588235294117647,0.49339207048458145,0.5950704225352113,0.3607066367862313,113,29,86,56
common_strict,Rattus norvegicus,1,16,HybridKla,0.5,284,142,142,0.80971037492561,0.7934384726704615,0.4336908741196555,0.5985915492957746,0.823943661971831,0.7727272727272727,0.6746031746031745,0.7112676056338029,0.21766922978367667,117,25,57,85
common_strict,Rattus norvegicus,1,16,PCBert-Kla,0.5,284,142,142,0.6024598293989288,0.5928289285915392,0.13386988815041648,0.035211267605633804,1.0,1.0,0.06802721088435375,0.5176056338028169,0.481079773153057,142,0,137,5
common_strict,Rattus norvegicus,1,17,DeepKla,0.5,284,142,142,0.5263340607022416,0.5436381041530708,-0.015135886972883327,0.30985915492957744,0.676056338028169,0.4888888888888889,0.3793103448275862,0.49295774647887325,0.27678593635505805,96,46,98,44
common_strict,Rattus norvegicus,1,17,Auto-Kla,0.5,284,142,142,0.7051180321364809,0.6552627792474179,0.19924687894440457,0.39436619718309857,0.7887323943661971,0.6511627906976745,0.4912280701754386,0.5915492957746479,0.37220577302339897,112,30,86,56
common_strict,Rattus norvegicus,1,17,HybridKla,0.5,284,142,142,0.7856080142828803,0.773207464361373,0.41788305283557037,0.5985915492957746,0.8098591549295775,0.7589285714285714,0.6692913385826771,0.704225352112676,0.22229464490750245,115,27,57,85
common_strict,Rattus norvegicus,1,17,PCBert-Kla,0.5,284,142,142,0.5933842491569133,0.5797461104022912,0.04256282653793743,0.035211267605633804,0.9788732394366197,0.625,0.06666666666666668,0.5070422535211268,0.49076252001553994,139,3,137,5
common_strict,Rattus norvegicus,1,18,DeepKla,0.5,284,142,142,0.5611981749652848,0.558330973478027,0.015326682995723429,0.30985915492957744,0.704225352112676,0.5116279069767442,0.3859649122807017,0.5070422535211268,0.2699985104231737,100,42,98,44
common_strict,Rattus norvegicus,1,18,Auto-Kla,0.5,284,142,142,0.7483882166236857,0.7214508238680717,0.2863281433391,0.39436619718309857,0.8591549295774648,0.7368421052631579,0.5137614678899082,0.6267605633802817,0.34144332059737315,122,20,86,56
common_strict,Rattus norvegicus,1,18,HybridKla,0.5,284,142,142,0.8059412814917675,0.7755962523835731,0.42576256212640556,0.5985915492957746,0.8169014084507042,0.7657657657657657,0.6719367588932805,0.7077464788732394,0.22053445536404345,116,26,57,85
common_strict,Rattus norvegicus,1,18,PCBert-Kla,0.5,284,142,142,0.5813826621702044,0.5839611939741521,0.0681290526755152,0.035211267605633804,0.9859154929577465,0.7142857142857143,0.06711409395973156,0.5105633802816901,0.4872419202486818,140,2,137,5
common_strict,Rattus norvegicus,1,19,DeepKla,0.5,284,142,142,0.5762249553659988,0.5887383436841442,0.09544271444636666,0.30985915492957744,0.7746478873239436,0.5789473684210527,0.40366972477064217,0.5422535211267606,0.2623458651439456,110,32,98,44
common_strict,Rattus norvegicus,1,19,Auto-Kla,0.5,284,142,142,0.6923229517952788,0.6581979612097452,0.22452304472890516,0.39436619718309857,0.8098591549295775,0.6746987951807228,0.4977777777777777,0.602112676056338,0.36367513583723643,115,27,86,56
common_strict,Rattus norvegicus,1,19,HybridKla,0.5,284,142,142,0.7496528466574092,0.7174279595090202,0.36396089414596794,0.5985915492957746,0.7605633802816901,0.7142857142857143,0.6513409961685823,0.6795774647887324,0.24177529315408988,108,34,57,85
common_strict,Rattus norvegicus,1,19,PCBert-Kla,0.5,284,142,142,0.5986907359650864,0.5854311219456465,0.0681290526755152,0.035211267605633804,0.9859154929577465,0.7142857142857143,0.06711409395973156,0.5105633802816901,0.4875968877105728,140,2,137,5
common_strict,Rattus norvegicus,1,20,DeepKla,0.5,284,142,142,0.5925411624677643,0.5702652352934053,0.07888947910127371,0.30985915492957744,0.7605633802816901,0.5641025641025641,0.39999999999999997,0.5352112676056338,0.2647480932440321,108,34,98,44
common_strict,Rattus norvegicus,1,20,Auto-Kla,0.5,284,142,142,0.7093334655822259,0.6518473649620915,0.2504897164340598,0.39436619718309857,0.8309859154929577,0.7,0.5045045045045045,0.6126760563380281,0.3592885777600407,118,24,86,56
common_strict,Rattus norvegicus,1,20,HybridKla,0.5,284,142,142,0.7672088871255702,0.7423826983683031,0.36396089414596794,0.5985915492957746,0.7605633802816901,0.7142857142857143,0.6513409961685823,0.6795774647887324,0.2363550936013783,108,34,57,85
common_strict,Rattus norvegicus,1,20,PCBert-Kla,0.5,284,142,142,0.5823249355286649,0.5909319656890064,0.13386988815041648,0.035211267605633804,1.0,1.0,0.06802721088435375,0.5176056338028169,0.4809135016934986,142,0,137,5
common_strict,Rattus norvegicus,1,21,DeepKla,0.5,284,142,142,0.615254909740131,0.6341718707666871,0.15599469367795538,0.30985915492957744,0.823943661971831,0.6376811594202898,0.4170616113744075,0.5669014084507042,0.2528188244626433,117,25,98,44
common_strict,Rattus norvegicus,1,21,Auto-Kla,0.5,284,142,142,0.7193017258480461,0.6684209087728217,0.24175260662946102,0.39436619718309857,0.823943661971831,0.691358024691358,0.5022421524663677,0.6091549295774648,0.35773727158666435,117,25,86,56
common_strict,Rattus norvegicus,1,21,HybridKla,0.5,284,142,142,0.7638861337036302,0.7279438257005905,0.3791619107217887,0.5985915492957746,0.7746478873239436,0.7264957264957265,0.6563706563706564,0.6866197183098591,0.23580194337300242,110,32,57,85
common_strict,Rattus norvegicus,1,21,PCBert-Kla,0.5,284,142,142,0.5934338424915692,0.6189205097052106,0.09794042137487836,0.035211267605633804,0.9929577464788732,0.8333333333333334,0.06756756756756757,0.5140845070422535,0.48209728449378797,141,1,137,5
common_strict,Rattus norvegicus,1,22,DeepKla,0.5,284,142,142,0.5377901210077365,0.533265981697365,-0.007590802483228204,0.30985915492957744,0.6830985915492958,0.4943820224719101,0.380952380952381,0.4964788732394366,0.2765857607371115,97,45,98,44
common_strict,Rattus norvegicus,1,22,Auto-Kla,0.5,284,142,142,0.7228228526086095,0.681193812285606,0.2330980518212437,0.39436619718309857,0.8169014084507042,0.6829268292682927,0.5,0.6056338028169014,0.3588879736279703,116,26,86,56
common_strict,Rattus norvegicus,1,22,HybridKla,0.5,284,142,142,0.7635389803610395,0.7362856578661929,0.3868210721663456,0.5985915492957746,0.7816901408450704,0.7327586206896551,0.6589147286821706,0.6901408450704225,0.23515611578949186,111,31,57,85
common_strict,Rattus norvegicus,1,22,PCBert-Kla,0.5,284,142,142,0.606873636183297,0.6034017085831901,0.04256282653793743,0.035211267605633804,0.9788732394366197,0.625,0.06666666666666668,0.5070422535211268,0.48931465320223105,139,3,137,5
common_strict,Rattus norvegicus,1,23,DeepKla,0.5,284,142,142,0.5469648879190636,0.5385524746291412,0.0076384855362252885,0.30985915492957744,0.6971830985915493,0.5057471264367817,0.3842794759825327,0.5035211267605634,0.2740041189172254,99,43,98,44
common_strict,Rattus norvegicus,1,23,Auto-Kla,0.5,284,142,142,0.7097798055941281,0.6571914573368353,0.22452304472890516,0.39436619718309857,0.8098591549295775,0.6746987951807228,0.4977777777777777,0.602112676056338,0.3654712284041525,115,27,86,56
common_strict,Rattus norvegicus,1,23,HybridKla,0.5,284,142,142,0.7675560404681611,0.7593597196660213,0.4100507199363927,0.5985915492957746,0.8028169014084507,0.7522123893805309,0.6666666666666666,0.7007042253521126,0.22612226235095645,114,28,57,85
common_strict,Rattus norvegicus,1,23,PCBert-Kla,0.5,284,142,142,0.5693810751834953,0.6003214731310206,0.09794042137487836,0.035211267605633804,0.9929577464788732,0.8333333333333334,0.06756756756756757,0.5140845070422535,0.48135833230441316,141,1,137,5
common_strict,Rattus norvegicus,1,24,DeepKla,0.5,284,142,142,0.6141142630430471,0.6052463118275788,0.12086167293620421,0.30985915492957744,0.795774647887324,0.6027397260273972,0.4093023255813953,0.5528169014084507,0.25680122767893204,113,29,98,44
common_strict,Rattus norvegicus,1,24,Auto-Kla,0.5,284,142,142,0.6784864114263043,0.6446648382051337,0.2160246899469287,0.39436619718309857,0.8028169014084507,0.6666666666666666,0.495575221238938,0.5985915492957746,0.3732304792576649,114,28,86,56
common_strict,Rattus norvegicus,1,24,HybridKla,0.5,284,142,142,0.7775243007339813,0.7506189748391132,0.4336908741196555,0.5985915492957746,0.823943661971831,0.7727272727272727,0.6746031746031745,0.7112676056338029,0.22479127960090473,117,25,57,85
common_strict,Rattus norvegicus,1,24,PCBert-Kla,0.5,284,142,142,0.6147589763935728,0.630637217304211,0.13386988815041648,0.035211267605633804,1.0,1.0,0.06802721088435375,0.5176056338028169,0.48032516341456727,142,0,137,5
common_strict,Rattus norvegicus,1,25,DeepKla,0.5,284,142,142,0.5944257091846856,0.5767388888520193,0.07072159278694831,0.30985915492957744,0.7535211267605634,0.5569620253164557,0.39819004524886875,0.5316901408450704,0.26305641507421157,107,35,98,44
common_strict,Rattus norvegicus,1,25,Auto-Kla,0.5,284,142,142,0.6793542947827812,0.662620232311897,0.2160246899469287,0.39436619718309857,0.8028169014084507,0.6666666666666666,0.495575221238938,0.5985915492957746,0.36724273707355876,114,28,86,56
common_strict,Rattus norvegicus,1,25,HybridKla,0.5,284,142,142,0.771473913905971,0.7391741205812297,0.4100507199363927,0.5985915492957746,0.8028169014084507,0.7522123893805309,0.6666666666666666,0.7007042253521126,0.23190661968245738,114,28,57,85
common_strict,Rattus norvegicus,1,25,PCBert-Kla,0.5,284,142,142,0.6015175560404682,0.6051356904011898,0.09794042137487836,0.035211267605633804,0.9929577464788732,0.8333333333333334,0.06756756756756757,0.5140845070422535,0.48373688730436865,141,1,137,5
common_strict,Rattus norvegicus,1,26,DeepKla,0.5,284,142,142,0.5542055147788137,0.5518404665721289,0.07888947910127371,0.30985915492957744,0.7605633802816901,0.5641025641025641,0.39999999999999997,0.5352112676056338,0.268526545754777,108,34,98,44
common_strict,Rattus norvegicus,1,26,Auto-Kla,0.5,284,142,142,0.7354691529458441,0.6981715561025654,0.27722826630435854,0.39436619718309857,0.852112676056338,0.7272727272727273,0.5114155251141553,0.6232394366197183,0.3453339241258817,121,21,86,56
common_strict,Rattus norvegicus,1,26,HybridKla,0.5,284,142,142,0.7927494544733188,0.7622716359583188,0.4022639748592412,0.5985915492957746,0.795774647887324,0.7456140350877193,0.6640625,0.6971830985915493,0.22771223420811473,113,29,57,85
common_strict,Rattus norvegicus,1,26,PCBert-Kla,0.5,284,142,142,0.6111882562983535,0.6415768760714101,0.13386988815041648,0.035211267605633804,1.0,1.0,0.06802721088435375,0.5176056338028169,0.4803232201605179,142,0,137,5
common_strict,Rattus norvegicus,1,27,DeepKla,0.5,284,142,142,0.5673973417972624,0.5473038145437672,0.038710869780845716,0.30985915492957744,0.7253521126760564,0.5301204819277109,0.39111111111111113,0.5176056338028169,0.27019463068414507,103,39,98,44
common_strict,Rattus norvegicus,1,27,Auto-Kla,0.5,284,142,142,0.7141440190438405,0.6644423418584597,0.2504897164340598,0.39436619718309857,0.8309859154929577,0.7,0.5045045045045045,0.6126760563380281,0.35697589090395065,118,24,86,56
common_strict,Rattus norvegicus,1,27,HybridKla,0.5,284,142,142,0.744147986510613,0.7104358036705618,0.36396089414596794,0.5985915492957746,0.7605633802816901,0.7142857142857143,0.6513409961685823,0.6795774647887324,0.246929011902866,108,34,57,85
common_strict,Rattus norvegicus,1,27,PCBert-Kla,0.5,284,142,142,0.6118329696488792,0.6303084039051376,0.13386988815041648,0.035211267605633804,1.0,1.0,0.06802721088435375,0.5176056338028169,0.4805258352847484,142,0,137,5
common_strict,Rattus norvegicus,1,28,DeepKla,0.5,284,142,142,0.5635290616941083,0.5455734660335398,0.023066688651224847,0.30985915492957744,0.7112676056338029,0.5176470588235295,0.3876651982378855,0.5105633802816901,0.27144918196788526,101,41,98,44
common_strict,Rattus norvegicus,1,28,Auto-Kla,0.5,284,142,142,0.7631918270184488,0.736303511999713,0.29552753361742257,0.39436619718309857,0.8661971830985915,0.7466666666666667,0.5161290322580645,0.6302816901408451,0.33275956829786907,123,19,86,56
common_strict,Rattus norvegicus,1,28,HybridKla,0.5,284,142,142,0.8060404681610792,0.7803811668772888,0.4416696546961579,0.5985915492957746,0.8309859154929577,0.7798165137614679,0.6772908366533864,0.7147887323943662,0.21755174273050093,118,24,57,85
common_strict,Rattus norvegicus,1,28,PCBert-Kla,0.5,284,142,142,0.6197679031938107,0.5963528860126656,0.02010075630518424,0.035211267605633804,0.971830985915493,0.5555555555555556,0.06622516556291391,0.5035211267605634,0.49352232355796194,138,4,137,5
common_strict,Rattus norvegicus,1,29,DeepKla,0.5,284,142,142,0.5671989684586392,0.5665733676897612,0.07888947910127371,0.30985915492957744,0.7605633802816901,0.5641025641025641,0.39999999999999997,0.5352112676056338,0.2664788248100912,108,34,98,44
common_strict,Rattus norvegicus,1,29,Auto-Kla,0.5,284,142,142,0.7100277722674072,0.6787287840426903,0.2330980518212437,0.39436619718309857,0.8169014084507042,0.6829268292682927,0.5,0.6056338028169014,0.35946956023240473,116,26,86,56
common_strict,Rattus norvegicus,1,29,HybridKla,0.5,284,142,142,0.7540170601071216,0.7250821340174064,0.36396089414596794,0.5985915492957746,0.7605633802816901,0.7142857142857143,0.6513409961685823,0.6795774647887324,0.2482588882843879,108,34,57,85
common_strict,Rattus norvegicus,1,29,PCBert-Kla,0.5,284,142,142,0.614114263043047,0.5938163035383216,0.04256282653793743,0.035211267605633804,0.9788732394366197,0.625,0.06666666666666668,0.5070422535211268,0.4883329349871731,139,3,137,5
common_strict,Rattus norvegicus,5,0,DeepKla,0.5,852,142,710,0.5707994445546518,0.21459482542618763,0.04020081007535029,0.30985915492957744,0.7380281690140845,0.19130434782608696,0.23655913978494622,0.6666666666666666,0.20728747504268077,524,186,98,44
common_strict,Rattus norvegicus,5,0,Auto-Kla,0.5,852,142,710,0.7228724459432653,0.3151432813889371,0.22163665540145625,0.39436619718309857,0.8422535211267606,0.3333333333333333,0.36129032258064514,0.7676056338028169,0.20991601485074718,598,112,86,56
common_strict,Rattus norvegicus,5,0,HybridKla,0.5,852,142,710,0.7962507439000199,0.43031962781953303,0.3653920476209348,0.5985915492957746,0.823943661971831,0.40476190476190477,0.48295454545454547,0.7863849765258216,0.16145394626117654,585,125,57,85
common_strict,Rattus norvegicus,5,0,PCBert-Kla,0.5,852,142,710,0.6028268200753819,0.23477063359030764,0.05413521967785278,0.035211267605633804,0.9845070422535211,0.3125,0.06329113924050633,0.8262910798122066,0.1717719063468193,699,11,137,5
common_strict,Rattus norvegicus,5,1,DeepKla,0.5,852,142,710,0.5624677643324737,0.20524635805081431,0.032841778796445203,0.30985915492957744,0.7295774647887324,0.1864406779661017,0.2328042328042328,0.6596244131455399,0.21306669605043763,518,192,98,44
common_strict,Rattus norvegicus,5,1,Auto-Kla,0.5,852,142,710,0.7008827613568737,0.2711841439541087,0.17150335289900864,0.39436619718309857,0.8,0.2828282828282828,0.32941176470588235,0.7323943661971831,0.2419770721082872,568,142,86,56
common_strict,Rattus norvegicus,5,1,HybridKla,0.5,852,142,710,0.7787740527673082,0.4023391873674982,0.3213802639366424,0.5985915492957746,0.7873239436619718,0.3601694915254237,0.44973544973544965,0.755868544600939,0.1802160498163757,559,151,57,85
common_strict,Rattus norvegicus,5,1,PCBert-Kla,0.5,852,142,710,0.5804205514778813,0.23173028234586068,0.05986843400892497,0.035211267605633804,0.9859154929577465,0.3333333333333333,0.06369426751592357,0.8274647887323944,0.16987825775707072,700,10,137,5
common_strict,Rattus norvegicus,5,2,DeepKla,0.5,852,142,710,0.5738742313033129,0.21302400044367453,0.05533500503129503,0.30985915492957744,0.7549295774647887,0.2018348623853211,0.24444444444444446,0.6807511737089202,0.20764320878353992,536,174,98,44
common_strict,Rattus norvegicus,5,2,Auto-Kla,0.5,852,142,710,0.7132662170204325,0.30977447747681713,0.19722529908536363,0.39436619718309857,0.8225352112676056,0.3076923076923077,0.34567901234567905,0.7511737089201878,0.22530151265059137,584,126,86,56
common_strict,Rattus norvegicus,5,2,HybridKla,0.5,852,142,710,0.7863023209680619,0.4022412229278695,0.32297668934470203,0.5985915492957746,0.7887323943661971,0.3617021276595745,0.4509283819628647,0.7570422535211268,0.17412843852661997,560,150,57,85
common_strict,Rattus norvegicus,5,2,PCBert-Kla,0.5,852,142,710,0.6072703828605436,0.2348722300898279,0.05413521967785278,0.035211267605633804,0.9845070422535211,0.3125,0.06329113924050633,0.8262910798122066,0.1723122536364242,699,11,137,5
common_strict,Rattus norvegicus,5,3,DeepKla,0.5,852,142,710,0.5588970442372545,0.21944393124041278,0.019666983582887678,0.30985915492957744,0.7140845070422536,0.17813765182186234,0.2262210796915167,0.6467136150234741,0.21362412214311466,507,203,98,44
common_strict,Rattus norvegicus,5,3,Auto-Kla,0.5,852,142,710,0.7138117437016465,0.2941387275932882,0.18410350569975503,0.39436619718309857,0.8112676056338028,0.29473684210526313,0.3373493975903614,0.7417840375586855,0.22859476911186224,576,134,86,56
common_strict,Rattus norvegicus,5,3,HybridKla,0.5,852,142,710,0.7607220789525887,0.37766317572894614,0.31663221640580547,0.5985915492957746,0.7830985915492957,0.35564853556485354,0.44619422572178474,0.7523474178403756,0.19219199301607767,556,154,57,85
common_strict,Rattus norvegicus,5,3,PCBert-Kla,0.5,852,142,710,0.6001686173378299,0.2272638711754965,0.04380028798784028,0.035211267605633804,0.9816901408450704,0.2777777777777778,0.0625,0.823943661971831,0.172908521103221,697,13,137,5
common_strict,Rattus norvegicus,5,4,DeepKla,0.5,852,142,710,0.5540071414401905,0.20317851733979517,0.029209614059576148,0.30985915492957744,0.7253521126760564,0.18410041841004185,0.23097112860892388,0.6561032863849765,0.21510441588900597,515,195,98,44
common_strict,Rattus norvegicus,5,4,Auto-Kla,0.5,852,142,710,0.7189843285062487,0.2935802735804627,0.1938926931693466,0.39436619718309857,0.819718309859155,0.30434782608695654,0.34355828220858897,0.7488262910798122,0.2264167891128401,582,128,86,56
common_strict,Rattus norvegicus,5,4,HybridKla,0.5,852,142,710,0.766653441777425,0.3911507026607201,0.31506301890630223,0.5985915492957746,0.7816901408450704,0.3541666666666667,0.44502617801047123,0.7511737089201878,0.18580160805300872,555,155,57,85
common_strict,Rattus norvegicus,5,4,PCBert-Kla,0.5,852,142,710,0.6008530053560801,0.24084522338222444,0.05413521967785278,0.035211267605633804,0.9845070422535211,0.3125,0.06329113924050633,0.8262910798122066,0.17072992812629426,699,11,137,5
common_strict,Rattus norvegicus,5,5,DeepKla,0.5,852,142,710,0.5640150763737354,0.20673652439492746,0.04020081007535029,0.30985915492957744,0.7380281690140845,0.19130434782608696,0.23655913978494622,0.6666666666666666,0.21217340521705483,524,186,98,44
common_strict,Rattus norvegicus,5,5,Auto-Kla,0.5,852,142,710,0.713152152350724,0.2976101974404235,0.19059551209269077,0.39436619718309857,0.8169014084507042,0.3010752688172043,0.3414634146341463,0.7464788732394366,0.22993052501344807,580,130,86,56
common_strict,Rattus norvegicus,5,5,HybridKla,0.5,852,142,710,0.7673179924618131,0.39772353577632785,0.31194439838196475,0.5985915492957746,0.7788732394366197,0.3512396694214876,0.4427083333333333,0.7488262910798122,0.18565776180095597,553,157,57,85
common_strict,Rattus norvegicus,5,5,PCBert-Kla,0.5,852,142,710,0.6030450307478675,0.24751925514313913,0.08834343025380414,0.035211267605633804,0.9915492957746479,0.45454545454545453,0.06535947712418301,0.8321596244131455,0.16668034550164199,704,6,137,5
common_strict,Rattus norvegicus,5,6,DeepKla,0.5,852,142,710,0.5548006347946836,0.20965517269497838,0.030416951248848845,0.30985915492957744,0.7267605633802817,0.18487394957983194,0.23157894736842105,0.6572769953051644,0.21282264990354283,516,194,98,44
common_strict,Rattus norvegicus,5,6,Auto-Kla,0.5,852,142,710,0.708569728228526,0.28723468414371306,0.19059551209269077,0.39436619718309857,0.8169014084507042,0.3010752688172043,0.3414634146341463,0.7464788732394366,0.22781848895271406,580,130,86,56
common_strict,Rattus norvegicus,5,6,HybridKla,0.5,852,142,710,0.7845467169212458,0.4099957504061713,0.3427039738227759,0.5985915492957746,0.8056338028169014,0.3811659192825112,0.4657534246575342,0.7711267605633803,0.1723656352961677,572,138,57,85
common_strict,Rattus norvegicus,5,6,PCBert-Kla,0.5,852,142,710,0.6123685776631621,0.246894885047604,0.08834343025380414,0.035211267605633804,0.9915492957746479,0.45454545454545453,0.06535947712418301,0.8321596244131455,0.16638287133887328,704,6,137,5
common_strict,Rattus norvegicus,5,7,DeepKla,0.5,852,142,710,0.5675163658004364,0.2142972090246543,0.04268327949183541,0.30985915492957744,0.7408450704225352,0.19298245614035087,0.23783783783783782,0.6690140845070423,0.20903981123147303,526,184,98,44
common_strict,Rattus norvegicus,5,7,Auto-Kla,0.5,852,142,710,0.7271225947232691,0.30675221135914643,0.21093106299302558,0.39436619718309857,0.8338028169014085,0.3218390804597701,0.35443037974683544,0.7605633802816901,0.21397221130889343,592,118,86,56
common_strict,Rattus norvegicus,5,7,HybridKla,0.5,852,142,710,0.7770382860543543,0.39271233130576133,0.3245801178831945,0.5985915492957746,0.7901408450704225,0.36324786324786323,0.4521276595744681,0.7582159624413145,0.17976454178969462,561,149,57,85
common_strict,Rattus norvegicus,5,7,PCBert-Kla,0.5,852,142,710,0.605187462804999,0.2379319676429905,0.0727966279569301,0.035211267605633804,0.9887323943661972,0.38461538461538464,0.06451612903225806,0.82981220657277,0.16859981823750844,702,8,137,5
common_strict,Rattus norvegicus,5,8,DeepKla,0.5,852,142,710,0.5497024399920651,0.1940133700058873,0.0,0.30985915492957744,0.6901408450704225,0.16666666666666666,0.2167487684729064,0.6267605633802817,0.22185832970848476,490,220,98,44
common_strict,Rattus norvegicus,5,8,Auto-Kla,0.5,852,142,710,0.716132711763539,0.29539545017701563,0.19223973714174297,0.39436619718309857,0.8183098591549296,0.3027027027027027,0.3425076452599389,0.7476525821596244,0.22663587817124356,581,129,86,56
common_strict,Rattus norvegicus,5,8,HybridKla,0.5,852,142,710,0.785588176949018,0.4142984208146647,0.33933982252531925,0.5985915492957746,0.8028169014084507,0.37777777777777777,0.46321525885558584,0.7687793427230047,0.17243321529052966,570,140,57,85
common_strict,Rattus norvegicus,5,8,PCBert-Kla,0.5,852,142,710,0.5900515770680421,0.23383167875892286,0.04879672235627865,0.035211267605633804,0.9830985915492958,0.29411764705882354,0.06289308176100629,0.8251173708920188,0.17062609401735518,698,12,137,5
common_strict,Rattus norvegicus,5,9,DeepKla,0.5,852,142,710,0.5689644911723863,0.21093597592568006,0.054050983311939846,0.30985915492957744,0.7535211267605634,0.2009132420091324,0.24376731301939056,0.6795774647887324,0.20909985328864927,535,175,98,44
common_strict,Rattus norvegicus,5,9,Auto-Kla,0.5,852,142,710,0.7210374925609998,0.31402070583568087,0.19059551209269077,0.39436619718309857,0.8169014084507042,0.3010752688172043,0.3414634146341463,0.7464788732394366,0.22498568588984477,580,130,86,56
common_strict,Rattus norvegicus,5,9,HybridKla,0.5,852,142,710,0.7850624876016664,0.4094352367304125,0.32780830829242186,0.5985915492957746,0.7929577464788733,0.36637931034482757,0.4545454545454546,0.7605633802816901,0.17510234855439485,563,147,57,85
common_strict,Rattus norvegicus,5,9,PCBert-Kla,0.5,852,142,710,0.6010414600277723,0.25000151433455786,0.107819980893861,0.035211267605633804,0.9943661971830986,0.5555555555555556,0.06622516556291391,0.8345070422535211,0.16449791493597712,706,4,137,5
common_strict,Rattus norvegicus,5,10,DeepKla,0.5,852,142,710,0.5614362229716325,0.2143232166982522,0.0352804475959994,0.30985915492957744,0.7323943661971831,0.18803418803418803,0.23404255319148934,0.6619718309859155,0.20980114506539338,520,190,98,44
common_strict,Rattus norvegicus,5,10,Auto-Kla,0.5,852,142,710,0.7077861535409642,0.29634725100006254,0.19890520522256372,0.39436619718309857,0.823943661971831,0.30939226519337015,0.3467492260061919,0.7523474178403756,0.22422986423991864,585,125,86,56
common_strict,Rattus norvegicus,5,10,HybridKla,0.5,852,142,710,0.7529260067446935,0.3521189964004756,0.2878806424034327,0.5985915492957746,0.7563380281690141,0.32945736434108525,0.42499999999999993,0.7300469483568075,0.19845230482376666,537,173,57,85
common_strict,Rattus norvegicus,5,10,PCBert-Kla,0.5,852,142,710,0.597827811942075,0.24320493747231683,0.0727966279569301,0.035211267605633804,0.9887323943661972,0.38461538461538464,0.06451612903225806,0.82981220657277,0.16906908886215197,702,8,137,5
common_strict,Rattus norvegicus,5,11,DeepKla,0.5,852,142,710,0.5545129934536798,0.20686594253992302,0.025607375986579195,0.30985915492957744,0.7211267605633803,0.18181818181818182,0.22916666666666666,0.6525821596244131,0.21374540580941243,512,198,98,44
common_strict,Rattus norvegicus,5,11,Auto-Kla,0.5,852,142,710,0.7191777425114064,0.29659963492614194,0.19890520522256372,0.39436619718309857,0.823943661971831,0.30939226519337015,0.3467492260061919,0.7523474178403756,0.21724028575880644,585,125,86,56
common_strict,Rattus norvegicus,5,11,HybridKla,0.5,852,142,710,0.7753917873437809,0.4287354276679556,0.3245801178831945,0.5985915492957746,0.7901408450704225,0.36324786324786323,0.4521276595744681,0.7582159624413145,0.18050715410360824,561,149,57,85
common_strict,Rattus norvegicus,5,11,PCBert-Kla,0.5,852,142,710,0.6030450307478674,0.23932662745224856,0.05986843400892497,0.035211267605633804,0.9859154929577465,0.3333333333333333,0.06369426751592357,0.8274647887323944,0.16974307827317203,700,10,137,5
common_strict,Rattus norvegicus,5,12,DeepKla,0.5,852,142,710,0.5480757786153541,0.19850217272672954,0.012636709773971695,0.30985915492957744,0.7056338028169014,0.17391304347826086,0.22278481012658227,0.6396713615023474,0.21844409829169933,501,209,98,44
common_strict,Rattus norvegicus,5,12,Auto-Kla,0.5,852,142,710,0.7157062090854989,0.305728860749371,0.20744611152715142,0.39436619718309857,0.8309859154929577,0.3181818181818182,0.35220125786163525,0.7582159624413145,0.21028967449033048,590,120,86,56
common_strict,Rattus norvegicus,5,12,HybridKla,0.5,852,142,710,0.7732394366197183,0.40676548733752427,0.3343523560193774,0.5985915492957746,0.7985915492957747,0.37280701754385964,0.45945945945945943,0.7652582159624414,0.18117680898979968,567,143,57,85
common_strict,Rattus norvegicus,5,12,PCBert-Kla,0.5,852,142,710,0.5710771672287245,0.21593628118805303,0.04879672235627865,0.035211267605633804,0.9830985915492958,0.29411764705882354,0.06289308176100629,0.8251173708920188,0.17083234140569403,698,12,137,5
common_strict,Rattus norvegicus,5,13,DeepKla,0.5,852,142,710,0.5785459234278914,0.21207451338399125,0.04020081007535029,0.30985915492957744,0.7380281690140845,0.19130434782608696,0.23655913978494622,0.6666666666666666,0.20734821252928418,524,186,98,44
common_strict,Rattus norvegicus,5,13,Auto-Kla,0.5,852,142,710,0.6998908946637572,0.2880640476302065,0.18410350569975503,0.39436619718309857,0.8112676056338028,0.29473684210526313,0.3373493975903614,0.7417840375586855,0.23184194081057427,576,134,86,56
common_strict,Rattus norvegicus,5,13,HybridKla,0.5,852,142,710,0.7697778218607418,0.4058888821582459,0.31350043763465124,0.5985915492957746,0.780281690140845,0.35269709543568467,0.44386422976501305,0.75,0.18714014183229588,554,156,57,85
common_strict,Rattus norvegicus,5,13,PCBert-Kla,0.5,852,142,710,0.5934536798254315,0.2375663028724272,0.08017837257372731,0.035211267605633804,0.9901408450704225,0.4166666666666667,0.06493506493506494,0.8309859154929577,0.16728139086511787,703,7,137,5
common_strict,Rattus norvegicus,5,14,DeepKla,0.5,852,142,710,0.5540567347748463,0.21214937024307984,0.034059359967259485,0.30985915492957744,0.7309859154929578,0.18723404255319148,0.23342175066312998,0.6607981220657277,0.21224624642555287,519,191,98,44
common_strict,Rattus norvegicus,5,14,Auto-Kla,0.5,852,142,710,0.7168865304503075,0.3078556888515457,0.20229288244185586,0.39436619718309857,0.8267605633802817,0.3128491620111732,0.34890965732087226,0.7546948356807511,0.22170711988416866,587,123,86,56
common_strict,Rattus norvegicus,5,14,HybridKla,0.5,852,142,710,0.7790716127752431,0.41158757542291036,0.3376695909265292,0.5985915492957746,0.8014084507042254,0.37610619469026546,0.46195652173913043,0.7676056338028169,0.17792747528956335,569,141,57,85
common_strict,Rattus norvegicus,5,14,PCBert-Kla,0.5,852,142,710,0.6154929577464788,0.2518101794463714,0.09747403576571588,0.035211267605633804,0.9929577464788732,0.5,0.06578947368421054,0.8333333333333334,0.1647325870602131,705,5,137,5
common_strict,Rattus norvegicus,5,15,DeepKla,0.5,852,142,710,0.5533822654235271,0.19807796179406828,0.024413076355668955,0.30985915492957744,0.719718309859155,0.18106995884773663,0.2285714285714286,0.6514084507042254,0.21779924118827323,511,199,98,44
common_strict,Rattus norvegicus,5,15,Auto-Kla,0.5,852,142,710,0.7274499107319976,0.328832850879176,0.22345916989892103,0.39436619718309857,0.8436619718309859,0.33532934131736525,0.36245954692556637,0.7687793427230047,0.20625623849365943,599,111,86,56
common_strict,Rattus norvegicus,5,15,HybridKla,0.5,852,142,710,0.77333862328903,0.41284925461792876,0.3245801178831945,0.5985915492957746,0.7901408450704225,0.36324786324786323,0.4521276595744681,0.7582159624413145,0.18096363951031644,561,149,57,85
common_strict,Rattus norvegicus,5,15,PCBert-Kla,0.5,852,142,710,0.5974707399325531,0.23296280694993982,0.05413521967785278,0.035211267605633804,0.9845070422535211,0.3125,0.06329113924050633,0.8262910798122066,0.17121366770806168,699,11,137,5
common_strict,Rattus norvegicus,5,16,DeepKla,0.5,852,142,710,0.5495338226542352,0.20729155880730152,0.031627657789735045,0.30985915492957744,0.7281690140845071,0.18565400843881857,0.23218997361477572,0.6584507042253521,0.21445846183010683,517,193,98,44
common_strict,Rattus norvegicus,5,16,Auto-Kla,0.5,852,142,710,0.7147887323943662,0.3115573469318227,0.19059551209269077,0.39436619718309857,0.8169014084507042,0.3010752688172043,0.3414634146341463,0.7464788732394366,0.21818846937619668,580,130,86,56
common_strict,Rattus norvegicus,5,16,HybridKla,0.5,852,142,710,0.7631620710176552,0.38217002526807875,0.31194439838196475,0.5985915492957746,0.7788732394366197,0.3512396694214876,0.4427083333333333,0.7488262910798122,0.19030749252295365,553,157,57,85
common_strict,Rattus norvegicus,5,16,PCBert-Kla,0.5,852,142,710,0.5926701051378694,0.2503236991544338,0.09747403576571588,0.035211267605633804,0.9929577464788732,0.5,0.06578947368421054,0.8333333333333334,0.16482020370227252,705,5,137,5
common_strict,Rattus norvegicus,5,17,DeepKla,0.5,852,142,710,0.5482443959531839,0.20626755968497226,0.012636709773971695,0.30985915492957744,0.7056338028169014,0.17391304347826086,0.22278481012658227,0.6396713615023474,0.2167362243699064,501,209,98,44
common_strict,Rattus norvegicus,5,17,Auto-Kla,0.5,852,142,710,0.6924122197976592,0.28088546174655793,0.17932038948957044,0.39436619718309857,0.8070422535211268,0.29015544041450775,0.33432835820895523,0.7382629107981221,0.2389052256811781,573,137,86,56
common_strict,Rattus norvegicus,5,17,HybridKla,0.5,852,142,710,0.7602261456060306,0.3856255438797642,0.2878806424034327,0.5985915492957746,0.7563380281690141,0.32945736434108525,0.42499999999999993,0.7300469483568075,0.1930992338093467,537,173,57,85
common_strict,Rattus norvegicus,5,17,PCBert-Kla,0.5,852,142,710,0.5843979369172783,0.2327343400764661,0.06606157951305715,0.035211267605633804,0.9873239436619718,0.35714285714285715,0.06410256410256411,0.8286384976525821,0.168499703724981,701,9,137,5
common_strict,Rattus norvegicus,5,18,DeepKla,0.5,852,142,710,0.5638960523705613,0.20721938472858256,0.04020081007535029,0.30985915492957744,0.7380281690140845,0.19130434782608696,0.23655913978494622,0.6666666666666666,0.21225590353526186,524,186,98,44
common_strict,Rattus norvegicus,5,18,Auto-Kla,0.5,852,142,710,0.7105732989486213,0.3027312259148335,0.21445697019603602,0.39436619718309857,0.8366197183098592,0.32558139534883723,0.35668789808917195,0.7629107981220657,0.2173485670566448,594,116,86,56
common_strict,Rattus norvegicus,5,18,HybridKla,0.5,852,142,710,0.7662170204324538,0.37011538054818327,0.3027415146549575,0.5985915492957746,0.7704225352112676,0.34274193548387094,0.4358974358974359,0.7417840375586855,0.19220775291022263,547,163,57,85
common_strict,Rattus norvegicus,5,18,PCBert-Kla,0.5,852,142,710,0.599097401309264,0.23753451777817886,0.05986843400892497,0.035211267605633804,0.9859154929577465,0.3333333333333333,0.06369426751592357,0.8274647887323944,0.16906788234879488,700,10,137,5
common_strict,Rattus norvegicus,5,19,DeepKla,0.5,852,142,710,0.5748859353302916,0.22741175316024584,0.051495898124474915,0.30985915492957744,0.7507042253521127,0.19909502262443438,0.2424242424242424,0.6772300469483568,0.2042907158402769,533,177,98,44
common_strict,Rattus norvegicus,5,19,Auto-Kla,0.5,852,142,710,0.7251834953382265,0.3039652658362925,0.20744611152715142,0.39436619718309857,0.8309859154929577,0.3181818181818182,0.35220125786163525,0.7582159624413145,0.21949872909829704,590,120,86,56
common_strict,Rattus norvegicus,5,19,HybridKla,0.5,852,142,710,0.8013489387026385,0.44137247988641254,0.37268225297032936,0.5985915492957746,0.8295774647887324,0.41262135922330095,0.4885057471264368,0.7910798122065728,0.16112440790637314,589,121,57,85
common_strict,Rattus norvegicus,5,19,PCBert-Kla,0.5,852,142,710,0.6156714937512399,0.2534494614149417,0.0727966279569301,0.035211267605633804,0.9887323943661972,0.38461538461538464,0.06451612903225806,0.82981220657277,0.16698728450020237,702,8,137,5
common_strict,Rattus norvegicus,5,20,DeepKla,0.5,852,142,710,0.5741122793096609,0.21529504963346802,0.04518114244791588,0.30985915492957744,0.7436619718309859,0.19469026548672566,0.23913043478260868,0.6713615023474179,0.20786781089824038,528,182,98,44
common_strict,Rattus norvegicus,5,20,Auto-Kla,0.5,852,142,710,0.6991965879785755,0.2797748419676111,0.17932038948957044,0.39436619718309857,0.8070422535211268,0.29015544041450775,0.33432835820895523,0.7382629107981221,0.23717010330165947,573,137,86,56
common_strict,Rattus norvegicus,5,20,HybridKla,0.5,852,142,710,0.7714540765721087,0.39017299776516307,0.3197907620962099,0.5985915492957746,0.7859154929577464,0.35864978902953587,0.44854881266490765,0.7546948356807511,0.18145471343213904,558,152,57,85
common_strict,Rattus norvegicus,5,20,PCBert-Kla,0.5,852,142,710,0.5954374132116644,0.2316074871083001,0.03466876226407682,0.035211267605633804,0.9788732394366197,0.25,0.0617283950617284,0.8215962441314554,0.17522412772203505,695,15,137,5
common_strict,Rattus norvegicus,5,21,DeepKla,0.5,852,142,710,0.5645407657210871,0.20574687424886484,0.023221928882375793,0.30985915492957744,0.7183098591549296,0.18032786885245902,0.22797927461139894,0.6502347417840375,0.21402088534843725,510,200,98,44
common_strict,Rattus norvegicus,5,21,Auto-Kla,0.5,852,142,710,0.7081878595516762,0.2918336251007726,0.18571400946946012,0.39436619718309857,0.8126760563380282,0.2962962962962963,0.338368580060423,0.7429577464788732,0.23225223573521267,577,133,86,56
common_strict,Rattus norvegicus,5,21,HybridKla,0.5,852,142,710,0.7576770482047214,0.39339613463005363,0.28934133069818735,0.5985915492957746,0.7577464788732394,0.33073929961089493,0.42606516290726815,0.7312206572769953,0.19273473854414647,538,172,57,85
common_strict,Rattus norvegicus,5,21,PCBert-Kla,0.5,852,142,710,0.608510216226939,0.23904931318140207,0.0727966279569301,0.035211267605633804,0.9887323943661972,0.38461538461538464,0.06451612903225806,0.82981220657277,0.1683903766747727,702,8,137,5
common_strict,Rattus norvegicus,5,22,DeepKla,0.5,852,142,710,0.5979369172783178,0.2518878299561058,0.07515787033551052,0.30985915492957744,0.776056338028169,0.21674876847290642,0.25507246376811593,0.6983568075117371,0.1948398108518306,551,159,98,44
common_strict,Rattus norvegicus,5,22,Auto-Kla,0.5,852,142,710,0.7349484229319578,0.3193212267776991,0.22529306184371942,0.39436619718309857,0.8450704225352113,0.3373493975903614,0.3636363636363636,0.7699530516431925,0.2103136972018324,600,110,86,56
common_strict,Rattus norvegicus,5,22,HybridKla,0.5,852,142,710,0.7818091648482445,0.3929506249814879,0.31820810537257255,0.5985915492957746,0.7845070422535211,0.35714285714285715,0.4473684210526316,0.7535211267605634,0.18106817982454124,557,153,57,85
common_strict,Rattus norvegicus,5,22,PCBert-Kla,0.5,852,142,710,0.6147490577266415,0.2579553054837783,0.08834343025380414,0.035211267605633804,0.9915492957746479,0.45454545454545453,0.06535947712418301,0.8321596244131455,0.16602996035283984,704,6,137,5
common_strict,Rattus norvegicus,5,23,DeepKla,0.5,852,142,710,0.5663162071017656,0.21160907542573923,0.04393026111246884,0.30985915492957744,0.7422535211267606,0.19383259911894274,0.23848238482384826,0.67018779342723,0.2099083887613614,527,183,98,44
common_strict,Rattus norvegicus,5,23,Auto-Kla,0.5,852,142,710,0.7284120214243206,0.3291501774520733,0.20229288244185586,0.39436619718309857,0.8267605633802817,0.3128491620111732,0.34890965732087226,0.7546948356807511,0.21418415764302606,587,123,86,56
common_strict,Rattus norvegicus,5,23,HybridKla,0.5,852,142,710,0.7885241023606427,0.4168229575393237,0.3443980816004041,0.5985915492957746,0.8070422535211268,0.38288288288288286,0.467032967032967,0.7723004694835681,0.17188138262825997,573,137,57,85
common_strict,Rattus norvegicus,5,23,PCBert-Kla,0.5,852,142,710,0.5977980559412814,0.2370189350256709,0.05413521967785278,0.035211267605633804,0.9845070422535211,0.3125,0.06329113924050633,0.8262910798122066,0.17222775394119624,699,11,137,5
common_strict,Rattus norvegicus,5,24,DeepKla,0.5,852,142,710,0.5488891093037095,0.20384907067598007,0.022033891729851113,0.30985915492957744,0.7169014084507043,0.17959183673469387,0.22739018087855295,0.6490610328638498,0.21664068363711533,509,201,98,44
common_strict,Rattus norvegicus,5,24,Auto-Kla,0.5,852,142,710,0.7097599682602658,0.2888099832849344,0.18733276742836846,0.39436619718309857,0.8140845070422535,0.2978723404255319,0.3393939393939394,0.744131455399061,0.2280624154755316,578,132,86,56
common_strict,Rattus norvegicus,5,24,HybridKla,0.5,852,142,710,0.7802618528069828,0.41472884562026113,0.33106549473817887,0.5985915492957746,0.795774647887324,0.3695652173913043,0.45698924731182794,0.7629107981220657,0.1751631190215651,565,145,57,85
common_strict,Rattus norvegicus,5,24,PCBert-Kla,0.5,852,142,710,0.5847054155921444,0.22893739646693412,0.04879672235627865,0.035211267605633804,0.9830985915492958,0.29411764705882354,0.06289308176100629,0.8251173708920188,0.17141469915619098,698,12,137,5
common_strict,Rattus norvegicus,5,25,DeepKla,0.5,852,142,710,0.5537889307677047,0.19970579351797454,0.038965221349431776,0.30985915492957744,0.7366197183098592,0.19047619047619047,0.23592493297587128,0.6654929577464789,0.2159937573274196,523,187,98,44
common_strict,Rattus norvegicus,5,25,Auto-Kla,0.5,852,142,710,0.7225897639357269,0.3287651697781265,0.21623566732283547,0.39436619718309857,0.8380281690140845,0.32748538011695905,0.35782747603833864,0.7640845070422535,0.21188242031502577,595,115,86,56
common_strict,Rattus norvegicus,5,25,HybridKla,0.5,852,142,710,0.7732493552866495,0.4037001702055199,0.3343523560193774,0.5985915492957746,0.7985915492957747,0.37280701754385964,0.45945945945945943,0.7652582159624414,0.18374785779283845,567,143,57,85
common_strict,Rattus norvegicus,5,25,PCBert-Kla,0.5,852,142,710,0.6066851815116049,0.25383891921917373,0.09747403576571588,0.035211267605633804,0.9929577464788732,0.5,0.06578947368421054,0.8333333333333334,0.16477035483185362,705,5,137,5
common_strict,Rattus norvegicus,5,26,DeepKla,0.5,852,142,710,0.5628942670105138,0.21801421901621212,0.028005601680560196,0.30985915492957744,0.723943661971831,0.18333333333333332,0.23036649214659685,0.6549295774647887,0.20995786359228355,514,196,98,44
common_strict,Rattus norvegicus,5,26,Auto-Kla,0.5,852,142,710,0.714932553064868,0.2984686496640109,0.2040009243966052,0.39436619718309857,0.828169014084507,0.3146067415730337,0.3499999999999999,0.755868544600939,0.22092503535962432,588,122,86,56
common_strict,Rattus norvegicus,5,26,HybridKla,0.5,852,142,710,0.755554453481452,0.35372395497368836,0.2864253751507025,0.5985915492957746,0.7549295774647887,0.3281853281853282,0.4239401496259352,0.7288732394366197,0.2013928095563891,536,174,57,85
common_strict,Rattus norvegicus,5,26,PCBert-Kla,0.5,852,142,710,0.5950704225352113,0.22916686098840322,0.06606157951305715,0.035211267605633804,0.9873239436619718,0.35714285714285715,0.06410256410256411,0.8286384976525821,0.16896268444269485,701,9,137,5
common_strict,Rattus norvegicus,5,27,DeepKla,0.5,852,142,710,0.5775838127355684,0.21766298484548702,0.038965221349431776,0.30985915492957744,0.7366197183098592,0.19047619047619047,0.23592493297587128,0.6654929577464789,0.20624761652739046,523,187,98,44
common_strict,Rattus norvegicus,5,27,Auto-Kla,0.5,852,142,710,0.7036699067645309,0.29401143146374387,0.18895989560081428,0.39436619718309857,0.8154929577464789,0.2994652406417112,0.34042553191489355,0.7453051643192489,0.22838610223339462,579,131,86,56
common_strict,Rattus norvegicus,5,27,HybridKla,0.5,852,142,710,0.7598789922634397,0.3799205553143204,0.3042598048411447,0.5985915492957746,0.7718309859154929,0.3441295546558704,0.4370179948586118,0.7429577464788732,0.19386966590840155,548,162,57,85
common_strict,Rattus norvegicus,5,27,PCBert-Kla,0.5,852,142,710,0.5868379289823448,0.22902758017369773,0.05413521967785278,0.035211267605633804,0.9845070422535211,0.3125,0.06329113924050633,0.8262910798122066,0.1713153541631177,699,11,137,5
common_strict,Rattus norvegicus,5,28,DeepKla,0.5,852,142,710,0.5675163658004365,0.21344728641850202,0.034059359967259485,0.30985915492957744,0.7309859154929578,0.18723404255319148,0.23342175066312998,0.6607981220657277,0.20899206364732623,519,191,98,44
common_strict,Rattus norvegicus,5,28,Auto-Kla,0.5,852,142,710,0.728560801428288,0.31319113422836425,0.21802507163468052,0.39436619718309857,0.8394366197183099,0.32941176470588235,0.358974358974359,0.7652582159624414,0.21030597863571396,596,114,86,56
common_strict,Rattus norvegicus,5,28,HybridKla,0.5,852,142,710,0.7695298551874629,0.3979616045955373,0.3197907620962099,0.5985915492957746,0.7859154929577464,0.35864978902953587,0.44854881266490765,0.7546948356807511,0.18273328657053847,558,152,57,85
common_strict,Rattus norvegicus,5,28,PCBert-Kla,0.5,852,142,710,0.6072703828605436,0.24173177963809295,0.05986843400892497,0.035211267605633804,0.9859154929577465,0.3333333333333333,0.06369426751592357,0.8274647887323944,0.17118009987759628,700,10,137,5
common_strict,Rattus norvegicus,5,29,DeepKla,0.5,852,142,710,0.5521027573894068,0.20331122272850766,0.0,0.30985915492957744,0.6901408450704225,0.16666666666666666,0.2167487684729064,0.6267605633802817,0.21849620622805327,490,220,98,44
common_strict,Rattus norvegicus,5,29,Auto-Kla,0.5,852,142,710,0.7228873239436621,0.30634559853553783,0.22345916989892103,0.39436619718309857,0.8436619718309859,0.33532934131736525,0.36245954692556637,0.7687793427230047,0.21001400679742732,599,111,86,56
common_strict,Rattus norvegicus,5,29,HybridKla,0.5,852,142,710,0.7737750446340013,0.4228762919384254,0.32297668934470203,0.5985915492957746,0.7887323943661971,0.3617021276595745,0.4509283819628647,0.7570422535211268,0.17855211557232506,560,150,57,85
common_strict,Rattus norvegicus,5,29,PCBert-Kla,0.5,852,142,710,0.596925213251339,0.23941476160304542,0.0727966279569301,0.035211267605633804,0.9887323943661972,0.38461538461538464,0.06451612903225806,0.82981220657277,0.16810378634634865,702,8,137,5
common_strict,Rattus norvegicus,10,0,DeepKla,0.5,1562,142,1420,0.553134298750248,0.11453274650672823,0.017032722464045035,0.30985915492957744,0.7169014084507043,0.09865470852017937,0.14965986394557823,0.6798975672215108,0.20411751296707312,1018,402,98,44
common_strict,Rattus norvegicus,10,0,Auto-Kla,0.5,1562,142,1420,0.718671890497917,0.17842635087233794,0.1595428999017044,0.39436619718309857,0.8253521126760563,0.18421052631578946,0.25112107623318386,0.7861715749039693,0.18755101959483567,1172,248,86,56
common_strict,Rattus norvegicus,10,0,HybridKla,0.5,1562,142,1420,0.7706357865502876,0.24507344260512295,0.24949179034118663,0.5985915492957746,0.7795774647887324,0.2135678391959799,0.3148148148148148,0.7631241997439181,0.17413340911795208,1107,313,57,85
common_strict,Rattus norvegicus,10,0,PCBert-Kla,0.5,1562,142,1420,0.6018448720491967,0.1484577295204663,0.059767893607436874,0.035211267605633804,0.9887323943661972,0.23809523809523808,0.06134969325153375,0.9020486555697823,0.09524018445014408,1404,16,137,5
common_strict,Rattus norvegicus,10,1,DeepKla,0.5,1562,142,1420,0.5717020432453878,0.12226868170742178,0.04095300778893008,0.30985915492957744,0.752112676056338,0.1111111111111111,0.16356877323420074,0.7119078104993598,0.19456493243952397,1068,352,98,44
common_strict,Rattus norvegicus,10,1,Auto-Kla,0.5,1562,142,1420,0.7101988692719698,0.17337263090373678,0.14982783840257283,0.39436619718309857,0.8154929577464789,0.1761006289308176,0.2434782608695652,0.7772087067861716,0.19697801290581488,1158,262,86,56
common_strict,Rattus norvegicus,10,1,HybridKla,0.5,1562,142,1420,0.7729170799444555,0.2497349019054979,0.25560470042259675,0.5985915492957746,0.7859154929577464,0.2185089974293059,0.32015065913371,0.7688860435339309,0.17168447601623096,1116,304,57,85
common_strict,Rattus norvegicus,10,1,PCBert-Kla,0.5,1562,142,1420,0.6016117833763142,0.14170727007640732,0.051024399850927965,0.035211267605633804,0.9866197183098592,0.20833333333333334,0.06024096385542169,0.9001280409731114,0.09734262791584664,1401,19,137,5
common_strict,Rattus norvegicus,10,2,DeepKla,0.5,1562,142,1420,0.571592937909145,0.12024578381655879,0.030181636371957515,0.30985915492957744,0.7366197183098592,0.10526315789473684,0.15714285714285714,0.6978233034571063,0.19668220575557002,1046,374,98,44
common_strict,Rattus norvegicus,10,2,Auto-Kla,0.5,1562,142,1420,0.7233535012894267,0.19140224598394862,0.16603732081674846,0.39436619718309857,0.8316901408450704,0.18983050847457628,0.25629290617848965,0.791933418693982,0.1844623404490948,1181,239,86,56
common_strict,Rattus norvegicus,10,2,HybridKla,0.5,1562,142,1420,0.7753669906764531,0.2635102078748444,0.25491793568453724,0.5985915492957746,0.7852112676056338,0.21794871794871795,0.3195488721804511,0.7682458386683739,0.1722862021009957,1115,305,57,85
common_strict,Rattus norvegicus,10,2,PCBert-Kla,0.5,1562,142,1420,0.6028516167427098,0.13793412211485737,0.051024399850927965,0.035211267605633804,0.9866197183098592,0.20833333333333334,0.06024096385542169,0.9001280409731114,0.09836216584687221,1401,19,137,5
common_strict,Rattus norvegicus,10,3,DeepKla,0.5,1562,142,1420,0.5456605832176156,0.1124027343908445,0.012921665343991778,0.30985915492957744,0.7105633802816902,0.0967032967032967,0.1474036850921273,0.6741357234314981,0.20711834530556159,1009,411,98,44
common_strict,Rattus norvegicus,10,3,Auto-Kla,0.5,1562,142,1420,0.7148680817298155,0.17771375761210068,0.16025447223088665,0.39436619718309857,0.826056338028169,0.1848184818481848,0.251685393258427,0.7868117797695262,0.18936446674100016,1173,247,86,56
common_strict,Rattus norvegicus,10,3,HybridKla,0.5,1562,142,1420,0.7626115850029757,0.23165831872397571,0.2515126215700123,0.5985915492957746,0.7816901408450704,0.21518987341772153,0.3165735567970205,0.765044814340589,0.1798024999552335,1110,310,57,85
common_strict,Rattus norvegicus,10,3,PCBert-Kla,0.5,1562,142,1420,0.5903392184090458,0.13733727331511977,0.056694670951384085,0.035211267605633804,0.9880281690140845,0.22727272727272727,0.06097560975609757,0.9014084507042254,0.09613380184856402,1403,17,137,5
common_strict,Rattus norvegicus,10,4,DeepKla,0.5,1562,142,1420,0.5641787343780995,0.12402091947789766,0.026839678806296553,0.30985915492957744,0.7316901408450704,0.10352941176470588,0.15520282186948856,0.6933418693982074,0.1971301066313808,1039,381,98,44
common_strict,Rattus norvegicus,10,4,Auto-Kla,0.5,1562,142,1420,0.7147688950605038,0.1865191003155175,0.15742272608022878,0.39436619718309857,0.8232394366197183,0.18241042345276873,0.24944320712694876,0.7842509603072984,0.1903877307583312,1169,251,86,56
common_strict,Rattus norvegicus,10,4,HybridKla,0.5,1562,142,1420,0.7615701249752033,0.25540369288418086,0.23325873457142862,0.5985915492957746,0.7619718309859155,0.20094562647754138,0.30088495575221236,0.7471190781049936,0.1845456857262803,1082,338,57,85
common_strict,Rattus norvegicus,10,4,PCBert-Kla,0.5,1562,142,1420,0.5955068438801825,0.13953610568723862,0.04349325982978633,0.035211267605633804,0.9845070422535211,0.18518518518518517,0.05917159763313609,0.8982074263764405,0.09798219661847851,1398,22,137,5
common_strict,Rattus norvegicus,10,5,DeepKla,0.5,1562,142,1420,0.5677544138067844,0.12224951730821429,0.0399558546915122,0.30985915492957744,0.7507042253521127,0.11055276381909548,0.162962962962963,0.7106274007682458,0.19537088624624963,1066,354,98,44
common_strict,Rattus norvegicus,10,5,Auto-Kla,0.5,1562,142,1420,0.7094425709184685,0.17053562750549678,0.14780312247699526,0.39436619718309857,0.8133802816901409,0.17445482866043613,0.24190064794816415,0.7752880921895007,0.19634149958194377,1155,265,86,56
common_strict,Rattus norvegicus,10,5,HybridKla,0.5,1562,142,1420,0.7724112279309661,0.2615262277278053,0.26328944198131127,0.5985915492957746,0.793661971830986,0.22486772486772486,0.32692307692307687,0.7759282970550576,0.171807949276202,1127,293,57,85
common_strict,Rattus norvegicus,10,5,PCBert-Kla,0.5,1562,142,1420,0.6089317595715135,0.14689766511113903,0.051024399850927965,0.035211267605633804,0.9866197183098592,0.20833333333333334,0.06024096385542169,0.9001280409731114,0.0968683851411141,1401,19,137,5
common_strict,Rattus norvegicus,10,6,DeepKla,0.5,1562,142,1420,0.5774995040666535,0.12190831996669685,0.039458686148955806,0.30985915492957744,0.75,0.11027568922305764,0.16266173752310537,0.7099871959026889,0.1937939010642029,1065,355,98,44
common_strict,Rattus norvegicus,10,6,Auto-Kla,0.5,1562,142,1420,0.7123338623289031,0.18268910538829108,0.15532394595540833,0.39436619718309857,0.8211267605633803,0.18064516129032257,0.247787610619469,0.7823303457106274,0.19393618742381813,1166,254,86,56
common_strict,Rattus norvegicus,10,6,HybridKla,0.5,1562,142,1420,0.7769986113866296,0.2575870730791554,0.26328944198131127,0.5985915492957746,0.793661971830986,0.22486772486772486,0.32692307692307687,0.7759282970550576,0.1677785173226034,1127,293,57,85
common_strict,Rattus norvegicus,10,6,PCBert-Kla,0.5,1562,142,1420,0.5922535211267606,0.13878310364151233,0.06648791854730973,0.035211267605633804,0.9901408450704225,0.2631578947368421,0.062111801242236024,0.9033290653008963,0.09453396001078113,1406,14,137,5
common_strict,Rattus norvegicus,10,7,DeepKla,0.5,1562,142,1420,0.5737998413013291,0.1291848118483784,0.031143680731570592,0.30985915492957744,0.7380281690140845,0.10576923076923077,0.15770609318996415,0.6991037131882202,0.19335138833946924,1048,372,98,44
common_strict,Rattus norvegicus,10,7,Auto-Kla,0.5,1562,142,1420,0.7110865899623091,0.17207862532113957,0.1491507850052552,0.39436619718309857,0.8147887323943662,0.1755485893416928,0.24295010845986986,0.7765685019206146,0.19594788233496283,1157,263,86,56
common_strict,Rattus norvegicus,10,7,HybridKla,0.5,1562,142,1420,0.7666683197778219,0.2587367957325171,0.24027255172730408,0.5985915492957746,0.7697183098591549,0.20631067961165048,0.30685920577617326,0.7541613316261203,0.17990920157636717,1093,327,57,85
common_strict,Rattus norvegicus,10,7,PCBert-Kla,0.5,1562,142,1420,0.595596111882563,0.1381279381861284,0.056694670951384085,0.035211267605633804,0.9880281690140845,0.22727272727272727,0.06097560975609757,0.9014084507042254,0.09653698688741201,1403,17,137,5
common_strict,Rattus norvegicus,10,8,DeepKla,0.5,1562,142,1420,0.5566455068438801,0.11495757702723569,0.012921665343991778,0.30985915492957744,0.7105633802816902,0.0967032967032967,0.1474036850921273,0.6741357234314981,0.2039024035502178,1009,411,98,44
common_strict,Rattus norvegicus,10,8,Auto-Kla,0.5,1562,142,1420,0.705876810156715,0.16909050422498223,0.1431521865831617,0.39436619718309857,0.8084507042253521,0.17073170731707318,0.23829787234042557,0.7708066581306018,0.20008087408909878,1148,272,86,56
common_strict,Rattus norvegicus,10,8,HybridKla,0.5,1562,142,1420,0.771617734576473,0.26588827802153336,0.2528690958842999,0.5985915492957746,0.7830985915492957,0.21628498727735368,0.3177570093457944,0.7663252240717029,0.17198639788347658,1112,308,57,85
common_strict,Rattus norvegicus,10,8,PCBert-Kla,0.5,1562,142,1420,0.5908549890894664,0.13669935083789075,0.059767893607436874,0.035211267605633804,0.9887323943661972,0.23809523809523808,0.06134969325153375,0.9020486555697823,0.09653329556067104,1404,16,137,5
common_strict,Rattus norvegicus,10,9,DeepKla,0.5,1562,142,1420,0.579855187462805,0.12686432723411178,0.043462641971046566,0.30985915492957744,0.7556338028169014,0.11253196930946291,0.1651031894934334,0.7151088348271447,0.19099729662194792,1073,347,98,44
common_strict,Rattus norvegicus,10,9,Auto-Kla,0.5,1562,142,1420,0.718850426502678,0.1804495208321137,0.1682487026111059,0.39436619718309857,0.8338028169014085,0.1917808219178082,0.25806451612903225,0.793854033290653,0.1845709902522186,1184,236,86,56
common_strict,Rattus norvegicus,10,9,HybridKla,0.5,1562,142,1420,0.7684487204919659,0.2429907736795484,0.2569840343025513,0.5985915492957746,0.7873239436619718,0.21963824289405684,0.3213610586011342,0.7701664532650448,0.17446796587315816,1118,302,57,85
common_strict,Rattus norvegicus,10,9,PCBert-Kla,0.5,1562,142,1420,0.595987899226344,0.1389286713081744,0.059767893607436874,0.035211267605633804,0.9887323943661972,0.23809523809523808,0.06134969325153375,0.9020486555697823,0.09592744635943538,1404,16,137,5
common_strict,Rattus norvegicus,10,10,DeepKla,0.5,1562,142,1420,0.5725054552668121,0.12407885100876097,0.031143680731570592,0.30985915492957744,0.7380281690140845,0.10576923076923077,0.15770609318996415,0.6991037131882202,0.19482493352303187,1048,372,98,44
common_strict,Rattus norvegicus,10,10,Auto-Kla,0.5,1562,142,1420,0.7253421940091251,0.18308861005420282,0.16677178598753487,0.39436619718309857,0.8323943661971831,0.19047619047619047,0.25688073394495414,0.7925736235595391,0.18172442997432664,1182,238,86,56
common_strict,Rattus norvegicus,10,10,HybridKla,0.5,1562,142,1420,0.7766663360444356,0.2595455876192374,0.2654281827367953,0.5985915492957746,0.795774647887324,0.22666666666666666,0.32882011605415856,0.7778489116517285,0.16768887505093805,1130,290,57,85
common_strict,Rattus norvegicus,10,10,PCBert-Kla,0.5,1562,142,1420,0.6090259869073597,0.14176701471495512,0.04119761442767736,0.035211267605633804,0.9838028169014085,0.17857142857142858,0.058823529411764705,0.8975672215108835,0.09947697162746344,1397,23,137,5
common_strict,Rattus norvegicus,10,11,DeepKla,0.5,1562,142,1420,0.5715978972426106,0.1223373686017655,0.034537027447894025,0.30985915492957744,0.7429577464788732,0.10757946210268948,0.15970961887477314,0.7035851472471191,0.1954691196272511,1055,365,98,44
common_strict,Rattus norvegicus,10,11,Auto-Kla,0.5,1562,142,1420,0.7157558024201547,0.18862509894025897,0.1539363837967173,0.39436619718309857,0.819718309859155,0.1794871794871795,0.24669603524229078,0.7810499359795134,0.19181429860291882,1164,256,86,56
common_strict,Rattus norvegicus,10,11,HybridKla,0.5,1562,142,1420,0.7758728426899425,0.26962247490855434,0.2625807075751023,0.5985915492957746,0.7929577464788733,0.22427440633245382,0.3262955854126679,0.7752880921895007,0.16650856604106146,1126,294,57,85
common_strict,Rattus norvegicus,10,11,PCBert-Kla,0.5,1562,142,1420,0.6042402301130729,0.1477726820582017,0.06302471053074173,0.035211267605633804,0.9894366197183099,0.25,0.0617283950617284,0.9026888604353394,0.09530521287676112,1405,15,137,5
common_strict,Rattus norvegicus,10,12,DeepKla,0.5,1562,142,1420,0.5688008331680221,0.12339320569124884,0.030181636371957515,0.30985915492957744,0.7366197183098592,0.10526315789473684,0.15714285714285714,0.6978233034571063,0.1957355392259536,1046,374,98,44
common_strict,Rattus norvegicus,10,12,Auto-Kla,0.5,1562,142,1420,0.724429676651458,0.18984210256471104,0.17657006716375068,0.39436619718309857,0.8415492957746479,0.199288256227758,0.264775413711584,0.8008962868117798,0.17574899583740355,1195,225,86,56
common_strict,Rattus norvegicus,10,12,HybridKla,0.5,1562,142,1420,0.7717516365800436,0.2513559392884556,0.2535501461429379,0.5985915492957746,0.7838028169014084,0.21683673469387754,0.3183520599250936,0.7669654289372599,0.1710586560221452,1113,307,57,85
common_strict,Rattus norvegicus,10,12,PCBert-Kla,0.5,1562,142,1420,0.5933693711565167,0.13783252737430396,0.06302471053074173,0.035211267605633804,0.9894366197183099,0.25,0.0617283950617284,0.9026888604353394,0.09562607415140868,1405,15,137,5
common_strict,Rattus norvegicus,10,13,DeepKla,0.5,1562,142,1420,0.5602311049394961,0.11786852352128759,0.028267216054124775,0.30985915492957744,0.7338028169014085,0.10426540284360189,0.15602836879432622,0.6952624839948783,0.19976728424301157,1042,378,98,44
common_strict,Rattus norvegicus,10,13,Auto-Kla,0.5,1562,142,1420,0.720596111882563,0.17979522131776807,0.16384962470435832,0.39436619718309857,0.8295774647887324,0.18791946308724833,0.2545454545454546,0.7900128040973111,0.18593352699110743,1178,242,86,56
common_strict,Rattus norvegicus,10,13,HybridKla,0.5,1562,142,1420,0.7633455663558818,0.24800101829023583,0.240919922188051,0.5985915492957746,0.7704225352112676,0.20681265206812652,0.30741410488245935,0.7548015364916774,0.17993024435621552,1094,326,57,85
common_strict,Rattus norvegicus,10,13,PCBert-Kla,0.5,1562,142,1420,0.5894068637175164,0.1358433768800861,0.06648791854730973,0.035211267605633804,0.9901408450704225,0.2631578947368421,0.062111801242236024,0.9033290653008963,0.0955067587873429,1406,14,137,5
common_strict,Rattus norvegicus,10,14,DeepKla,0.5,1562,142,1420,0.5713152152350723,0.12338949940996308,0.039458686148955806,0.30985915492957744,0.75,0.11027568922305764,0.16266173752310537,0.7099871959026889,0.19430211024778957,1065,355,98,44
common_strict,Rattus norvegicus,10,14,Auto-Kla,0.5,1562,142,1420,0.7113593533029161,0.1724114593360272,0.15118847702272992,0.39436619718309857,0.8169014084507042,0.17721518987341772,0.2445414847161572,0.7784891165172856,0.19527599527312503,1160,260,86,56
common_strict,Rattus norvegicus,10,14,HybridKla,0.5,1562,142,1420,0.7652152350724063,0.26197107124560853,0.23706038692957004,0.5985915492957746,0.7661971830985915,0.2038369304556355,0.30411449016100184,0.7509603072983355,0.18345551051337666,1088,332,57,85
common_strict,Rattus norvegicus,10,14,PCBert-Kla,0.5,1562,142,1420,0.5959283872247569,0.13574844750301185,0.04349325982978633,0.035211267605633804,0.9845070422535211,0.18518518518518517,0.05917159763313609,0.8982074263764405,0.09945851188097031,1398,22,137,5
common_strict,Rattus norvegicus,10,15,DeepKla,0.5,1562,142,1420,0.5710374925609998,0.11980560052614236,0.03162593204532521,0.30985915492957744,0.7387323943661972,0.10602409638554217,0.15798922800718132,0.6997439180537772,0.19707586229727292,1049,371,98,44
common_strict,Rattus norvegicus,10,15,Auto-Kla,0.5,1562,142,1420,0.7198894068637175,0.1844365145035199,0.16457626261335806,0.39436619718309857,0.8302816901408451,0.18855218855218855,0.25512528473804097,0.7906530089628682,0.18505550870945606,1179,241,86,56
common_strict,Rattus norvegicus,10,15,HybridKla,0.5,1562,142,1420,0.7786599880975996,0.2663598208201478,0.26328944198131127,0.5985915492957746,0.793661971830986,0.22486772486772486,0.32692307692307687,0.7759282970550576,0.1651076743519874,1127,293,57,85
common_strict,Rattus norvegicus,10,15,PCBert-Kla,0.5,1562,142,1420,0.5912021424320572,0.13282047022715507,0.04119761442767736,0.035211267605633804,0.9838028169014085,0.17857142857142858,0.058823529411764705,0.8975672215108835,0.10034883784548106,1397,23,137,5
common_strict,Rattus norvegicus,10,16,DeepKla,0.5,1562,142,1420,0.5691876611783375,0.1258022333558282,0.030181636371957515,0.30985915492957744,0.7366197183098592,0.10526315789473684,0.15714285714285714,0.6978233034571063,0.19461761748510797,1046,374,98,44
common_strict,Rattus norvegicus,10,16,Auto-Kla,0.5,1562,142,1420,0.7143473517159293,0.1868131510971941,0.15742272608022878,0.39436619718309857,0.8232394366197183,0.18241042345276873,0.24944320712694876,0.7842509603072984,0.18709436283881598,1169,251,86,56
common_strict,Rattus norvegicus,10,16,HybridKla,0.5,1562,142,1420,0.7612428089664748,0.23644332537400226,0.2435262189272837,0.5985915492957746,0.7732394366197183,0.20884520884520885,0.30965391621129323,0.7573623559539052,0.18275284441763326,1098,322,57,85
common_strict,Rattus norvegicus,10,16,PCBert-Kla,0.5,1562,142,1420,0.6033773060900615,0.14242563110551174,0.056694670951384085,0.035211267605633804,0.9880281690140845,0.22727272727272727,0.06097560975609757,0.9014084507042254,0.09567701005250505,1403,17,137,5
common_strict,Rattus norvegicus,10,17,DeepKla,0.5,1562,142,1420,0.556338028169014,0.12079944864537454,0.012015020748456869,0.30985915492957744,0.7091549295774648,0.0962800875273523,0.14691151919866444,0.6728553137003841,0.20101604064566048,1007,413,98,44
common_strict,Rattus norvegicus,10,17,Auto-Kla,0.5,1562,142,1420,0.7246602856576077,0.18895169938091605,0.17350424912336096,0.39436619718309857,0.8387323943661972,0.19649122807017544,0.2622950819672131,0.7983354673495519,0.18130124694567656,1191,229,86,56
common_strict,Rattus norvegicus,10,17,HybridKla,0.5,1562,142,1420,0.7668369371156517,0.25509901462127804,0.25491793568453724,0.5985915492957746,0.7852112676056338,0.21794871794871795,0.3195488721804511,0.7682458386683739,0.17555084053738954,1115,305,57,85
common_strict,Rattus norvegicus,10,17,PCBert-Kla,0.5,1562,142,1420,0.5965879785756794,0.13832307372745478,0.04839654030876758,0.035211267605633804,0.9859154929577465,0.2,0.05988023952095809,0.8994878361075545,0.09803156853949671,1400,20,137,5
common_strict,Rattus norvegicus,10,18,DeepKla,0.5,1562,142,1420,0.5715135885736957,0.12189841632166902,0.025419067548567795,0.30985915492957744,0.7295774647887324,0.102803738317757,0.15438596491228068,0.6914212548015365,0.19577538959959548,1036,384,98,44
common_strict,Rattus norvegicus,10,18,Auto-Kla,0.5,1562,142,1420,0.7172981551279508,0.17702022600887046,0.15742272608022878,0.39436619718309857,0.8232394366197183,0.18241042345276873,0.24944320712694876,0.7842509603072984,0.19422532787822525,1169,251,86,56
common_strict,Rattus norvegicus,10,18,HybridKla,0.5,1562,142,1420,0.7778466574092443,0.25916007060127627,0.271960689690677,0.5985915492957746,0.8021126760563381,0.23224043715846995,0.33464566929133854,0.7836107554417413,0.16751699787816815,1139,281,57,85
common_strict,Rattus norvegicus,10,18,PCBert-Kla,0.5,1562,142,1420,0.6094326522515374,0.14614201765501336,0.06302471053074173,0.035211267605633804,0.9894366197183099,0.25,0.0617283950617284,0.9026888604353394,0.09488807826614638,1405,15,137,5
common_strict,Rattus norvegicus,10,19,DeepKla,0.5,1562,142,1420,0.5714937512398334,0.12100305682275402,0.035514240260228876,0.30985915492957744,0.7443661971830986,0.10810810810810811,0.16029143897996356,0.704865556978233,0.19581443505300825,1057,363,98,44
common_strict,Rattus norvegicus,10,19,Auto-Kla,0.5,1562,142,1420,0.7260910533624281,0.18354254292148667,0.16973642291486546,0.39436619718309857,0.8352112676056338,0.19310344827586207,0.25925925925925924,0.795134443021767,0.17974640842313702,1186,234,86,56
common_strict,Rattus norvegicus,10,19,HybridKla,0.5,1562,142,1420,0.7828853402102758,0.2646804405192718,0.2618740389760071,0.5985915492957746,0.7922535211267606,0.2236842105263158,0.3256704980842912,0.7746478873239436,0.16566711818909768,1125,295,57,85
common_strict,Rattus norvegicus,10,19,PCBert-Kla,0.5,1562,142,1420,0.6081184288831581,0.14819524441762072,0.06648791854730973,0.035211267605633804,0.9901408450704225,0.2631578947368421,0.062111801242236024,0.9033290653008963,0.09465544049504707,1406,14,137,5
common_strict,Rattus norvegicus,10,20,DeepKla,0.5,1562,142,1420,0.5733981352906169,0.12639814111621,0.03846713097650637,0.30985915492957744,0.7485915492957746,0.10972568578553615,0.16206261510128914,0.7087067861715749,0.1932751127310767,1063,357,98,44
common_strict,Rattus norvegicus,10,20,Auto-Kla,0.5,1562,142,1420,0.7162071017655227,0.1675661779185313,0.15462901520828923,0.39436619718309857,0.8204225352112676,0.18006430868167203,0.24724061810154524,0.7816901408450704,0.1956008746033287,1165,255,86,56
common_strict,Rattus norvegicus,10,20,HybridKla,0.5,1562,142,1420,0.7825282682007538,0.27174068798559353,0.2697633997542578,0.5985915492957746,0.8,0.23035230352303523,0.33268101761252444,0.7816901408450704,0.16513434078711436,1136,284,57,85
common_strict,Rattus norvegicus,10,20,PCBert-Kla,0.5,1562,142,1420,0.6001041460027772,0.13589878388726467,0.04839654030876758,0.035211267605633804,0.9859154929577465,0.2,0.05988023952095809,0.8994878361075545,0.09864136669940421,1400,20,137,5
common_strict,Rattus norvegicus,10,21,DeepKla,0.5,1562,142,1420,0.5597252529260067,0.11715094925536768,0.02589184433942972,0.30985915492957744,0.7302816901408451,0.10304449648711944,0.15465729349736382,0.6920614596670934,0.20078798631946326,1037,383,98,44
common_strict,Rattus norvegicus,10,21,Auto-Kla,0.5,1562,142,1420,0.7214094425709185,0.2019668702863453,0.16603732081674846,0.39436619718309857,0.8316901408450704,0.18983050847457628,0.25629290617848965,0.791933418693982,0.18294966762640408,1181,239,86,56
common_strict,Rattus norvegicus,10,21,HybridKla,0.5,1562,142,1420,0.7712457845665543,0.24261212913336383,0.2535501461429379,0.5985915492957746,0.7838028169014084,0.21683673469387754,0.3183520599250936,0.7669654289372599,0.17437684285846233,1113,307,57,85
common_strict,Rattus norvegicus,10,21,PCBert-Kla,0.5,1562,142,1420,0.5965780599087482,0.15071062478914754,0.09359483981940661,0.035211267605633804,0.9943661971830986,0.38461538461538464,0.06451612903225806,0.9071702944942381,0.09151012810087789,1412,8,137,5
common_strict,Rattus norvegicus,10,22,DeepKla,0.5,1562,142,1420,0.5549642927990478,0.11587361114335405,0.018876833464036263,0.30985915492957744,0.719718309859155,0.09954751131221719,0.1506849315068493,0.6824583866837388,0.203849251097347,1022,398,98,44
common_strict,Rattus norvegicus,10,22,Auto-Kla,0.5,1562,142,1420,0.7047088871255703,0.16495148972565932,0.1491507850052552,0.39436619718309857,0.8147887323943662,0.1755485893416928,0.24295010845986986,0.7765685019206146,0.19970242175043332,1157,263,86,56
common_strict,Rattus norvegicus,10,22,HybridKla,0.5,1562,142,1420,0.7639158897044238,0.2583306865529158,0.23642281824700054,0.5985915492957746,0.7654929577464789,0.20334928229665072,0.3035714285714286,0.7503201024327785,0.1831358141560268,1087,333,57,85
common_strict,Rattus norvegicus,10,22,PCBert-Kla,0.5,1562,142,1420,0.5915939297758381,0.13554754397807792,0.051024399850927965,0.035211267605633804,0.9866197183098592,0.20833333333333334,0.06024096385542169,0.9001280409731114,0.09798527000957775,1401,19,137,5
common_strict,Rattus norvegicus,10,23,DeepKla,0.5,1562,142,1420,0.5529904780797461,0.11240456949423137,0.012015020748456869,0.30985915492957744,0.7091549295774648,0.0962800875273523,0.14691151919866444,0.6728553137003841,0.20598374195854777,1007,413,98,44
common_strict,Rattus norvegicus,10,23,Auto-Kla,0.5,1562,142,1420,0.7105956159492164,0.18093015297476703,0.15324603284489116,0.39436619718309857,0.8190140845070423,0.17891373801916932,0.24615384615384614,0.7804097311139565,0.19472109015234523,1163,257,86,56
common_strict,Rattus norvegicus,10,23,HybridKla,0.5,1562,142,1420,0.763117437016465,0.22520329588886198,0.2376995632306638,0.5985915492957746,0.7669014084507042,0.20432692307692307,0.30465949820788535,0.7516005121638925,0.18321922462469128,1089,331,57,85
common_strict,Rattus norvegicus,10,23,PCBert-Kla,0.5,1562,142,1420,0.6002380480063478,0.13819132211640153,0.05378569073920459,0.035211267605633804,0.9873239436619718,0.21739130434782608,0.060606060606060615,0.9007682458386683,0.09609106529395998,1402,18,137,5
common_strict,Rattus norvegicus,10,24,DeepKla,0.5,1562,142,1420,0.568329696488792,0.12145661169329763,0.03502519858573777,0.30985915492957744,0.7436619718309859,0.10784313725490197,0.16,0.704225352112676,0.196955367469279,1056,364,98,44
common_strict,Rattus norvegicus,10,24,Auto-Kla,0.5,1562,142,1420,0.7161103947629439,0.1842245325011373,0.16530548721429453,0.39436619718309857,0.8309859154929577,0.1891891891891892,0.2557077625570776,0.7912932138284251,0.1853774019981481,1180,240,86,56
common_strict,Rattus norvegicus,10,24,HybridKla,0.5,1562,142,1420,0.7769638960523707,0.2602497564731732,0.27269762040071294,0.5985915492957746,0.8028169014084507,0.2328767123287671,0.33530571992110453,0.7842509603072984,0.16528335890102747,1140,280,57,85
common_strict,Rattus norvegicus,10,24,PCBert-Kla,0.5,1562,142,1420,0.5932404284864113,0.13740704543140952,0.056694670951384085,0.035211267605633804,0.9880281690140845,0.22727272727272727,0.06097560975609757,0.9014084507042254,0.09633785263908458,1403,17,137,5
common_strict,Rattus norvegicus,10,25,DeepKla,0.5,1562,142,1420,0.5624280896647491,0.11800086571653047,0.013830784665606173,0.30985915492957744,0.7119718309859155,0.09713024282560706,0.14789915966386555,0.6754161331626121,0.20147655689704883,1011,409,98,44
common_strict,Rattus norvegicus,10,25,Auto-Kla,0.5,1562,142,1420,0.7130331283475502,0.17266391113079654,0.15050706317571047,0.39436619718309857,0.8161971830985916,0.17665615141955837,0.2440087145969499,0.7778489116517285,0.1976709442728494,1159,261,86,56
common_strict,Rattus norvegicus,10,25,HybridKla,0.5,1562,142,1420,0.7637323943661972,0.25241178831062105,0.24287210071952378,0.5985915492957746,0.7725352112676056,0.20833333333333334,0.3090909090909091,0.7567221510883483,0.18165297316025017,1097,323,57,85
common_strict,Rattus norvegicus,10,25,PCBert-Kla,0.5,1562,142,1420,0.6053808768101567,0.14535654331447156,0.06648791854730973,0.035211267605633804,0.9901408450704225,0.2631578947368421,0.062111801242236024,0.9033290653008963,0.09549279749182646,1406,14,137,5
common_strict,Rattus norvegicus,10,26,DeepKla,0.5,1562,142,1420,0.5708936718904979,0.12062047097188759,0.02922283035049144,0.30985915492957744,0.7352112676056338,0.10476190476190476,0.15658362989323843,0.6965428937259923,0.19708745630255092,1044,376,98,44
common_strict,Rattus norvegicus,10,26,Auto-Kla,0.5,1562,142,1420,0.7147614560603055,0.17229900837629836,0.15532394595540833,0.39436619718309857,0.8211267605633803,0.18064516129032257,0.247787610619469,0.7823303457106274,0.19175932887487548,1166,254,86,56
common_strict,Rattus norvegicus,10,26,HybridKla,0.5,1562,142,1420,0.778739337433049,0.2640428950045104,0.2590677429362975,0.5985915492957746,0.7894366197183098,0.22135416666666666,0.3231939163498099,0.7720870678617158,0.17039432964949824,1121,299,57,85
common_strict,Rattus norvegicus,10,26,PCBert-Kla,0.5,1562,142,1420,0.5949166831977782,0.13945621024785654,0.051024399850927965,0.035211267605633804,0.9866197183098592,0.20833333333333334,0.06024096385542169,0.9001280409731114,0.09768551561398048,1401,19,137,5
common_strict,Rattus norvegicus,10,27,DeepKla,0.5,1562,142,1420,0.5551477881372743,0.11660787957803981,0.022598030463186668,0.30985915492957744,0.7253521126760564,0.10138248847926268,0.15277777777777776,0.6875800256081946,0.2017678629910172,1030,390,98,44
common_strict,Rattus norvegicus,10,27,Auto-Kla,0.5,1562,142,1420,0.7041856774449513,0.171032774831805,0.1484758854724487,0.39436619718309857,0.8140845070422535,0.175,0.2424242424242424,0.7759282970550576,0.20086652631926438,1156,264,86,56
common_strict,Rattus norvegicus,10,27,HybridKla,0.5,1562,142,1420,0.7658649077563976,0.23813332783481736,0.24949179034118663,0.5985915492957746,0.7795774647887324,0.2135678391959799,0.3148148148148148,0.7631241997439181,0.17740255834334653,1107,313,57,85
common_strict,Rattus norvegicus,10,27,PCBert-Kla,0.5,1562,142,1420,0.5857915096211069,0.13699148430342045,0.04839654030876758,0.035211267605633804,0.9859154929577465,0.2,0.05988023952095809,0.8994878361075545,0.09642964082355873,1400,20,137,5
common_strict,Rattus norvegicus,10,28,DeepKla,0.5,1562,142,1420,0.5519390993850427,0.11831768624283594,0.020267042374519966,0.30985915492957744,0.721830985915493,0.10022779043280182,0.15146299483648878,0.6843790012804097,0.20196603758103845,1025,395,98,44
common_strict,Rattus norvegicus,10,28,Auto-Kla,0.5,1562,142,1420,0.7087978575679429,0.1770444866377123,0.15324603284489116,0.39436619718309857,0.8190140845070423,0.17891373801916932,0.24615384615384614,0.7804097311139565,0.19476123224091085,1163,257,86,56
common_strict,Rattus norvegicus,10,28,HybridKla,0.5,1562,142,1420,0.7545477087879389,0.23230151101279667,0.2357868469724175,0.5985915492957746,0.7647887323943662,0.20286396181384247,0.30303030303030304,0.7496798975672215,0.1903415917581696,1086,334,57,85
common_strict,Rattus norvegicus,10,28,PCBert-Kla,0.5,1562,142,1420,0.6012199960325333,0.146138078939626,0.06302471053074173,0.035211267605633804,0.9894366197183099,0.25,0.0617283950617284,0.9026888604353394,0.09522202278115949,1405,15,137,5
common_strict,Rattus norvegicus,10,29,DeepKla,0.5,1562,142,1420,0.573279111287443,0.12108389329255098,0.028267216054124775,0.30985915492957744,0.7338028169014085,0.10426540284360189,0.15602836879432622,0.6952624839948783,0.19628308645643203,1042,378,98,44
common_strict,Rattus norvegicus,10,29,Auto-Kla,0.5,1562,142,1420,0.7027276334060703,0.16827040292640916,0.14118931677640564,0.39436619718309857,0.8063380281690141,0.1691842900302115,0.2367864693446089,0.7688860435339309,0.20416361810960337,1145,275,86,56
common_strict,Rattus norvegicus,10,29,HybridKla,0.5,1562,142,1420,0.7770382860543542,0.2715924376901879,0.2618740389760071,0.5985915492957746,0.7922535211267606,0.2236842105263158,0.3256704980842912,0.7746478873239436,0.16930731040131278,1125,295,57,85
common_strict,Rattus norvegicus,10,29,PCBert-Kla,0.5,1562,142,1420,0.5962557032334854,0.1403848189108871,0.06302471053074173,0.035211267605633804,0.9894366197183099,0.25,0.0617283950617284,0.9026888604353394,0.09602603102730824,1405,15,137,5
common_strict,Rattus norvegicus,all,0,DeepKla,0.5,10331,142,10189,0.5659645378404493,0.02460394680430432,0.011719152551979799,0.30985915492957744,0.7346157620963785,0.01601164483260553,0.03044982698961938,0.7287774658793921,0.1847256392786938,7485,2704,98,44
common_strict,Rattus norvegicus,all,0,Auto-Kla,0.5,10331,142,10189,0.7162971942954222,0.030186798322139607,0.06637679871694488,0.39436619718309857,0.824124055353813,0.030303030303030304,0.05628140703517588,0.8182170167457168,0.15905539649962241,8397,1792,86,56
common_strict,Rattus norvegicus,all,0,HybridKla,0.5,10331,142,10189,0.7713773069272442,0.04912483203012444,0.10704056736527823,0.5985915492957746,0.7833938561193444,0.037085514834205933,0.06984387838948233,0.7808537411673604,0.1626954010247667,7982,2207,57,85
common_strict,Rattus norvegicus,all,0,PCBert-Kla,0.5,10331,142,10189,0.5981243235248175,0.028087018431999396,0.023581170788877812,0.035211267605633804,0.9875355775836686,0.03787878787878788,0.03649635036496351,0.9744458426096215,0.023601480381835935,10062,127,137,5
common_strict,Rattus norvegicus,all,1,DeepKla,0.5,10331,142,10189,0.5659645378404493,0.02460394680430432,0.011719152551979799,0.30985915492957744,0.7346157620963785,0.01601164483260553,0.03044982698961938,0.7287774658793921,0.1847256392786938,7485,2704,98,44
common_strict,Rattus norvegicus,all,1,Auto-Kla,0.5,10331,142,10189,0.7162971942954222,0.030186798322139607,0.06637679871694488,0.39436619718309857,0.824124055353813,0.030303030303030304,0.05628140703517588,0.8182170167457168,0.15905539649962241,8397,1792,86,56
common_strict,Rattus norvegicus,all,1,HybridKla,0.5,10331,142,10189,0.7713773069272442,0.04912483203012444,0.10704056736527823,0.5985915492957746,0.7833938561193444,0.037085514834205933,0.06984387838948233,0.7808537411673604,0.1626954010247667,7982,2207,57,85
common_strict,Rattus norvegicus,all,1,PCBert-Kla,0.5,10331,142,10189,0.5981243235248175,0.028087018431999396,0.023581170788877812,0.035211267605633804,0.9875355775836686,0.03787878787878788,0.03649635036496351,0.9744458426096215,0.023601480381835935,10062,127,137,5
common_strict,Rattus norvegicus,all,2,DeepKla,0.5,10331,142,10189,0.5659645378404493,0.02460394680430432,0.011719152551979799,0.30985915492957744,0.7346157620963785,0.01601164483260553,0.03044982698961938,0.7287774658793921,0.1847256392786938,7485,2704,98,44
common_strict,Rattus norvegicus,all,2,Auto-Kla,0.5,10331,142,10189,0.7162971942954222,0.030186798322139607,0.06637679871694488,0.39436619718309857,0.824124055353813,0.030303030303030304,0.05628140703517588,0.8182170167457168,0.15905539649962241,8397,1792,86,56
common_strict,Rattus norvegicus,all,2,HybridKla,0.5,10331,142,10189,0.7713773069272442,0.04912483203012444,0.10704056736527823,0.5985915492957746,0.7833938561193444,0.037085514834205933,0.06984387838948233,0.7808537411673604,0.1626954010247667,7982,2207,57,85
common_strict,Rattus norvegicus,all,2,PCBert-Kla,0.5,10331,142,10189,0.5981243235248175,0.028087018431999396,0.023581170788877812,0.035211267605633804,0.9875355775836686,0.03787878787878788,0.03649635036496351,0.9744458426096215,0.023601480381835935,10062,127,137,5
common_strict,Rattus norvegicus,all,3,DeepKla,0.5,10331,142,10189,0.5659645378404493,0.02460394680430432,0.011719152551979799,0.30985915492957744,0.7346157620963785,0.01601164483260553,0.03044982698961938,0.7287774658793921,0.1847256392786938,7485,2704,98,44
common_strict,Rattus norvegicus,all,3,Auto-Kla,0.5,10331,142,10189,0.7162971942954222,0.030186798322139607,0.06637679871694488,0.39436619718309857,0.824124055353813,0.030303030303030304,0.05628140703517588,0.8182170167457168,0.15905539649962241,8397,1792,86,56
common_strict,Rattus norvegicus,all,3,HybridKla,0.5,10331,142,10189,0.7713773069272442,0.04912483203012444,0.10704056736527823,0.5985915492957746,0.7833938561193444,0.037085514834205933,0.06984387838948233,0.7808537411673604,0.1626954010247667,7982,2207,57,85
common_strict,Rattus norvegicus,all,3,PCBert-Kla,0.5,10331,142,10189,0.5981243235248175,0.028087018431999396,0.023581170788877812,0.035211267605633804,0.9875355775836686,0.03787878787878788,0.03649635036496351,0.9744458426096215,0.023601480381835935,10062,127,137,5
common_strict,Rattus norvegicus,all,4,DeepKla,0.5,10331,142,10189,0.5659645378404493,0.02460394680430432,0.011719152551979799,0.30985915492957744,0.7346157620963785,0.01601164483260553,0.03044982698961938,0.7287774658793921,0.1847256392786938,7485,2704,98,44
common_strict,Rattus norvegicus,all,4,Auto-Kla,0.5,10331,142,10189,0.7162971942954222,0.030186798322139607,0.06637679871694488,0.39436619718309857,0.824124055353813,0.030303030303030304,0.05628140703517588,0.8182170167457168,0.15905539649962241,8397,1792,86,56
common_strict,Rattus norvegicus,all,4,HybridKla,0.5,10331,142,10189,0.7713773069272442,0.04912483203012444,0.10704056736527823,0.5985915492957746,0.7833938561193444,0.037085514834205933,0.06984387838948233,0.7808537411673604,0.1626954010247667,7982,2207,57,85
common_strict,Rattus norvegicus,all,4,PCBert-Kla,0.5,10331,142,10189,0.5981243235248175,0.028087018431999396,0.023581170788877812,0.035211267605633804,0.9875355775836686,0.03787878787878788,0.03649635036496351,0.9744458426096215,0.023601480381835935,10062,127,137,5
common_strict,Rattus norvegicus,all,5,DeepKla,0.5,10331,142,10189,0.5659645378404493,0.02460394680430432,0.011719152551979799,0.30985915492957744,0.7346157620963785,0.01601164483260553,0.03044982698961938,0.7287774658793921,0.1847256392786938,7485,2704,98,44
common_strict,Rattus norvegicus,all,5,Auto-Kla,0.5,10331,142,10189,0.7162971942954222,0.030186798322139607,0.06637679871694488,0.39436619718309857,0.824124055353813,0.030303030303030304,0.05628140703517588,0.8182170167457168,0.15905539649962241,8397,1792,86,56
common_strict,Rattus norvegicus,all,5,HybridKla,0.5,10331,142,10189,0.7713773069272442,0.04912483203012444,0.10704056736527823,0.5985915492957746,0.7833938561193444,0.037085514834205933,0.06984387838948233,0.7808537411673604,0.1626954010247667,7982,2207,57,85
common_strict,Rattus norvegicus,all,5,PCBert-Kla,0.5,10331,142,10189,0.5981243235248175,0.028087018431999396,0.023581170788877812,0.035211267605633804,0.9875355775836686,0.03787878787878788,0.03649635036496351,0.9744458426096215,0.023601480381835935,10062,127,137,5
common_strict,Rattus norvegicus,all,6,DeepKla,0.5,10331,142,10189,0.5659645378404493,0.02460394680430432,0.011719152551979799,0.30985915492957744,0.7346157620963785,0.01601164483260553,0.03044982698961938,0.7287774658793921,0.1847256392786938,7485,2704,98,44
common_strict,Rattus norvegicus,all,6,Auto-Kla,0.5,10331,142,10189,0.7162971942954222,0.030186798322139607,0.06637679871694488,0.39436619718309857,0.824124055353813,0.030303030303030304,0.05628140703517588,0.8182170167457168,0.15905539649962241,8397,1792,86,56
common_strict,Rattus norvegicus,all,6,HybridKla,0.5,10331,142,10189,0.7713773069272442,0.04912483203012444,0.10704056736527823,0.5985915492957746,0.7833938561193444,0.037085514834205933,0.06984387838948233,0.7808537411673604,0.1626954010247667,7982,2207,57,85
common_strict,Rattus norvegicus,all,6,PCBert-Kla,0.5,10331,142,10189,0.5981243235248175,0.028087018431999396,0.023581170788877812,0.035211267605633804,0.9875355775836686,0.03787878787878788,0.03649635036496351,0.9744458426096215,0.023601480381835935,10062,127,137,5
common_strict,Rattus norvegicus,all,7,DeepKla,0.5,10331,142,10189,0.5659645378404493,0.02460394680430432,0.011719152551979799,0.30985915492957744,0.7346157620963785,0.01601164483260553,0.03044982698961938,0.7287774658793921,0.1847256392786938,7485,2704,98,44
common_strict,Rattus norvegicus,all,7,Auto-Kla,0.5,10331,142,10189,0.7162971942954222,0.030186798322139607,0.06637679871694488,0.39436619718309857,0.824124055353813,0.030303030303030304,0.05628140703517588,0.8182170167457168,0.15905539649962241,8397,1792,86,56
common_strict,Rattus norvegicus,all,7,HybridKla,0.5,10331,142,10189,0.7713773069272442,0.04912483203012444,0.10704056736527823,0.5985915492957746,0.7833938561193444,0.037085514834205933,0.06984387838948233,0.7808537411673604,0.1626954010247667,7982,2207,57,85
common_strict,Rattus norvegicus,all,7,PCBert-Kla,0.5,10331,142,10189,0.5981243235248175,0.028087018431999396,0.023581170788877812,0.035211267605633804,0.9875355775836686,0.03787878787878788,0.03649635036496351,0.9744458426096215,0.023601480381835935,10062,127,137,5
common_strict,Rattus norvegicus,all,8,DeepKla,0.5,10331,142,10189,0.5659645378404493,0.02460394680430432,0.011719152551979799,0.30985915492957744,0.7346157620963785,0.01601164483260553,0.03044982698961938,0.7287774658793921,0.1847256392786938,7485,2704,98,44
common_strict,Rattus norvegicus,all,8,Auto-Kla,0.5,10331,142,10189,0.7162971942954222,0.030186798322139607,0.06637679871694488,0.39436619718309857,0.824124055353813,0.030303030303030304,0.05628140703517588,0.8182170167457168,0.15905539649962241,8397,1792,86,56
common_strict,Rattus norvegicus,all,8,HybridKla,0.5,10331,142,10189,0.7713773069272442,0.04912483203012444,0.10704056736527823,0.5985915492957746,0.7833938561193444,0.037085514834205933,0.06984387838948233,0.7808537411673604,0.1626954010247667,7982,2207,57,85
common_strict,Rattus norvegicus,all,8,PCBert-Kla,0.5,10331,142,10189,0.5981243235248175,0.028087018431999396,0.023581170788877812,0.035211267605633804,0.9875355775836686,0.03787878787878788,0.03649635036496351,0.9744458426096215,0.023601480381835935,10062,127,137,5
common_strict,Rattus norvegicus,all,9,DeepKla,0.5,10331,142,10189,0.5659645378404493,0.02460394680430432,0.011719152551979799,0.30985915492957744,0.7346157620963785,0.01601164483260553,0.03044982698961938,0.7287774658793921,0.1847256392786938,7485,2704,98,44
common_strict,Rattus norvegicus,all,9,Auto-Kla,0.5,10331,142,10189,0.7162971942954222,0.030186798322139607,0.06637679871694488,0.39436619718309857,0.824124055353813,0.030303030303030304,0.05628140703517588,0.8182170167457168,0.15905539649962241,8397,1792,86,56
common_strict,Rattus norvegicus,all,9,HybridKla,0.5,10331,142,10189,0.7713773069272442,0.04912483203012444,0.10704056736527823,0.5985915492957746,0.7833938561193444,0.037085514834205933,0.06984387838948233,0.7808537411673604,0.1626954010247667,7982,2207,57,85
common_strict,Rattus norvegicus,all,9,PCBert-Kla,0.5,10331,142,10189,0.5981243235248175,0.028087018431999396,0.023581170788877812,0.035211267605633804,0.9875355775836686,0.03787878787878788,0.03649635036496351,0.9744458426096215,0.023601480381835935,10062,127,137,5
common_strict,Rattus norvegicus,all,10,DeepKla,0.5,10331,142,10189,0.5659645378404493,0.02460394680430432,0.011719152551979799,0.30985915492957744,0.7346157620963785,0.01601164483260553,0.03044982698961938,0.7287774658793921,0.1847256392786938,7485,2704,98,44
common_strict,Rattus norvegicus,all,10,Auto-Kla,0.5,10331,142,10189,0.7162971942954222,0.030186798322139607,0.06637679871694488,0.39436619718309857,0.824124055353813,0.030303030303030304,0.05628140703517588,0.8182170167457168,0.15905539649962241,8397,1792,86,56
common_strict,Rattus norvegicus,all,10,HybridKla,0.5,10331,142,10189,0.7713773069272442,0.04912483203012444,0.10704056736527823,0.5985915492957746,0.7833938561193444,0.037085514834205933,0.06984387838948233,0.7808537411673604,0.1626954010247667,7982,2207,57,85
common_strict,Rattus norvegicus,all,10,PCBert-Kla,0.5,10331,142,10189,0.5981243235248175,0.028087018431999396,0.023581170788877812,0.035211267605633804,0.9875355775836686,0.03787878787878788,0.03649635036496351,0.9744458426096215,0.023601480381835935,10062,127,137,5
common_strict,Rattus norvegicus,all,11,DeepKla,0.5,10331,142,10189,0.5659645378404493,0.02460394680430432,0.011719152551979799,0.30985915492957744,0.7346157620963785,0.01601164483260553,0.03044982698961938,0.7287774658793921,0.1847256392786938,7485,2704,98,44
common_strict,Rattus norvegicus,all,11,Auto-Kla,0.5,10331,142,10189,0.7162971942954222,0.030186798322139607,0.06637679871694488,0.39436619718309857,0.824124055353813,0.030303030303030304,0.05628140703517588,0.8182170167457168,0.15905539649962241,8397,1792,86,56
common_strict,Rattus norvegicus,all,11,HybridKla,0.5,10331,142,10189,0.7713773069272442,0.04912483203012444,0.10704056736527823,0.5985915492957746,0.7833938561193444,0.037085514834205933,0.06984387838948233,0.7808537411673604,0.1626954010247667,7982,2207,57,85
common_strict,Rattus norvegicus,all,11,PCBert-Kla,0.5,10331,142,10189,0.5981243235248175,0.028087018431999396,0.023581170788877812,0.035211267605633804,0.9875355775836686,0.03787878787878788,0.03649635036496351,0.9744458426096215,0.023601480381835935,10062,127,137,5
common_strict,Rattus norvegicus,all,12,DeepKla,0.5,10331,142,10189,0.5659645378404493,0.02460394680430432,0.011719152551979799,0.30985915492957744,0.7346157620963785,0.01601164483260553,0.03044982698961938,0.7287774658793921,0.1847256392786938,7485,2704,98,44
common_strict,Rattus norvegicus,all,12,Auto-Kla,0.5,10331,142,10189,0.7162971942954222,0.030186798322139607,0.06637679871694488,0.39436619718309857,0.824124055353813,0.030303030303030304,0.05628140703517588,0.8182170167457168,0.15905539649962241,8397,1792,86,56
common_strict,Rattus norvegicus,all,12,HybridKla,0.5,10331,142,10189,0.7713773069272442,0.04912483203012444,0.10704056736527823,0.5985915492957746,0.7833938561193444,0.037085514834205933,0.06984387838948233,0.7808537411673604,0.1626954010247667,7982,2207,57,85
common_strict,Rattus norvegicus,all,12,PCBert-Kla,0.5,10331,142,10189,0.5981243235248175,0.028087018431999396,0.023581170788877812,0.035211267605633804,0.9875355775836686,0.03787878787878788,0.03649635036496351,0.9744458426096215,0.023601480381835935,10062,127,137,5
common_strict,Rattus norvegicus,all,13,DeepKla,0.5,10331,142,10189,0.5659645378404493,0.02460394680430432,0.011719152551979799,0.30985915492957744,0.7346157620963785,0.01601164483260553,0.03044982698961938,0.7287774658793921,0.1847256392786938,7485,2704,98,44
common_strict,Rattus norvegicus,all,13,Auto-Kla,0.5,10331,142,10189,0.7162971942954222,0.030186798322139607,0.06637679871694488,0.39436619718309857,0.824124055353813,0.030303030303030304,0.05628140703517588,0.8182170167457168,0.15905539649962241,8397,1792,86,56
common_strict,Rattus norvegicus,all,13,HybridKla,0.5,10331,142,10189,0.7713773069272442,0.04912483203012444,0.10704056736527823,0.5985915492957746,0.7833938561193444,0.037085514834205933,0.06984387838948233,0.7808537411673604,0.1626954010247667,7982,2207,57,85
common_strict,Rattus norvegicus,all,13,PCBert-Kla,0.5,10331,142,10189,0.5981243235248175,0.028087018431999396,0.023581170788877812,0.035211267605633804,0.9875355775836686,0.03787878787878788,0.03649635036496351,0.9744458426096215,0.023601480381835935,10062,127,137,5
common_strict,Rattus norvegicus,all,14,DeepKla,0.5,10331,142,10189,0.5659645378404493,0.02460394680430432,0.011719152551979799,0.30985915492957744,0.7346157620963785,0.01601164483260553,0.03044982698961938,0.7287774658793921,0.1847256392786938,7485,2704,98,44
common_strict,Rattus norvegicus,all,14,Auto-Kla,0.5,10331,142,10189,0.7162971942954222,0.030186798322139607,0.06637679871694488,0.39436619718309857,0.824124055353813,0.030303030303030304,0.05628140703517588,0.8182170167457168,0.15905539649962241,8397,1792,86,56
common_strict,Rattus norvegicus,all,14,HybridKla,0.5,10331,142,10189,0.7713773069272442,0.04912483203012444,0.10704056736527823,0.5985915492957746,0.7833938561193444,0.037085514834205933,0.06984387838948233,0.7808537411673604,0.1626954010247667,7982,2207,57,85
common_strict,Rattus norvegicus,all,14,PCBert-Kla,0.5,10331,142,10189,0.5981243235248175,0.028087018431999396,0.023581170788877812,0.035211267605633804,0.9875355775836686,0.03787878787878788,0.03649635036496351,0.9744458426096215,0.023601480381835935,10062,127,137,5
common_strict,Rattus norvegicus,all,15,DeepKla,0.5,10331,142,10189,0.5659645378404493,0.02460394680430432,0.011719152551979799,0.30985915492957744,0.7346157620963785,0.01601164483260553,0.03044982698961938,0.7287774658793921,0.1847256392786938,7485,2704,98,44
common_strict,Rattus norvegicus,all,15,Auto-Kla,0.5,10331,142,10189,0.7162971942954222,0.030186798322139607,0.06637679871694488,0.39436619718309857,0.824124055353813,0.030303030303030304,0.05628140703517588,0.8182170167457168,0.15905539649962241,8397,1792,86,56
common_strict,Rattus norvegicus,all,15,HybridKla,0.5,10331,142,10189,0.7713773069272442,0.04912483203012444,0.10704056736527823,0.5985915492957746,0.7833938561193444,0.037085514834205933,0.06984387838948233,0.7808537411673604,0.1626954010247667,7982,2207,57,85
common_strict,Rattus norvegicus,all,15,PCBert-Kla,0.5,10331,142,10189,0.5981243235248175,0.028087018431999396,0.023581170788877812,0.035211267605633804,0.9875355775836686,0.03787878787878788,0.03649635036496351,0.9744458426096215,0.023601480381835935,10062,127,137,5
common_strict,Rattus norvegicus,all,16,DeepKla,0.5,10331,142,10189,0.5659645378404493,0.02460394680430432,0.011719152551979799,0.30985915492957744,0.7346157620963785,0.01601164483260553,0.03044982698961938,0.7287774658793921,0.1847256392786938,7485,2704,98,44
common_strict,Rattus norvegicus,all,16,Auto-Kla,0.5,10331,142,10189,0.7162971942954222,0.030186798322139607,0.06637679871694488,0.39436619718309857,0.824124055353813,0.030303030303030304,0.05628140703517588,0.8182170167457168,0.15905539649962241,8397,1792,86,56
common_strict,Rattus norvegicus,all,16,HybridKla,0.5,10331,142,10189,0.7713773069272442,0.04912483203012444,0.10704056736527823,0.5985915492957746,0.7833938561193444,0.037085514834205933,0.06984387838948233,0.7808537411673604,0.1626954010247667,7982,2207,57,85
common_strict,Rattus norvegicus,all,16,PCBert-Kla,0.5,10331,142,10189,0.5981243235248175,0.028087018431999396,0.023581170788877812,0.035211267605633804,0.9875355775836686,0.03787878787878788,0.03649635036496351,0.9744458426096215,0.023601480381835935,10062,127,137,5
common_strict,Rattus norvegicus,all,17,DeepKla,0.5,10331,142,10189,0.5659645378404493,0.02460394680430432,0.011719152551979799,0.30985915492957744,0.7346157620963785,0.01601164483260553,0.03044982698961938,0.7287774658793921,0.1847256392786938,7485,2704,98,44
common_strict,Rattus norvegicus,all,17,Auto-Kla,0.5,10331,142,10189,0.7162971942954222,0.030186798322139607,0.06637679871694488,0.39436619718309857,0.824124055353813,0.030303030303030304,0.05628140703517588,0.8182170167457168,0.15905539649962241,8397,1792,86,56
common_strict,Rattus norvegicus,all,17,HybridKla,0.5,10331,142,10189,0.7713773069272442,0.04912483203012444,0.10704056736527823,0.5985915492957746,0.7833938561193444,0.037085514834205933,0.06984387838948233,0.7808537411673604,0.1626954010247667,7982,2207,57,85
common_strict,Rattus norvegicus,all,17,PCBert-Kla,0.5,10331,142,10189,0.5981243235248175,0.028087018431999396,0.023581170788877812,0.035211267605633804,0.9875355775836686,0.03787878787878788,0.03649635036496351,0.9744458426096215,0.023601480381835935,10062,127,137,5
common_strict,Rattus norvegicus,all,18,DeepKla,0.5,10331,142,10189,0.5659645378404493,0.02460394680430432,0.011719152551979799,0.30985915492957744,0.7346157620963785,0.01601164483260553,0.03044982698961938,0.7287774658793921,0.1847256392786938,7485,2704,98,44
common_strict,Rattus norvegicus,all,18,Auto-Kla,0.5,10331,142,10189,0.7162971942954222,0.030186798322139607,0.06637679871694488,0.39436619718309857,0.824124055353813,0.030303030303030304,0.05628140703517588,0.8182170167457168,0.15905539649962241,8397,1792,86,56
common_strict,Rattus norvegicus,all,18,HybridKla,0.5,10331,142,10189,0.7713773069272442,0.04912483203012444,0.10704056736527823,0.5985915492957746,0.7833938561193444,0.037085514834205933,0.06984387838948233,0.7808537411673604,0.1626954010247667,7982,2207,57,85
common_strict,Rattus norvegicus,all,18,PCBert-Kla,0.5,10331,142,10189,0.5981243235248175,0.028087018431999396,0.023581170788877812,0.035211267605633804,0.9875355775836686,0.03787878787878788,0.03649635036496351,0.9744458426096215,0.023601480381835935,10062,127,137,5
common_strict,Rattus norvegicus,all,19,DeepKla,0.5,10331,142,10189,0.5659645378404493,0.02460394680430432,0.011719152551979799,0.30985915492957744,0.7346157620963785,0.01601164483260553,0.03044982698961938,0.7287774658793921,0.1847256392786938,7485,2704,98,44
common_strict,Rattus norvegicus,all,19,Auto-Kla,0.5,10331,142,10189,0.7162971942954222,0.030186798322139607,0.06637679871694488,0.39436619718309857,0.824124055353813,0.030303030303030304,0.05628140703517588,0.8182170167457168,0.15905539649962241,8397,1792,86,56
common_strict,Rattus norvegicus,all,19,HybridKla,0.5,10331,142,10189,0.7713773069272442,0.04912483203012444,0.10704056736527823,0.5985915492957746,0.7833938561193444,0.037085514834205933,0.06984387838948233,0.7808537411673604,0.1626954010247667,7982,2207,57,85
common_strict,Rattus norvegicus,all,19,PCBert-Kla,0.5,10331,142,10189,0.5981243235248175,0.028087018431999396,0.023581170788877812,0.035211267605633804,0.9875355775836686,0.03787878787878788,0.03649635036496351,0.9744458426096215,0.023601480381835935,10062,127,137,5
common_strict,Rattus norvegicus,all,20,DeepKla,0.5,10331,142,10189,0.5659645378404493,0.02460394680430432,0.011719152551979799,0.30985915492957744,0.7346157620963785,0.01601164483260553,0.03044982698961938,0.7287774658793921,0.1847256392786938,7485,2704,98,44
common_strict,Rattus norvegicus,all,20,Auto-Kla,0.5,10331,142,10189,0.7162971942954222,0.030186798322139607,0.06637679871694488,0.39436619718309857,0.824124055353813,0.030303030303030304,0.05628140703517588,0.8182170167457168,0.15905539649962241,8397,1792,86,56
common_strict,Rattus norvegicus,all,20,HybridKla,0.5,10331,142,10189,0.7713773069272442,0.04912483203012444,0.10704056736527823,0.5985915492957746,0.7833938561193444,0.037085514834205933,0.06984387838948233,0.7808537411673604,0.1626954010247667,7982,2207,57,85
common_strict,Rattus norvegicus,all,20,PCBert-Kla,0.5,10331,142,10189,0.5981243235248175,0.028087018431999396,0.023581170788877812,0.035211267605633804,0.9875355775836686,0.03787878787878788,0.03649635036496351,0.9744458426096215,0.023601480381835935,10062,127,137,5
common_strict,Rattus norvegicus,all,21,DeepKla,0.5,10331,142,10189,0.5659645378404493,0.02460394680430432,0.011719152551979799,0.30985915492957744,0.7346157620963785,0.01601164483260553,0.03044982698961938,0.7287774658793921,0.1847256392786938,7485,2704,98,44
common_strict,Rattus norvegicus,all,21,Auto-Kla,0.5,10331,142,10189,0.7162971942954222,0.030186798322139607,0.06637679871694488,0.39436619718309857,0.824124055353813,0.030303030303030304,0.05628140703517588,0.8182170167457168,0.15905539649962241,8397,1792,86,56
common_strict,Rattus norvegicus,all,21,HybridKla,0.5,10331,142,10189,0.7713773069272442,0.04912483203012444,0.10704056736527823,0.5985915492957746,0.7833938561193444,0.037085514834205933,0.06984387838948233,0.7808537411673604,0.1626954010247667,7982,2207,57,85
common_strict,Rattus norvegicus,all,21,PCBert-Kla,0.5,10331,142,10189,0.5981243235248175,0.028087018431999396,0.023581170788877812,0.035211267605633804,0.9875355775836686,0.03787878787878788,0.03649635036496351,0.9744458426096215,0.023601480381835935,10062,127,137,5
common_strict,Rattus norvegicus,all,22,DeepKla,0.5,10331,142,10189,0.5659645378404493,0.02460394680430432,0.011719152551979799,0.30985915492957744,0.7346157620963785,0.01601164483260553,0.03044982698961938,0.7287774658793921,0.1847256392786938,7485,2704,98,44
common_strict,Rattus norvegicus,all,22,Auto-Kla,0.5,10331,142,10189,0.7162971942954222,0.030186798322139607,0.06637679871694488,0.39436619718309857,0.824124055353813,0.030303030303030304,0.05628140703517588,0.8182170167457168,0.15905539649962241,8397,1792,86,56
common_strict,Rattus norvegicus,all,22,HybridKla,0.5,10331,142,10189,0.7713773069272442,0.04912483203012444,0.10704056736527823,0.5985915492957746,0.7833938561193444,0.037085514834205933,0.06984387838948233,0.7808537411673604,0.1626954010247667,7982,2207,57,85
common_strict,Rattus norvegicus,all,22,PCBert-Kla,0.5,10331,142,10189,0.5981243235248175,0.028087018431999396,0.023581170788877812,0.035211267605633804,0.9875355775836686,0.03787878787878788,0.03649635036496351,0.9744458426096215,0.023601480381835935,10062,127,137,5
common_strict,Rattus norvegicus,all,23,DeepKla,0.5,10331,142,10189,0.5659645378404493,0.02460394680430432,0.011719152551979799,0.30985915492957744,0.7346157620963785,0.01601164483260553,0.03044982698961938,0.7287774658793921,0.1847256392786938,7485,2704,98,44
common_strict,Rattus norvegicus,all,23,Auto-Kla,0.5,10331,142,10189,0.7162971942954222,0.030186798322139607,0.06637679871694488,0.39436619718309857,0.824124055353813,0.030303030303030304,0.05628140703517588,0.8182170167457168,0.15905539649962241,8397,1792,86,56
common_strict,Rattus norvegicus,all,23,HybridKla,0.5,10331,142,10189,0.7713773069272442,0.04912483203012444,0.10704056736527823,0.5985915492957746,0.7833938561193444,0.037085514834205933,0.06984387838948233,0.7808537411673604,0.1626954010247667,7982,2207,57,85
common_strict,Rattus norvegicus,all,23,PCBert-Kla,0.5,10331,142,10189,0.5981243235248175,0.028087018431999396,0.023581170788877812,0.035211267605633804,0.9875355775836686,0.03787878787878788,0.03649635036496351,0.9744458426096215,0.023601480381835935,10062,127,137,5
common_strict,Rattus norvegicus,all,24,DeepKla,0.5,10331,142,10189,0.5659645378404493,0.02460394680430432,0.011719152551979799,0.30985915492957744,0.7346157620963785,0.01601164483260553,0.03044982698961938,0.7287774658793921,0.1847256392786938,7485,2704,98,44
common_strict,Rattus norvegicus,all,24,Auto-Kla,0.5,10331,142,10189,0.7162971942954222,0.030186798322139607,0.06637679871694488,0.39436619718309857,0.824124055353813,0.030303030303030304,0.05628140703517588,0.8182170167457168,0.15905539649962241,8397,1792,86,56
common_strict,Rattus norvegicus,all,24,HybridKla,0.5,10331,142,10189,0.7713773069272442,0.04912483203012444,0.10704056736527823,0.5985915492957746,0.7833938561193444,0.037085514834205933,0.06984387838948233,0.7808537411673604,0.1626954010247667,7982,2207,57,85
common_strict,Rattus norvegicus,all,24,PCBert-Kla,0.5,10331,142,10189,0.5981243235248175,0.028087018431999396,0.023581170788877812,0.035211267605633804,0.9875355775836686,0.03787878787878788,0.03649635036496351,0.9744458426096215,0.023601480381835935,10062,127,137,5
common_strict,Rattus norvegicus,all,25,DeepKla,0.5,10331,142,10189,0.5659645378404493,0.02460394680430432,0.011719152551979799,0.30985915492957744,0.7346157620963785,0.01601164483260553,0.03044982698961938,0.7287774658793921,0.1847256392786938,7485,2704,98,44
common_strict,Rattus norvegicus,all,25,Auto-Kla,0.5,10331,142,10189,0.7162971942954222,0.030186798322139607,0.06637679871694488,0.39436619718309857,0.824124055353813,0.030303030303030304,0.05628140703517588,0.8182170167457168,0.15905539649962241,8397,1792,86,56
common_strict,Rattus norvegicus,all,25,HybridKla,0.5,10331,142,10189,0.7713773069272442,0.04912483203012444,0.10704056736527823,0.5985915492957746,0.7833938561193444,0.037085514834205933,0.06984387838948233,0.7808537411673604,0.1626954010247667,7982,2207,57,85
common_strict,Rattus norvegicus,all,25,PCBert-Kla,0.5,10331,142,10189,0.5981243235248175,0.028087018431999396,0.023581170788877812,0.035211267605633804,0.9875355775836686,0.03787878787878788,0.03649635036496351,0.9744458426096215,0.023601480381835935,10062,127,137,5
common_strict,Rattus norvegicus,all,26,DeepKla,0.5,10331,142,10189,0.5659645378404493,0.02460394680430432,0.011719152551979799,0.30985915492957744,0.7346157620963785,0.01601164483260553,0.03044982698961938,0.7287774658793921,0.1847256392786938,7485,2704,98,44
common_strict,Rattus norvegicus,all,26,Auto-Kla,0.5,10331,142,10189,0.7162971942954222,0.030186798322139607,0.06637679871694488,0.39436619718309857,0.824124055353813,0.030303030303030304,0.05628140703517588,0.8182170167457168,0.15905539649962241,8397,1792,86,56
common_strict,Rattus norvegicus,all,26,HybridKla,0.5,10331,142,10189,0.7713773069272442,0.04912483203012444,0.10704056736527823,0.5985915492957746,0.7833938561193444,0.037085514834205933,0.06984387838948233,0.7808537411673604,0.1626954010247667,7982,2207,57,85
common_strict,Rattus norvegicus,all,26,PCBert-Kla,0.5,10331,142,10189,0.5981243235248175,0.028087018431999396,0.023581170788877812,0.035211267605633804,0.9875355775836686,0.03787878787878788,0.03649635036496351,0.9744458426096215,0.023601480381835935,10062,127,137,5
common_strict,Rattus norvegicus,all,27,DeepKla,0.5,10331,142,10189,0.5659645378404493,0.02460394680430432,0.011719152551979799,0.30985915492957744,0.7346157620963785,0.01601164483260553,0.03044982698961938,0.7287774658793921,0.1847256392786938,7485,2704,98,44
common_strict,Rattus norvegicus,all,27,Auto-Kla,0.5,10331,142,10189,0.7162971942954222,0.030186798322139607,0.06637679871694488,0.39436619718309857,0.824124055353813,0.030303030303030304,0.05628140703517588,0.8182170167457168,0.15905539649962241,8397,1792,86,56
common_strict,Rattus norvegicus,all,27,HybridKla,0.5,10331,142,10189,0.7713773069272442,0.04912483203012444,0.10704056736527823,0.5985915492957746,0.7833938561193444,0.037085514834205933,0.06984387838948233,0.7808537411673604,0.1626954010247667,7982,2207,57,85
common_strict,Rattus norvegicus,all,27,PCBert-Kla,0.5,10331,142,10189,0.5981243235248175,0.028087018431999396,0.023581170788877812,0.035211267605633804,0.9875355775836686,0.03787878787878788,0.03649635036496351,0.9744458426096215,0.023601480381835935,10062,127,137,5
common_strict,Rattus norvegicus,all,28,DeepKla,0.5,10331,142,10189,0.5659645378404493,0.02460394680430432,0.011719152551979799,0.30985915492957744,0.7346157620963785,0.01601164483260553,0.03044982698961938,0.7287774658793921,0.1847256392786938,7485,2704,98,44
common_strict,Rattus norvegicus,all,28,Auto-Kla,0.5,10331,142,10189,0.7162971942954222,0.030186798322139607,0.06637679871694488,0.39436619718309857,0.824124055353813,0.030303030303030304,0.05628140703517588,0.8182170167457168,0.15905539649962241,8397,1792,86,56
common_strict,Rattus norvegicus,all,28,HybridKla,0.5,10331,142,10189,0.7713773069272442,0.04912483203012444,0.10704056736527823,0.5985915492957746,0.7833938561193444,0.037085514834205933,0.06984387838948233,0.7808537411673604,0.1626954010247667,7982,2207,57,85
common_strict,Rattus norvegicus,all,28,PCBert-Kla,0.5,10331,142,10189,0.5981243235248175,0.028087018431999396,0.023581170788877812,0.035211267605633804,0.9875355775836686,0.03787878787878788,0.03649635036496351,0.9744458426096215,0.023601480381835935,10062,127,137,5
common_strict,Rattus norvegicus,all,29,DeepKla,0.5,10331,142,10189,0.5659645378404493,0.02460394680430432,0.011719152551979799,0.30985915492957744,0.7346157620963785,0.01601164483260553,0.03044982698961938,0.7287774658793921,0.1847256392786938,7485,2704,98,44
common_strict,Rattus norvegicus,all,29,Auto-Kla,0.5,10331,142,10189,0.7162971942954222,0.030186798322139607,0.06637679871694488,0.39436619718309857,0.824124055353813,0.030303030303030304,0.05628140703517588,0.8182170167457168,0.15905539649962241,8397,1792,86,56
common_strict,Rattus norvegicus,all,29,HybridKla,0.5,10331,142,10189,0.7713773069272442,0.04912483203012444,0.10704056736527823,0.5985915492957746,0.7833938561193444,0.037085514834205933,0.06984387838948233,0.7808537411673604,0.1626954010247667,7982,2207,57,85
common_strict,Rattus norvegicus,all,29,PCBert-Kla,0.5,10331,142,10189,0.5981243235248175,0.028087018431999396,0.023581170788877812,0.035211267605633804,0.9875355775836686,0.03787878787878788,0.03649635036496351,0.9744458426096215,0.023601480381835935,10062,127,137,5
common_strict,Sus scrofa,1,0,DeepKla,0.5,604,302,302,0.6162558659707907,0.5839430354307872,0.15154092334291613,0.48344370860927155,0.6655629139072847,0.5910931174089069,0.5318761384335156,0.5745033112582781,0.24828633012907225,201,101,156,146
common_strict,Sus scrofa,1,0,Auto-Kla,0.5,604,302,302,0.6915924740142977,0.6502769389545067,0.16046628744801678,0.30132450331125826,0.8344370860927153,0.6453900709219859,0.4108352144469526,0.5678807947019867,0.39306362481878926,252,50,211,91
common_strict,Sus scrofa,1,0,HybridKla,0.5,604,302,302,0.7792531029340818,0.7403199195172612,0.38516151214625893,0.5894039735099338,0.7880794701986755,0.7355371900826446,0.6544117647058824,0.6887417218543046,0.22795080437727508,238,64,124,178
common_strict,Sus scrofa,1,0,PCBert-Kla,0.5,604,302,302,0.5919477215911584,0.5909037652855821,0.10016708449412667,0.019867549668874173,1.0,1.0,0.03896103896103896,0.5099337748344371,0.48876877691083553,302,0,296,6
common_strict,Sus scrofa,1,1,DeepKla,0.5,604,302,302,0.6079777202754265,0.5840715701243118,0.15500609121442896,0.48344370860927155,0.6688741721854304,0.5934959349593496,0.5328467153284672,0.5761589403973509,0.2502075336633006,202,100,156,146
common_strict,Sus scrofa,1,1,Auto-Kla,0.5,604,302,302,0.748881627998772,0.7324456340508577,0.2825344780838722,0.30132450331125826,0.9205298013245033,0.7913043478260869,0.4364508393285372,0.6109271523178808,0.3569125080010153,278,24,211,91
common_strict,Sus scrofa,1,1,HybridKla,0.5,604,302,302,0.8056773825709399,0.7727044913450248,0.4333814775629137,0.5894039735099338,0.8311258278145696,0.777292576419214,0.6704331450094163,0.7102649006622517,0.21268138735114026,251,51,124,178
common_strict,Sus scrofa,1,1,PCBert-Kla,0.5,604,302,302,0.6006973378360598,0.5779864278413875,0.0259499648053841,0.019867549668874173,0.9867549668874173,0.6,0.038461538461538464,0.5033112582781457,0.4944223177428232,298,4,296,6
common_strict,Sus scrofa,1,2,DeepKla,0.5,604,302,302,0.6337550984605937,0.5934048125222889,0.1864899722645383,0.48344370860927155,0.6986754966887417,0.6160337552742616,0.5417439703153989,0.5910596026490066,0.24549545693285021,211,91,156,146
common_strict,Sus scrofa,1,2,Auto-Kla,0.5,604,302,302,0.6833143283189334,0.666704192130125,0.21410864826039588,0.30132450331125826,0.8741721854304636,0.7054263565891473,0.4222737819025522,0.5877483443708609,0.37814325100952123,264,38,211,91
common_strict,Sus scrofa,1,2,HybridKla,0.5,604,302,302,0.7724770843384062,0.724267506586745,0.3888087290006555,0.5894039735099338,0.7913907284768212,0.7385892116182573,0.6556169429097606,0.6903973509933775,0.22991648517404084,239,63,124,178
common_strict,Sus scrofa,1,2,PCBert-Kla,0.5,604,302,302,0.6042498136046665,0.5970014622152454,0.057928444636349226,0.019867549668874173,0.9933774834437086,0.75,0.03870967741935484,0.5066225165562914,0.4920013789020915,300,2,296,6
common_strict,Sus scrofa,1,3,DeepKla,0.5,604,302,302,0.6135476514187974,0.5994913449625573,0.15847749267374428,0.48344370860927155,0.6721854304635762,0.5959183673469388,0.5338208409506399,0.5778145695364238,0.24650606782162565,203,99,156,146
common_strict,Sus scrofa,1,3,Auto-Kla,0.5,604,302,302,0.7177207140037716,0.6876138608025083,0.20031433952006542,0.30132450331125826,0.8642384105960265,0.6893939393939394,0.41935483870967744,0.5827814569536424,0.38254220499466807,261,41,211,91
common_strict,Sus scrofa,1,3,HybridKla,0.5,604,302,302,0.7698675496688742,0.7316778431991129,0.3598901228200381,0.5894039735099338,0.7649006622516556,0.714859437751004,0.6460980036297641,0.6771523178807947,0.22821925140590182,231,71,124,178
common_strict,Sus scrofa,1,3,PCBert-Kla,0.5,604,302,302,0.6064207710188151,0.5951670790730377,0.057928444636349226,0.019867549668874173,0.9933774834437086,0.75,0.03870967741935484,0.5066225165562914,0.49193796591123606,300,2,296,6
common_strict,Sus scrofa,1,4,DeepKla,0.5,604,302,302,0.6127801412218763,0.5874014843819239,0.15847749267374428,0.48344370860927155,0.6721854304635762,0.5959183673469388,0.5338208409506399,0.5778145695364238,0.24907857594081265,203,99,156,146
common_strict,Sus scrofa,1,4,Auto-Kla,0.5,604,302,302,0.6825413359063199,0.6441104199231318,0.1647882654007654,0.30132450331125826,0.8377483443708609,0.65,0.4117647058823529,0.5695364238410596,0.38913754868943407,253,49,211,91
common_strict,Sus scrofa,1,4,HybridKla,0.5,604,302,302,0.7531467918073769,0.7192357704227406,0.3888087290006555,0.5894039735099338,0.7913907284768212,0.7385892116182573,0.6556169429097606,0.6903973509933775,0.2336416352362159,239,63,124,178
common_strict,Sus scrofa,1,4,PCBert-Kla,0.5,604,302,302,0.6007411955615982,0.5783054684961595,0.012381586918446291,0.019867549668874173,0.9834437086092715,0.5454545454545454,0.03833865814696486,0.5016556291390728,0.49561547592734695,297,5,296,6
common_strict,Sus scrofa,1,5,DeepKla,0.5,604,302,302,0.600664444541906,0.5828420434562053,0.13430382733756338,0.48344370860927155,0.6490066225165563,0.5793650793650794,0.5270758122743682,0.5662251655629139,0.25123129873284455,196,106,156,146
common_strict,Sus scrofa,1,5,Auto-Kla,0.5,604,302,302,0.6713411692469629,0.6223055379158227,0.12674040989113577,0.30132450331125826,0.8079470198675497,0.610738255033557,0.4035476718403548,0.554635761589404,0.40465369966179204,244,58,211,91
common_strict,Sus scrofa,1,5,HybridKla,0.5,604,302,302,0.7623678786018157,0.7253491276284596,0.3815238620960685,0.5894039735099338,0.7847682119205298,0.7325102880658436,0.6532110091743119,0.6870860927152318,0.23244913066171885,237,65,124,178
common_strict,Sus scrofa,1,5,PCBert-Kla,0.5,604,302,302,0.5729463620016666,0.5575694399583945,0.0,0.019867549668874173,0.9801324503311258,0.5,0.038216560509554146,0.5,0.4955351853027921,296,6,296,6
common_strict,Sus scrofa,1,6,DeepKla,0.5,604,302,302,0.6007631244243674,0.5603270635297167,0.13773986192086413,0.48344370860927155,0.652317880794702,0.5816733067729084,0.5280289330922243,0.5678807947019867,0.2537695763064441,197,105,156,146
common_strict,Sus scrofa,1,6,Auto-Kla,0.5,604,302,302,0.6910387702293759,0.6372852712722796,0.16913542498768916,0.30132450331125826,0.8410596026490066,0.6546762589928058,0.41269841269841273,0.5711920529801324,0.3923544984054934,254,48,211,91
common_strict,Sus scrofa,1,6,HybridKla,0.5,604,302,302,0.7466558484277006,0.704896589341479,0.3420970201618242,0.5894039735099338,0.7483443708609272,0.7007874015748031,0.6402877697841727,0.6688741721854304,0.24258097659800457,226,76,124,178
common_strict,Sus scrofa,1,6,PCBert-Kla,0.5,604,302,302,0.5930003070040788,0.5832005335765559,0.0259499648053841,0.019867549668874173,0.9867549668874173,0.6,0.038461538461538464,0.5033112582781457,0.49498395938448086,298,4,296,6
common_strict,Sus scrofa,1,7,DeepKla,0.5,604,302,302,0.5809613613438007,0.5506928854500718,0.1137970528362491,0.48344370860927155,0.6291390728476821,0.5658914728682171,0.5214285714285714,0.5562913907284768,0.2582420856618782,190,112,156,146
common_strict,Sus scrofa,1,7,Auto-Kla,0.5,604,302,302,0.6629095215122143,0.6154416224095787,0.1476465946380497,0.30132450331125826,0.8245033112582781,0.6319444444444444,0.4080717488789238,0.5629139072847682,0.398009853332915,249,53,211,91
common_strict,Sus scrofa,1,7,HybridKla,0.5,604,302,302,0.7505372571378448,0.7139855228568237,0.3778956207501608,0.5894039735099338,0.7814569536423841,0.7295081967213115,0.652014652014652,0.6854304635761589,0.23676510932732667,236,66,124,178
common_strict,Sus scrofa,1,7,PCBert-Kla,0.5,604,302,302,0.598668918029911,0.5890409308884949,0.040996003084539386,0.019867549668874173,0.9900662251655629,0.6666666666666666,0.03858520900321544,0.5049668874172185,0.4932790378388649,299,3,296,6
common_strict,Sus scrofa,1,8,DeepKla,0.5,604,302,302,0.6135147581246436,0.5984546146878317,0.1619552660357832,0.48344370860927155,0.6754966887417219,0.5983606557377049,0.5347985347985348,0.5794701986754967,0.24739466126021922,204,98,156,146
common_strict,Sus scrofa,1,8,Auto-Kla,0.5,604,302,302,0.697041796412438,0.6457295224115651,0.11445380711741414,0.30132450331125826,0.7980132450331126,0.5986842105263158,0.4008810572687225,0.5496688741721855,0.40573804046874706,241,61,211,91
common_strict,Sus scrofa,1,8,HybridKla,0.5,604,302,302,0.7473795008990832,0.6959701152304073,0.3420970201618242,0.5894039735099338,0.7483443708609272,0.7007874015748031,0.6402877697841727,0.6688741721854304,0.24285058607300367,226,76,124,178
common_strict,Sus scrofa,1,8,PCBert-Kla,0.5,604,302,302,0.6124292794175694,0.5947172015819147,0.012381586918446291,0.019867549668874173,0.9834437086092715,0.5454545454545454,0.03833865814696486,0.5016556291390728,0.49528456876757965,297,5,296,6
common_strict,Sus scrofa,1,9,DeepKla,0.5,604,302,302,0.6010701285031358,0.5695275606176922,0.14808185191881446,0.48344370860927155,0.6622516556291391,0.5887096774193549,0.5309090909090909,0.5728476821192053,0.2534781331221429,200,102,156,146
common_strict,Sus scrofa,1,9,Auto-Kla,0.5,604,302,302,0.6880619271084603,0.6463632757717058,0.18233307275922273,0.30132450331125826,0.8509933774834437,0.6691176470588235,0.4155251141552511,0.5761589403973509,0.3878402200422893,257,45,211,91
common_strict,Sus scrofa,1,9,HybridKla,0.5,604,302,302,0.7719398272005613,0.7328637659688841,0.3742766316337365,0.5894039735099338,0.7781456953642384,0.726530612244898,0.6508226691042048,0.6837748344370861,0.23060896528491465,235,67,124,178
common_strict,Sus scrofa,1,9,PCBert-Kla,0.5,604,302,302,0.5782860400859611,0.5781038729983152,0.040996003084539386,0.019867549668874173,0.9900662251655629,0.6666666666666666,0.03858520900321544,0.5049668874172185,0.49403989352746647,299,3,296,6
common_strict,Sus scrofa,1,10,DeepKla,0.5,604,302,302,0.6119797377308013,0.5793313718203992,0.1619552660357832,0.48344370860927155,0.6754966887417219,0.5983606557377049,0.5347985347985348,0.5794701986754967,0.24978226337482887,204,98,156,146
common_strict,Sus scrofa,1,10,Auto-Kla,0.5,604,302,302,0.6959124599798253,0.6397812955285334,0.16913542498768916,0.30132450331125826,0.8410596026490066,0.6546762589928058,0.41269841269841273,0.5711920529801324,0.39127206675068543,254,48,211,91
common_strict,Sus scrofa,1,10,HybridKla,0.5,604,302,302,0.7667646155870358,0.7166504243214018,0.3888087290006555,0.5894039735099338,0.7913907284768212,0.7385892116182573,0.6556169429097606,0.6903973509933775,0.23406460057071102,239,63,124,178
common_strict,Sus scrofa,1,10,PCBert-Kla,0.5,604,302,302,0.6038879873689751,0.5854276941824026,0.040996003084539386,0.019867549668874173,0.9900662251655629,0.6666666666666666,0.03858520900321544,0.5049668874172185,0.49330255985879506,299,3,296,6
common_strict,Sus scrofa,1,11,DeepKla,0.5,604,302,302,0.6178347440901715,0.5969015084614859,0.14462874094637046,0.48344370860927155,0.6589403973509934,0.5863453815261044,0.52994555353902,0.5711920529801324,0.246931630803452,199,103,156,146
common_strict,Sus scrofa,1,11,Auto-Kla,0.5,604,302,302,0.694432261742906,0.6481629859251594,0.18678609913306005,0.30132450331125826,0.8543046357615894,0.674074074074074,0.41647597254004576,0.5778145695364238,0.3888144851618701,258,44,211,91
common_strict,Sus scrofa,1,11,HybridKla,0.5,604,302,302,0.7575764220867507,0.7229877664762955,0.35274842687050567,0.5894039735099338,0.7582781456953642,0.7091633466135459,0.6437613019891502,0.6738410596026491,0.23662549751233067,229,73,124,178
common_strict,Sus scrofa,1,11,PCBert-Kla,0.5,604,302,302,0.6022762159554405,0.5676497221313176,-0.022005942406783077,0.019867549668874173,0.9735099337748344,0.42857142857142855,0.0379746835443038,0.4966887417218543,0.499381317647292,294,8,296,6
common_strict,Sus scrofa,1,12,DeepKla,0.5,604,302,302,0.6280426297092233,0.5948284453471131,0.15500609121442896,0.48344370860927155,0.6688741721854304,0.5934959349593496,0.5328467153284672,0.5761589403973509,0.2464029942636359,202,100,156,146
common_strict,Sus scrofa,1,12,Auto-Kla,0.5,604,302,302,0.7021895969475023,0.6429574214311868,0.1779073086970187,0.30132450331125826,0.847682119205298,0.6642335766423357,0.4145785876993166,0.5745033112582781,0.3940392566090352,256,46,211,91
common_strict,Sus scrofa,1,12,HybridKla,0.5,604,302,302,0.7848339985088373,0.760111694381569,0.39980938655265125,0.5894039735099338,0.8013245033112583,0.7478991596638656,0.6592592592592592,0.695364238410596,0.22268562323011323,242,60,124,178
common_strict,Sus scrofa,1,12,PCBert-Kla,0.5,604,302,302,0.6026818999166703,0.560702201777623,-0.031916699728542886,0.019867549668874173,0.9701986754966887,0.4,0.03785488958990536,0.49503311258278143,0.5019531112870483,293,9,296,6
common_strict,Sus scrofa,1,13,DeepKla,0.5,604,302,302,0.591289855708083,0.5605731850260464,0.15847749267374428,0.48344370860927155,0.6721854304635762,0.5959183673469388,0.5338208409506399,0.5778145695364238,0.2563911336107184,203,99,156,146
common_strict,Sus scrofa,1,13,Auto-Kla,0.5,604,302,302,0.65596903644577,0.6273270585700872,0.16046628744801678,0.30132450331125826,0.8344370860927153,0.6453900709219859,0.4108352144469526,0.5678807947019867,0.39560770145043866,252,50,211,91
common_strict,Sus scrofa,1,13,HybridKla,0.5,604,302,302,0.7504166483926143,0.7159550959425018,0.3420970201618242,0.5894039735099338,0.7483443708609272,0.7007874015748031,0.6402877697841727,0.6688741721854304,0.23630767682984066,226,76,124,178
common_strict,Sus scrofa,1,13,PCBert-Kla,0.5,604,302,302,0.575786149730275,0.5748975508164388,0.040996003084539386,0.019867549668874173,0.9900662251655629,0.6666666666666666,0.03858520900321544,0.5049668874172185,0.49338786873315227,299,3,296,6
common_strict,Sus scrofa,1,14,DeepKla,0.5,604,302,302,0.6068374194114294,0.5766961969115647,0.15154092334291613,0.48344370860927155,0.6655629139072847,0.5910931174089069,0.5318761384335156,0.5745033112582781,0.25102379190667923,201,101,156,146
common_strict,Sus scrofa,1,14,Auto-Kla,0.5,604,302,302,0.656807815446691,0.6255534485244538,0.1779073086970187,0.30132450331125826,0.847682119205298,0.6642335766423357,0.4145785876993166,0.5745033112582781,0.3915785137248476,256,46,211,91
common_strict,Sus scrofa,1,14,HybridKla,0.5,604,302,302,0.7337178193938863,0.6707086651165588,0.3280032699397768,0.5894039735099338,0.7350993377483444,0.689922480620155,0.6357142857142857,0.6622516556291391,0.2491150997260703,222,80,124,178
common_strict,Sus scrofa,1,14,PCBert-Kla,0.5,604,302,302,0.5837682557782553,0.5601508364781478,-0.011408658578622726,0.019867549668874173,0.9768211920529801,0.46153846153846156,0.0380952380952381,0.49834437086092714,0.49964659178592497,295,7,296,6
common_strict,Sus scrofa,1,15,DeepKla,0.5,604,302,302,0.5954234463400728,0.5588896482826653,0.13087322008912056,0.48344370860927155,0.6456953642384106,0.5770750988142292,0.5261261261261262,0.5645695364238411,0.25463602158289245,195,107,156,146
common_strict,Sus scrofa,1,15,Auto-Kla,0.5,604,302,302,0.6877110653041534,0.6491116641185286,0.18233307275922273,0.30132450331125826,0.8509933774834437,0.6691176470588235,0.4155251141552511,0.5761589403973509,0.3908930398460671,257,45,211,91
common_strict,Sus scrofa,1,15,HybridKla,0.5,604,302,302,0.769078110609184,0.7386653381341941,0.38516151214625893,0.5894039735099338,0.7880794701986755,0.7355371900826446,0.6544117647058824,0.6887417218543046,0.2275316075140034,238,64,124,178
common_strict,Sus scrofa,1,15,PCBert-Kla,0.5,604,302,302,0.5784176132625762,0.5628173737882178,0.012381586918446291,0.019867549668874173,0.9834437086092715,0.5454545454545454,0.03833865814696486,0.5016556291390728,0.4956817725667054,297,5,296,6
common_strict,Sus scrofa,1,16,DeepKla,0.5,604,302,302,0.5988004912065261,0.5709560337423024,0.13087322008912056,0.48344370860927155,0.6456953642384106,0.5770750988142292,0.5261261261261262,0.5645695364238411,0.25267664281846347,195,107,156,146
common_strict,Sus scrofa,1,16,Auto-Kla,0.5,604,302,302,0.662174904609447,0.6304174021853346,0.15616900071116221,0.30132450331125826,0.8311258278145696,0.6408450704225352,0.40990990990990994,0.5662251655629139,0.3948101954080671,251,51,211,91
common_strict,Sus scrofa,1,16,HybridKla,0.5,604,302,302,0.7468422437612385,0.7137948446526339,0.3491899510776648,0.5894039735099338,0.7549668874172185,0.7063492063492064,0.6425992779783394,0.6721854304635762,0.24460754879064925,228,74,124,178
common_strict,Sus scrofa,1,16,PCBert-Kla,0.5,604,302,302,0.575972545063813,0.5613043128109412,0.012381586918446291,0.019867549668874173,0.9834437086092715,0.5454545454545454,0.03833865814696486,0.5016556291390728,0.49598930766683574,297,5,296,6
common_strict,Sus scrofa,1,17,DeepKla,0.5,604,302,302,0.5923972632779264,0.5737696254562767,0.141181455545091,0.48344370860927155,0.6556291390728477,0.584,0.5289855072463767,0.5695364238410596,0.25354550443646134,198,104,156,146
common_strict,Sus scrofa,1,17,Auto-Kla,0.5,604,302,302,0.7010328494364281,0.6583254730536983,0.16046628744801678,0.30132450331125826,0.8344370860927153,0.6453900709219859,0.4108352144469526,0.5678807947019867,0.39515103271391677,252,50,211,91
common_strict,Sus scrofa,1,17,HybridKla,0.5,604,302,302,0.8048111924915573,0.7865222562350972,0.4258430926048739,0.5894039735099338,0.8245033112582781,0.7705627705627706,0.6679174484052534,0.706953642384106,0.21218778353806456,249,53,124,178
common_strict,Sus scrofa,1,17,PCBert-Kla,0.5,604,302,302,0.5838121135037937,0.5720109351910434,0.0259499648053841,0.019867549668874173,0.9867549668874173,0.6,0.038461538461538464,0.5033112582781457,0.49413536576414535,298,4,296,6
common_strict,Sus scrofa,1,18,DeepKla,0.5,604,302,302,0.6299504407701416,0.598477602186571,0.1689304877834469,0.48344370860927155,0.6821192052980133,0.6033057851239669,0.5367647058823529,0.5827814569536424,0.2444223054949421,206,96,156,146
common_strict,Sus scrofa,1,18,Auto-Kla,0.5,604,302,302,0.6804252006490943,0.6361262987214256,0.15616900071116221,0.30132450331125826,0.8311258278145696,0.6408450704225352,0.40990990990990994,0.5662251655629139,0.3971291114524681,251,51,211,91
common_strict,Sus scrofa,1,18,HybridKla,0.5,604,302,302,0.7575215999298277,0.7164770642040722,0.3420970201618242,0.5894039735099338,0.7483443708609272,0.7007874015748031,0.6402877697841727,0.6688741721854304,0.23766477410029538,226,76,124,178
common_strict,Sus scrofa,1,18,PCBert-Kla,0.5,604,302,302,0.5899960528047016,0.5749135769368815,0.040996003084539386,0.019867549668874173,0.9900662251655629,0.6666666666666666,0.03858520900321544,0.5049668874172185,0.4936538840979503,299,3,296,6
common_strict,Sus scrofa,1,19,DeepKla,0.5,604,302,302,0.5809503969124161,0.5529191217949769,0.10700007523445436,0.48344370860927155,0.6225165562913907,0.5615384615384615,0.5195729537366548,0.5529801324503312,0.258613317563135,188,114,156,146
common_strict,Sus scrofa,1,19,Auto-Kla,0.5,604,302,302,0.6736327354063418,0.620243277072226,0.13503653232365875,0.30132450331125826,0.8145695364238411,0.6190476190476191,0.4053452115812918,0.5579470198675497,0.4063720078860226,246,56,211,91
common_strict,Sus scrofa,1,19,HybridKla,0.5,604,302,302,0.7568418051839831,0.7191586235582277,0.3563151020899916,0.5894039735099338,0.7615894039735099,0.712,0.6449275362318841,0.6754966887417219,0.23756955028390722,230,72,124,178
common_strict,Sus scrofa,1,19,PCBert-Kla,0.5,604,302,302,0.573494583570896,0.5623218631593161,-0.011408658578622726,0.019867549668874173,0.9768211920529801,0.46153846153846156,0.0380952380952381,0.49834437086092714,0.499147828482821,295,7,296,6
common_strict,Sus scrofa,1,20,DeepKla,0.5,604,302,302,0.603383623525284,0.5952234460308593,0.15500609121442896,0.48344370860927155,0.6688741721854304,0.5934959349593496,0.5328467153284672,0.5761589403973509,0.2486934004318501,202,100,156,146
common_strict,Sus scrofa,1,20,Auto-Kla,0.5,604,302,302,0.6812968729441691,0.643860805016023,0.16046628744801678,0.30132450331125826,0.8344370860927153,0.6453900709219859,0.4108352144469526,0.5678807947019867,0.3939820229717583,252,50,211,91
common_strict,Sus scrofa,1,20,HybridKla,0.5,604,302,302,0.7427196175606332,0.7035358199445441,0.3420970201618242,0.5894039735099338,0.7483443708609272,0.7007874015748031,0.6402877697841727,0.6688741721854304,0.24253206909670552,226,76,124,178
common_strict,Sus scrofa,1,20,PCBert-Kla,0.5,604,302,302,0.5900837682557782,0.5732967804812054,0.012381586918446291,0.019867549668874173,0.9834437086092715,0.5454545454545454,0.03833865814696486,0.5016556291390728,0.49492761300473714,297,5,296,6
common_strict,Sus scrofa,1,21,DeepKla,0.5,604,302,302,0.5738454453752029,0.5455566521171716,0.1137970528362491,0.48344370860927155,0.6291390728476821,0.5658914728682171,0.5214285714285714,0.5562913907284768,0.26045300270840965,190,112,156,146
common_strict,Sus scrofa,1,21,Auto-Kla,0.5,604,302,302,0.6717578176395773,0.6425118103668369,0.18233307275922273,0.30132450331125826,0.8509933774834437,0.6691176470588235,0.4155251141552511,0.5761589403973509,0.3908974415476481,257,45,211,91
common_strict,Sus scrofa,1,21,HybridKla,0.5,604,302,302,0.7486842682338495,0.6984242340481092,0.3563151020899916,0.5894039735099338,0.7615894039735099,0.712,0.6449275362318841,0.6754966887417219,0.24284072071940468,230,72,124,178
common_strict,Sus scrofa,1,21,PCBert-Kla,0.5,604,302,302,0.5665869917986053,0.5642118111188328,0.0259499648053841,0.019867549668874173,0.9867549668874173,0.6,0.038461538461538464,0.5033112582781457,0.49504496472717135,298,4,296,6
common_strict,Sus scrofa,1,22,DeepKla,0.5,604,302,302,0.596991360028069,0.561899834893476,0.12744790947205215,0.48344370860927155,0.6423841059602649,0.5748031496062992,0.525179856115108,0.5629139072847682,0.25426708211236243,194,108,156,146
common_strict,Sus scrofa,1,22,Auto-Kla,0.5,604,302,302,0.6951065742730581,0.6588844404429927,0.1779073086970187,0.30132450331125826,0.847682119205298,0.6642335766423357,0.4145785876993166,0.5745033112582781,0.3891855867856261,256,46,211,91
common_strict,Sus scrofa,1,22,HybridKla,0.5,604,302,302,0.7680035963334941,0.7422773784709495,0.3742766316337365,0.5894039735099338,0.7781456953642384,0.726530612244898,0.6508226691042048,0.6837748344370861,0.2292185237670565,235,67,124,178
common_strict,Sus scrofa,1,22,PCBert-Kla,0.5,604,302,302,0.6009495197579053,0.5781376958820774,0.0,0.019867549668874173,0.9801324503311258,0.5,0.038216560509554146,0.5,0.4964579654756315,296,6,296,6
common_strict,Sus scrofa,1,23,DeepKla,0.5,604,302,302,0.6077145739221963,0.5534526857413776,0.14808185191881446,0.48344370860927155,0.6622516556291391,0.5887096774193549,0.5309090909090909,0.5728476821192053,0.2546133800008611,200,102,156,146
common_strict,Sus scrofa,1,23,Auto-Kla,0.5,604,302,302,0.7081761764834876,0.6526235265815791,0.19126693973509998,0.30132450331125826,0.8576158940397351,0.6791044776119403,0.4174311926605504,0.5794701986754967,0.3868300635137388,259,43,211,91
common_strict,Sus scrofa,1,23,HybridKla,0.5,604,302,302,0.7636726459365817,0.7114612887542231,0.3742766316337365,0.5894039735099338,0.7781456953642384,0.726530612244898,0.6508226691042048,0.6837748344370861,0.23428127958416628,235,67,124,178
common_strict,Sus scrofa,1,23,PCBert-Kla,0.5,604,302,302,0.6037125564668216,0.5620629208134753,0.012381586918446291,0.019867549668874173,0.9834437086092715,0.5454545454545454,0.03833865814696486,0.5016556291390728,0.4968605438080875,297,5,296,6
common_strict,Sus scrofa,1,24,DeepKla,0.5,604,302,302,0.6320665760273673,0.5918958250833648,0.1689304877834469,0.48344370860927155,0.6821192052980133,0.6033057851239669,0.5367647058823529,0.5827814569536424,0.245365933194778,206,96,156,146
common_strict,Sus scrofa,1,24,Auto-Kla,0.5,604,302,302,0.6984726547081268,0.6548721769946754,0.18233307275922273,0.30132450331125826,0.8509933774834437,0.6691176470588235,0.4155251141552511,0.5761589403973509,0.3901699396979188,257,45,211,91
common_strict,Sus scrofa,1,24,HybridKla,0.5,604,302,302,0.7689575018639534,0.722965305142288,0.3888087290006555,0.5894039735099338,0.7913907284768212,0.7385892116182573,0.6556169429097606,0.6903973509933775,0.22939844901424528,239,63,124,178
common_strict,Sus scrofa,1,24,PCBert-Kla,0.5,604,302,302,0.6203455988772423,0.5966755887407866,0.040996003084539386,0.019867549668874173,0.9900662251655629,0.6666666666666666,0.03858520900321544,0.5049668874172185,0.49272180991745096,299,3,296,6
common_strict,Sus scrofa,1,25,DeepKla,0.5,604,302,302,0.5872330160957853,0.5526611559390476,0.14462874094637046,0.48344370860927155,0.6589403973509934,0.5863453815261044,0.52994555353902,0.5711920529801324,0.2572216854560746,199,103,156,146
common_strict,Sus scrofa,1,25,Auto-Kla,0.5,604,302,302,0.6784790140783299,0.6346004648746764,0.16913542498768916,0.30132450331125826,0.8410596026490066,0.6546762589928058,0.41269841269841273,0.5711920529801324,0.38981792210750976,254,48,211,91
common_strict,Sus scrofa,1,25,HybridKla,0.5,604,302,302,0.7693302925310292,0.7419383743710746,0.36347363652799913,0.5894039735099338,0.7682119205298014,0.717741935483871,0.6472727272727272,0.6788079470198676,0.23328484693470755,232,70,124,178
common_strict,Sus scrofa,1,25,PCBert-Kla,0.5,604,302,302,0.5935704574360774,0.5759236753409855,0.0259499648053841,0.019867549668874173,0.9867549668874173,0.6,0.038461538461538464,0.5033112582781457,0.4944186936583851,298,4,296,6
common_strict,Sus scrofa,1,26,DeepKla,0.5,604,302,302,0.6195890531117056,0.5949315434011875,0.15847749267374428,0.48344370860927155,0.6721854304635762,0.5959183673469388,0.5338208409506399,0.5778145695364238,0.247305753989604,203,99,156,146
common_strict,Sus scrofa,1,26,Auto-Kla,0.5,604,302,302,0.6926724705056795,0.6513087125559194,0.18233307275922273,0.30132450331125826,0.8509933774834437,0.6691176470588235,0.4155251141552511,0.5761589403973509,0.38867042795571677,257,45,211,91
common_strict,Sus scrofa,1,26,HybridKla,0.5,604,302,302,0.7734638831630192,0.746962070289982,0.370666739860591,0.5894039735099338,0.7748344370860927,0.7235772357723578,0.6496350364963503,0.6821192052980133,0.23197091540392295,234,68,124,178
common_strict,Sus scrofa,1,26,PCBert-Kla,0.5,604,302,302,0.6076378229025043,0.5930839353855982,0.012381586918446291,0.019867549668874173,0.9834437086092715,0.5454545454545454,0.03833865814696486,0.5016556291390728,0.4956947651229372,297,5,296,6
common_strict,Sus scrofa,1,27,DeepKla,0.5,604,302,302,0.5870356563308626,0.5634697991451872,0.09683735845078807,0.48344370860927155,0.6125827814569537,0.5551330798479087,0.5168141592920353,0.5480132450331126,0.2552442146037355,185,117,156,146
common_strict,Sus scrofa,1,27,Auto-Kla,0.5,604,302,302,0.7093274417788693,0.6809160559332385,0.20031433952006542,0.30132450331125826,0.8642384105960265,0.6893939393939394,0.41935483870967744,0.5827814569536424,0.3829328544015283,261,41,211,91
common_strict,Sus scrofa,1,27,HybridKla,0.5,604,302,302,0.7804482259550021,0.7535532318122034,0.3742766316337365,0.5894039735099338,0.7781456953642384,0.726530612244898,0.6508226691042048,0.6837748344370861,0.22335749970063454,235,67,124,178
common_strict,Sus scrofa,1,27,PCBert-Kla,0.5,604,302,302,0.5899193017850094,0.5749230174486171,0.012381586918446291,0.019867549668874173,0.9834437086092715,0.5454545454545454,0.03833865814696486,0.5016556291390728,0.49522131933844893,297,5,296,6
common_strict,Sus scrofa,1,28,DeepKla,0.5,604,302,302,0.5717731678435156,0.548968433565111,0.07997867519620917,0.48344370860927155,0.5960264900662252,0.5447761194029851,0.512280701754386,0.5397350993377483,0.25956363964544765,180,122,156,146
common_strict,Sus scrofa,1,28,Auto-Kla,0.5,604,302,302,0.6878426384807683,0.6467329339375825,0.1779073086970187,0.30132450331125826,0.847682119205298,0.6642335766423357,0.4145785876993166,0.5745033112582781,0.38688661532242724,256,46,211,91
common_strict,Sus scrofa,1,28,HybridKla,0.5,604,302,302,0.7691877549230297,0.7342491053642284,0.3778956207501608,0.5894039735099338,0.7814569536423841,0.7295081967213115,0.652014652014652,0.6854304635761589,0.2310959242155829,236,66,124,178
common_strict,Sus scrofa,1,28,PCBert-Kla,0.5,604,302,302,0.5987018113240647,0.5642303916636014,-0.011408658578622726,0.019867549668874173,0.9768211920529801,0.46153846153846156,0.0380952380952381,0.49834437086092714,0.4992379398083101,295,7,296,6
common_strict,Sus scrofa,1,29,DeepKla,0.5,604,302,302,0.5943818253585369,0.5683957970547149,0.14462874094637046,0.48344370860927155,0.6589403973509934,0.5863453815261044,0.52994555353902,0.5711920529801324,0.25339294584122135,199,103,156,146
common_strict,Sus scrofa,1,29,Auto-Kla,0.5,604,302,302,0.7065863339327223,0.6595492530047988,0.19577616003622464,0.30132450331125826,0.8609271523178808,0.6842105263157895,0.4183908045977011,0.5811258278145696,0.3823816763558854,260,42,211,91
common_strict,Sus scrofa,1,29,HybridKla,0.5,604,302,302,0.7665343625279593,0.7519062954334612,0.3598901228200381,0.5894039735099338,0.7649006622516556,0.714859437751004,0.6460980036297641,0.6771523178807947,0.23036866989120527,231,71,124,178
common_strict,Sus scrofa,1,29,PCBert-Kla,0.5,604,302,302,0.5760383316521205,0.560133610827243,-0.011408658578622726,0.019867549668874173,0.9768211920529801,0.46153846153846156,0.0380952380952381,0.49834437086092714,0.4982969670957746,295,7,296,6
common_strict,Sus scrofa,5,0,DeepKla,0.5,1812,302,1510,0.5952238936888733,0.20583067695334376,0.09507298185767284,0.48344370860927155,0.6403973509933775,0.21190130624092887,0.29465186680121086,0.6142384105960265,0.2302283863399085,967,543,156,146
common_strict,Sus scrofa,5,0,Auto-Kla,0.5,1812,302,1510,0.6813692381913075,0.27157779907648594,0.13732889690506817,0.30132450331125826,0.8410596026490066,0.27492447129909364,0.28751974723538704,0.7511037527593819,0.22036988414736414,1270,240,211,91
common_strict,Sus scrofa,5,0,HybridKla,0.5,1812,302,1510,0.7652460418402702,0.36122749054647874,0.30404980055078096,0.5894039735099338,0.7781456953642384,0.3469785575048733,0.4368098159509202,0.7466887417218543,0.18900223680041048,1175,335,124,178
common_strict,Sus scrofa,5,0,PCBert-Kla,0.5,1812,302,1510,0.5872439805271699,0.21450355885266492,0.03779644730092272,0.019867549668874173,0.990728476821192,0.3,0.03726708074534162,0.8289183222958058,0.1695069354126805,1496,14,296,6
common_strict,Sus scrofa,5,1,DeepKla,0.5,1812,302,1510,0.6074733564317355,0.21519836002767556,0.11518879197058217,0.48344370860927155,0.6649006622516557,0.22392638036809817,0.3060796645702306,0.6346578366445916,0.22495216754854103,1004,506,156,146
common_strict,Sus scrofa,5,1,Auto-Kla,0.5,1812,302,1510,0.6992215253716942,0.2790351871860719,0.15724449897716605,0.30132450331125826,0.856953642384106,0.2964169381107492,0.29885057471264365,0.7643487858719646,0.21156330033343548,1294,216,211,91
common_strict,Sus scrofa,5,1,HybridKla,0.5,1812,302,1510,0.763441296434367,0.34788727075578574,0.29684804768618717,0.5894039735099338,0.7715231788079471,0.3403441682600382,0.4315151515151515,0.7411699779249448,0.1914892808671901,1165,345,124,178
common_strict,Sus scrofa,5,1,PCBert-Kla,0.5,1812,302,1510,0.5986382176220341,0.21546650116150276,0.0160076855340274,0.019867549668874173,0.9854304635761589,0.21428571428571427,0.03636363636363636,0.8245033112582781,0.17334279253671964,1488,22,296,6
common_strict,Sus scrofa,5,2,DeepKla,0.5,1812,302,1510,0.6067606683917371,0.2213217247965253,0.11851608578002247,0.48344370860927155,0.6688741721854304,0.2260061919504644,0.3080168776371308,0.6379690949227373,0.22315902524759423,1010,500,156,146
common_strict,Sus scrofa,5,2,Auto-Kla,0.5,1812,302,1510,0.6926264198938643,0.27540208489940216,0.1389332538749996,0.30132450331125826,0.8423841059602649,0.2765957446808511,0.2884310618066561,0.7522075055187638,0.21992045369654917,1272,238,211,91
common_strict,Sus scrofa,5,2,HybridKla,0.5,1812,302,1510,0.7597122933204684,0.3421705527643338,0.2961353976197191,0.5894039735099338,0.7708609271523179,0.33969465648854963,0.4309927360774819,0.7406181015452539,0.1945265097636115,1164,346,124,178
common_strict,Sus scrofa,5,2,PCBert-Kla,0.5,1812,302,1510,0.5967040919257927,0.21979371197746084,0.03155042237203383,0.019867549668874173,0.9894039735099338,0.2727272727272727,0.03703703703703704,0.8278145695364238,0.1703791382890298,1494,16,296,6
common_strict,Sus scrofa,5,3,DeepKla,0.5,1812,302,1510,0.5966295337923775,0.20743574480656235,0.10314906318045478,0.48344370860927155,0.6503311258278146,0.2166172106824926,0.29918032786885246,0.6225165562913907,0.22955106318710194,982,528,156,146
common_strict,Sus scrofa,5,3,Auto-Kla,0.5,1812,302,1510,0.6827540458751808,0.27168021249591623,0.14380409418591492,0.30132450331125826,0.8463576158940397,0.28173374613003094,0.29119999999999996,0.7555187637969095,0.21813447256605228,1278,232,211,91
common_strict,Sus scrofa,5,3,HybridKla,0.5,1812,302,1510,0.7557672909082935,0.34454554436436674,0.2883831406449146,0.5894039735099338,0.7635761589403973,0.33271028037383177,0.4253285543608124,0.7345474613686535,0.19666933230037756,1153,357,124,178
common_strict,Sus scrofa,5,3,PCBert-Kla,0.5,1812,302,1510,0.5883206876891365,0.20815086159000973,0.020753320667262768,0.019867549668874173,0.9867549668874173,0.23076923076923078,0.03658536585365854,0.82560706401766,0.172992390676575,1490,20,296,6
common_strict,Sus scrofa,5,4,DeepKla,0.5,1812,302,1510,0.6062124468225077,0.2124751537459168,0.11796016657401698,0.48344370860927155,0.6682119205298013,0.22565687789799072,0.30769230769230765,0.6374172185430463,0.22518938383934295,1009,501,156,146
common_strict,Sus scrofa,5,4,Auto-Kla,0.5,1812,302,1510,0.6934268233849392,0.2746000627650111,0.1365302456522267,0.30132450331125826,0.8403973509933775,0.2740963855421687,0.2870662460567824,0.7505518763796909,0.2212120792441331,1269,241,211,91
common_strict,Sus scrofa,5,4,HybridKla,0.5,1812,302,1510,0.7730165343625279,0.38257546165402745,0.32422618470461184,0.5894039735099338,0.7960264900662252,0.3662551440329218,0.4517766497461929,0.7615894039735099,0.1792669729179765,1202,308,124,178
common_strict,Sus scrofa,5,4,PCBert-Kla,0.5,1812,302,1510,0.6011644226130433,0.2210188832798953,0.028660862911355882,0.019867549668874173,0.9887417218543046,0.2608695652173913,0.036923076923076927,0.8272626931567328,0.17113882827787114,1493,17,296,6
common_strict,Sus scrofa,5,5,DeepKla,0.5,1812,302,1510,0.6001929739923687,0.21432355121815838,0.10314906318045478,0.48344370860927155,0.6503311258278146,0.2166172106824926,0.29918032786885246,0.6225165562913907,0.22601315117229231,982,528,156,146
common_strict,Sus scrofa,5,5,Auto-Kla,0.5,1812,302,1510,0.6919049603087584,0.27556109608866663,0.14710099476374203,0.30132450331125826,0.8490066225165563,0.2852664576802508,0.29307568438003223,0.7577262693156733,0.21552444600172696,1282,228,211,91
common_strict,Sus scrofa,5,5,HybridKla,0.5,1812,302,1510,0.763811894215166,0.3500632802709897,0.29971218574497144,0.5894039735099338,0.7741721854304636,0.34296724470134876,0.43361753958587085,0.7433774834437086,0.1906446522088198,1169,341,124,178
common_strict,Sus scrofa,5,5,PCBert-Kla,0.5,1812,302,1510,0.600346476031753,0.2238480446895531,0.03155042237203383,0.019867549668874173,0.9894039735099338,0.2727272727272727,0.03703703703703704,0.8278145695364238,0.17042124773745065,1494,16,296,6
common_strict,Sus scrofa,5,6,DeepKla,0.5,1812,302,1510,0.6053879215823867,0.2158517523171749,0.10586421200326686,0.48344370860927155,0.6536423841059603,0.21823617339312407,0.3007209062821833,0.6252759381898455,0.2247435574296047,987,523,156,146
common_strict,Sus scrofa,5,6,Auto-Kla,0.5,1812,302,1510,0.6843109951317925,0.2654593144024119,0.1341481852567373,0.30132450331125826,0.83841059602649,0.2716417910447761,0.2857142857142857,0.7488962472406181,0.223873554867126,1266,244,211,91
common_strict,Sus scrofa,5,6,HybridKla,0.5,1812,302,1510,0.768268935573001,0.3769922647593365,0.30991308259966865,0.5894039735099338,0.7834437086092715,0.35247524752475246,0.44114002478314746,0.7511037527593819,0.18472968300732004,1183,327,124,178
common_strict,Sus scrofa,5,6,PCBert-Kla,0.5,1812,302,1510,0.5973707293539757,0.2176389309001274,0.03458986098397396,0.019867549668874173,0.9900662251655629,0.2857142857142857,0.037151702786377715,0.8283664459161147,0.1705994917030856,1495,15,296,6
common_strict,Sus scrofa,5,7,DeepKla,0.5,1812,302,1510,0.6079163194596728,0.2186705726775661,0.11740479964534359,0.48344370860927155,0.6675496688741722,0.22530864197530864,0.30736842105263157,0.6368653421633554,0.2235668276633523,1008,502,156,146
common_strict,Sus scrofa,5,7,Auto-Kla,0.5,1812,302,1510,0.7003716942239375,0.2882424093616197,0.14710099476374203,0.30132450331125826,0.8490066225165563,0.2852664576802508,0.29307568438003223,0.7577262693156733,0.21815559979459653,1282,228,211,91
common_strict,Sus scrofa,5,7,HybridKla,0.5,1812,302,1510,0.7633327485636595,0.3579162933185708,0.29684804768618717,0.5894039735099338,0.7715231788079471,0.3403441682600382,0.4315151515151515,0.7411699779249448,0.19107161452600843,1165,345,124,178
common_strict,Sus scrofa,5,7,PCBert-Kla,0.5,1812,302,1510,0.5922898118503575,0.21520228098929917,0.03779644730092272,0.019867549668874173,0.990728476821192,0.3,0.03726708074534162,0.8289183222958058,0.16940230611473564,1496,14,296,6
common_strict,Sus scrofa,5,8,DeepKla,0.5,1812,302,1510,0.5961777992193324,0.2033685521621817,0.10423368771244419,0.48344370860927155,0.6516556291390728,0.21726190476190477,0.2997946611909651,0.6236203090507726,0.2305281128901399,984,526,156,146
common_strict,Sus scrofa,5,8,Auto-Kla,0.5,1812,302,1510,0.6884314284461208,0.274177111881707,0.13973899616372742,0.30132450331125826,0.8430463576158941,0.2774390243902439,0.28888888888888886,0.7527593818984547,0.2185029857745677,1273,237,211,91
common_strict,Sus scrofa,5,8,HybridKla,0.5,1812,302,1510,0.7637735187053198,0.3686513440500391,0.29188738524587815,0.5894039735099338,0.766887417218543,0.33584905660377357,0.4278846153846153,0.7373068432671082,0.19016625859446334,1158,352,124,178
common_strict,Sus scrofa,5,8,PCBert-Kla,0.5,1812,302,1510,0.5921494671286347,0.2233621713222373,0.023274234320640654,0.019867549668874173,0.9874172185430463,0.24,0.03669724770642202,0.8261589403973509,0.17227067779170355,1491,19,296,6
common_strict,Sus scrofa,5,9,DeepKla,0.5,1812,302,1510,0.6026555852813473,0.21093625541668903,0.11023387295838369,0.48344370860927155,0.6589403973509934,0.22087745839636913,0.3032191069574247,0.6296909492273731,0.22746776440310287,995,515,156,146
common_strict,Sus scrofa,5,9,Auto-Kla,0.5,1812,302,1510,0.6986744002456032,0.2937174073798293,0.15810770704673435,0.30132450331125826,0.8576158940397351,0.2973856209150327,0.2993421052631579,0.7649006622516556,0.20726121381517723,1295,215,211,91
common_strict,Sus scrofa,5,9,HybridKla,0.5,1812,302,1510,0.7742588044384018,0.37323295106386795,0.30991308259966865,0.5894039735099338,0.7834437086092715,0.35247524752475246,0.44114002478314746,0.7511037527593819,0.1805653784581116,1183,327,124,178
common_strict,Sus scrofa,5,9,PCBert-Kla,0.5,1812,302,1510,0.6031248629446077,0.22456599454445308,0.020753320667262768,0.019867549668874173,0.9867549668874173,0.23076923076923078,0.03658536585365854,0.82560706401766,0.17231094808932196,1490,20,296,6
common_strict,Sus scrofa,5,10,DeepKla,0.5,1812,302,1510,0.6001995526511995,0.2106252329652818,0.10859151071788072,0.48344370860927155,0.6569536423841059,0.21987951807228914,0.3022774327122153,0.6280353200883002,0.22738396182233814,992,518,156,146
common_strict,Sus scrofa,5,10,Auto-Kla,0.5,1812,302,1510,0.6889610104819963,0.2686778437328169,0.13973899616372742,0.30132450331125826,0.8430463576158941,0.2774390243902439,0.28888888888888886,0.7527593818984547,0.2223049746560699,1273,237,211,91
common_strict,Sus scrofa,5,10,HybridKla,0.5,1812,302,1510,0.7663117845708521,0.35613060930643253,0.2932981235787528,0.5894039735099338,0.7682119205298014,0.3371212121212121,0.42891566265060244,0.7384105960264901,0.19026318191198752,1160,350,124,178
common_strict,Sus scrofa,5,10,PCBert-Kla,0.5,1812,302,1510,0.5953620455243192,0.21770092951864572,0.018333969940564226,0.019867549668874173,0.9860927152317881,0.2222222222222222,0.03647416413373861,0.8250551876379691,0.17239846694823607,1489,21,296,6
common_strict,Sus scrofa,5,11,DeepKla,0.5,1812,302,1510,0.6106004122626201,0.22130180649308093,0.1207453487813773,0.48344370860927155,0.671523178807947,0.22741433021806853,0.3093220338983051,0.6401766004415012,0.22255287425433268,1014,496,156,146
common_strict,Sus scrofa,5,11,Auto-Kla,0.5,1812,302,1510,0.693526599710539,0.2755805589912969,0.14380409418591492,0.30132450331125826,0.8463576158940397,0.28173374613003094,0.29119999999999996,0.7555187637969095,0.21693840120340138,1278,232,211,91
common_strict,Sus scrofa,5,11,HybridKla,0.5,1812,302,1510,0.7623525283978773,0.3708265013729527,0.2842197186578002,0.5894039735099338,0.7596026490066226,0.3290203327171904,0.4223013048635824,0.7312362030905077,0.19105060340080288,1147,363,124,178
common_strict,Sus scrofa,5,11,PCBert-Kla,0.5,1812,302,1510,0.5975593175737905,0.21661869623805324,0.025906388007541994,0.019867549668874173,0.9880794701986755,0.25,0.03680981595092025,0.826710816777042,0.17089830220286878,1492,18,296,6
common_strict,Sus scrofa,5,12,DeepKla,0.5,1812,302,1510,0.5968510153063463,0.20952866218741914,0.10206632546812985,0.48344370860927155,0.6490066225165563,0.21597633136094674,0.29856850715746425,0.6214128035320088,0.22846033418899142,980,530,156,146
common_strict,Sus scrofa,5,12,Auto-Kla,0.5,1812,302,1510,0.6791949914477435,0.25648889289149895,0.12026999923260595,0.30132450331125826,0.8264900662251655,0.2577903682719547,0.2778625954198473,0.7389624724061811,0.23015413061410187,1248,262,211,91
common_strict,Sus scrofa,5,12,HybridKla,0.5,1812,302,1510,0.7521435463356869,0.3300623835224682,0.28284178891110184,0.5894039735099338,0.7582781456953642,0.3278084714548803,0.421301775147929,0.7301324503311258,0.19967033624464353,1145,365,124,178
common_strict,Sus scrofa,5,12,PCBert-Kla,0.5,1812,302,1510,0.5859721064865575,0.2109794248744909,0.041190491481498406,0.019867549668874173,0.9913907284768212,0.3157894736842105,0.03738317757009346,0.8294701986754967,0.16958535546469922,1497,13,296,6
common_strict,Sus scrofa,5,13,DeepKla,0.5,1812,302,1510,0.6011951230209202,0.2154620985003216,0.10804506162230618,0.48344370860927155,0.6562913907284769,0.21954887218045113,0.3019648397104447,0.6274834437086093,0.2260552103458663,991,519,156,146
common_strict,Sus scrofa,5,13,Auto-Kla,0.5,1812,302,1510,0.6742566115521249,0.25316154917076145,0.14135770119181007,0.30132450331125826,0.8443708609271523,0.2791411042944785,0.28980891719745216,0.7538631346578366,0.2210203857355491,1275,235,211,91
common_strict,Sus scrofa,5,13,HybridKla,0.5,1812,302,1510,0.7663545458532519,0.35585676266022315,0.29971218574497144,0.5894039735099338,0.7741721854304636,0.34296724470134876,0.43361753958587085,0.7433774834437086,0.18735999705882428,1169,341,124,178
common_strict,Sus scrofa,5,13,PCBert-Kla,0.5,1812,302,1510,0.5880641199947371,0.2126984245857888,0.023274234320640654,0.019867549668874173,0.9874172185430463,0.24,0.03669724770642202,0.8261589403973509,0.1727708536224828,1491,19,296,6
common_strict,Sus scrofa,5,14,DeepKla,0.5,1812,302,1510,0.6006008508398755,0.21681023164876898,0.1074991101194681,0.48344370860927155,0.6556291390728477,0.21921921921921922,0.30165289256198347,0.6269315673289183,0.22555222918142492,990,520,156,146
common_strict,Sus scrofa,5,14,Auto-Kla,0.5,1812,302,1510,0.6829185123459498,0.2632428833422333,0.13573392181471292,0.30132450331125826,0.8397350993377484,0.2732732732732733,0.2866141732283464,0.75,0.22461689109547375,1268,242,211,91
common_strict,Sus scrofa,5,14,HybridKla,0.5,1812,302,1510,0.7618393930090784,0.3497975704380894,0.2940054570838836,0.5894039735099338,0.7688741721854304,0.3377609108159393,0.4294330518697225,0.7389624724061811,0.19336881213822038,1161,349,124,178
common_strict,Sus scrofa,5,14,PCBert-Kla,0.5,1812,302,1510,0.6037191351256523,0.21992813977510986,0.025906388007541994,0.019867549668874173,0.9880794701986755,0.25,0.03680981595092025,0.826710816777042,0.17169198474461508,1492,18,296,6
common_strict,Sus scrofa,5,15,DeepKla,0.5,1812,302,1510,0.6169488180342967,0.21657864408315564,0.12242325114643232,0.48344370860927155,0.6735099337748345,0.22848200312989045,0.3103081827842721,0.641832229580574,0.22138681772321314,1017,493,156,146
common_strict,Sus scrofa,5,15,Auto-Kla,0.5,1812,302,1510,0.6777126003245472,0.25682998718889494,0.13573392181471292,0.30132450331125826,0.8397350993377484,0.2732732732732733,0.2866141732283464,0.75,0.22267067144786157,1268,242,211,91
common_strict,Sus scrofa,5,15,HybridKla,0.5,1812,302,1510,0.7632801192930135,0.35190829591696104,0.303323359081353,0.5894039735099338,0.7774834437086092,0.3463035019455253,0.4362745098039216,0.7461368653421634,0.18898272087035786,1174,336,124,178
common_strict,Sus scrofa,5,15,PCBert-Kla,0.5,1812,302,1510,0.5895552826630411,0.21029530142740407,0.018333969940564226,0.019867549668874173,0.9860927152317881,0.2222222222222222,0.03647416413373861,0.8250551876379691,0.17358785832135376,1489,21,296,6
common_strict,Sus scrofa,5,16,DeepKla,0.5,1812,302,1510,0.6168084733125739,0.2225916346050247,0.12354473702872404,0.48344370860927155,0.6748344370860927,0.22919937205651492,0.3109691160809372,0.6429359823399559,0.220104554653478,1019,491,156,146
common_strict,Sus scrofa,5,16,Auto-Kla,0.5,1812,302,1510,0.6939366694443225,0.2688819240884596,0.1389332538749996,0.30132450331125826,0.8423841059602649,0.2765957446808511,0.2884310618066561,0.7522075055187638,0.22408779314462046,1272,238,211,91
common_strict,Sus scrofa,5,16,HybridKla,0.5,1812,302,1510,0.771599929827639,0.35101845439716417,0.30623767339281105,0.5894039735099338,0.7801324503311259,0.34901960784313724,0.43842364532019706,0.7483443708609272,0.1853429155559342,1178,332,124,178
common_strict,Sus scrofa,5,16,PCBert-Kla,0.5,1812,302,1510,0.6003793693259067,0.22677748417340282,0.041190491481498406,0.019867549668874173,0.9913907284768212,0.3157894736842105,0.03738317757009346,0.8294701986754967,0.1693466006235471,1497,13,296,6
common_strict,Sus scrofa,5,17,DeepKla,0.5,1812,302,1510,0.6069733783605982,0.2086166267750896,0.11463613949389756,0.48344370860927155,0.6642384105960265,0.22358346094946402,0.3057591623036649,0.6341059602649006,0.22625747141474892,1003,507,156,146
common_strict,Sus scrofa,5,17,Auto-Kla,0.5,1812,302,1510,0.6769461865707644,0.2552273371261444,0.12026999923260595,0.30132450331125826,0.8264900662251655,0.2577903682719547,0.2778625954198473,0.7389624724061811,0.2329294337739682,1248,262,211,91
common_strict,Sus scrofa,5,17,HybridKla,0.5,1812,302,1510,0.7575237928161045,0.34665970161341053,0.28629582550738036,0.5894039735099338,0.7615894039735099,0.3308550185873606,0.4238095238095238,0.7328918322295805,0.19370565632443398,1150,360,124,178
common_strict,Sus scrofa,5,17,PCBert-Kla,0.5,1812,302,1510,0.5755537037849218,0.201023048105961,0.00951638920161602,0.019867549668874173,0.9834437086092715,0.1935483870967742,0.036036036036036036,0.8228476821192053,0.17437326102423406,1485,25,296,6
common_strict,Sus scrofa,5,18,DeepKla,0.5,1812,302,1510,0.5965878689531161,0.20803553036566197,0.1074991101194681,0.48344370860927155,0.6556291390728477,0.21921921921921922,0.30165289256198347,0.6269315673289183,0.2288961387032788,990,520,156,146
common_strict,Sus scrofa,5,18,Auto-Kla,0.5,1812,302,1510,0.6859863602473575,0.26640947756926114,0.15381982731776409,0.30132450331125826,0.8543046357615894,0.29260450160771706,0.29690048939641106,0.7621412803532008,0.21453584260632724,1290,220,211,91
common_strict,Sus scrofa,5,18,HybridKla,0.5,1812,302,1510,0.7681899916670321,0.3712705911046806,0.3047776617091926,0.5894039735099338,0.7788079470198676,0.34765625,0.43734643734643736,0.7472406181015453,0.1830342335431814,1176,334,124,178
common_strict,Sus scrofa,5,18,PCBert-Kla,0.5,1812,302,1510,0.5867220735932634,0.20627068438755652,0.00951638920161602,0.019867549668874173,0.9834437086092715,0.1935483870967742,0.036036036036036036,0.8228476821192053,0.1743975896856743,1485,25,296,6
common_strict,Sus scrofa,5,19,DeepKla,0.5,1812,302,1510,0.6076663304241041,0.21504808039695722,0.1201871887300353,0.48344370860927155,0.6708609271523179,0.22706065318818042,0.308994708994709,0.6396247240618101,0.22400223888789775,1013,497,156,146
common_strict,Sus scrofa,5,19,Auto-Kla,0.5,1812,302,1510,0.6859425025218191,0.26731657623872507,0.1365302456522267,0.30132450331125826,0.8403973509933775,0.2740963855421687,0.2870662460567824,0.7505518763796909,0.22263021428948235,1269,241,211,91
common_strict,Sus scrofa,5,19,HybridKla,0.5,1812,302,1510,0.7578856190517961,0.36353481411061794,0.28978099753928016,0.5894039735099338,0.7649006622516556,0.3339587242026266,0.42634730538922155,0.7356512141280354,0.19427508144761105,1155,355,124,178
common_strict,Sus scrofa,5,19,PCBert-Kla,0.5,1812,302,1510,0.5936669444322618,0.21455859609041486,0.03155042237203383,0.019867549668874173,0.9894039735099338,0.2727272727272727,0.03703703703703704,0.8278145695364238,0.17143469130814792,1494,16,296,6
common_strict,Sus scrofa,5,20,DeepKla,0.5,1812,302,1510,0.614251567913688,0.2189540552835714,0.12523135787893833,0.48344370860927155,0.6768211920529801,0.2302839116719243,0.31196581196581197,0.6445916114790287,0.22145422698241476,1022,488,156,146
common_strict,Sus scrofa,5,20,Auto-Kla,0.5,1812,302,1510,0.6963477479057936,0.2888099395649641,0.15638413005010465,0.30132450331125826,0.8562913907284768,0.29545454545454547,0.29836065573770487,0.7637969094922737,0.2102614567291973,1293,217,211,91
common_strict,Sus scrofa,5,20,HybridKla,0.5,1812,302,1510,0.7594776544888382,0.3753430385934755,0.28908143336674336,0.5894039735099338,0.7642384105960265,0.3333333333333333,0.4258373205741627,0.7350993377483444,0.19283451518517927,1154,356,124,178
common_strict,Sus scrofa,5,20,PCBert-Kla,0.5,1812,302,1510,0.5894982676198413,0.21129622107085638,0.023274234320640654,0.019867549668874173,0.9874172185430463,0.24,0.03669724770642202,0.8261589403973509,0.17183112377875445,1491,19,296,6
common_strict,Sus scrofa,5,21,DeepKla,0.5,1812,302,1510,0.6045063812990659,0.21013617544186416,0.10640868821482269,0.48344370860927155,0.6543046357615894,0.218562874251497,0.30103092783505153,0.6258278145695364,0.2255766831852404,988,522,156,146
common_strict,Sus scrofa,5,21,Auto-Kla,0.5,1812,302,1510,0.6774724792772246,0.2596446387792529,0.13100386860603855,0.30132450331125826,0.8357615894039735,0.26843657817109146,0.28393135725429014,0.7466887417218543,0.22679550317845415,1262,248,211,91
common_strict,Sus scrofa,5,21,HybridKla,0.5,1812,302,1510,0.7562979693873074,0.3373398559677628,0.2876861127861593,0.5894039735099338,0.7629139072847683,0.332089552238806,0.42482100238663484,0.7339955849889624,0.19609174875173618,1152,358,124,178
common_strict,Sus scrofa,5,21,PCBert-Kla,0.5,1812,302,1510,0.5974387088285602,0.21487678995720258,0.0160076855340274,0.019867549668874173,0.9854304635761589,0.21428571428571427,0.03636363636363636,0.8245033112582781,0.17304644837219432,1488,22,296,6
common_strict,Sus scrofa,5,22,DeepKla,0.5,1812,302,1510,0.6051160036840489,0.2136073717626548,0.11463613949389756,0.48344370860927155,0.6642384105960265,0.22358346094946402,0.3057591623036649,0.6341059602649006,0.22549103046862815,1003,507,156,146
common_strict,Sus scrofa,5,22,Auto-Kla,0.5,1812,302,1510,0.69091487215473,0.2776623876903659,0.1454474722581845,0.30132450331125826,0.847682119205298,0.2834890965732087,0.2921348314606741,0.7566225165562914,0.21858056005242602,1280,230,211,91
common_strict,Sus scrofa,5,22,HybridKla,0.5,1812,302,1510,0.7685869040831541,0.3607285453043287,0.303323359081353,0.5894039735099338,0.7774834437086092,0.3463035019455253,0.4362745098039216,0.7461368653421634,0.18831517282803575,1174,336,124,178
common_strict,Sus scrofa,5,22,PCBert-Kla,0.5,1812,302,1510,0.6033595017762379,0.2202025698622837,0.020753320667262768,0.019867549668874173,0.9867549668874173,0.23076923076923078,0.03658536585365854,0.82560706401766,0.17275387517347487,1490,20,296,6
common_strict,Sus scrofa,5,23,DeepKla,0.5,1812,302,1510,0.628639094776545,0.22058924633785384,0.14124360576552417,0.48344370860927155,0.695364238410596,0.24092409240924093,0.32158590308370044,0.6600441501103753,0.21773551642138503,1050,460,156,146
common_strict,Sus scrofa,5,23,Auto-Kla,0.5,1812,302,1510,0.691925792728389,0.27575766631476545,0.14710099476374203,0.30132450331125826,0.8490066225165563,0.2852664576802508,0.29307568438003223,0.7577262693156733,0.21651372229576019,1282,228,211,91
common_strict,Sus scrofa,5,23,HybridKla,0.5,1812,302,1510,0.7622988026840928,0.35957348515468707,0.30043164052761395,0.5894039735099338,0.7748344370860927,0.3436293436293436,0.4341463414634146,0.7439293598233996,0.19127862608473759,1170,340,124,178
common_strict,Sus scrofa,5,23,PCBert-Kla,0.5,1812,302,1510,0.5995614227446164,0.22072533695746147,0.03155042237203383,0.019867549668874173,0.9894039735099338,0.2727272727272727,0.03703703703703704,0.8278145695364238,0.16942047308605113,1494,16,296,6
common_strict,Sus scrofa,5,24,DeepKla,0.5,1812,302,1510,0.6292509100478049,0.23261394772830168,0.14299005670045103,0.48344370860927155,0.6973509933774834,0.24212271973466004,0.32265193370165746,0.6616997792494481,0.2142928250910374,1053,457,156,146
common_strict,Sus scrofa,5,24,Auto-Kla,0.5,1812,302,1510,0.6789395201964825,0.2687793492578422,0.12482009951711205,0.30132450331125826,0.8304635761589404,0.2622478386167147,0.2804314329738058,0.7422737306843267,0.23050939627111583,1254,256,211,91
common_strict,Sus scrofa,5,24,HybridKla,0.5,1812,302,1510,0.756098416736108,0.348036778256957,0.26998668742717735,0.5894039735099338,0.7456953642384105,0.3167259786476868,0.412037037037037,0.7196467991169978,0.1985643802236492,1126,384,124,178
common_strict,Sus scrofa,5,24,PCBert-Kla,0.5,1812,302,1510,0.6078856190517961,0.23030516097237597,0.048642054683785685,0.019867549668874173,0.9927152317880795,0.35294117647058826,0.03761755485893417,0.8305739514348786,0.16825724053673174,1499,11,296,6
common_strict,Sus scrofa,5,25,DeepKla,0.5,1812,302,1510,0.6103284943642823,0.21625242000053635,0.11796016657401698,0.48344370860927155,0.6682119205298013,0.22565687789799072,0.30769230769230765,0.6374172185430463,0.2229576141536772,1009,501,156,146
common_strict,Sus scrofa,5,25,Auto-Kla,0.5,1812,302,1510,0.6881134599359677,0.2772769116228511,0.1333587374172703,0.30132450331125826,0.8377483443708609,0.2708333333333333,0.2852664576802508,0.7483443708609272,0.22369415586755148,1265,245,211,91
common_strict,Sus scrofa,5,25,HybridKla,0.5,1812,302,1510,0.7695342309547828,0.36163002765514163,0.30187470520062715,0.5894039735099338,0.776158940397351,0.3449612403100775,0.43520782396088015,0.7450331125827815,0.1850807569775573,1172,338,124,178
common_strict,Sus scrofa,5,25,PCBert-Kla,0.5,1812,302,1510,0.5997478180781545,0.21597756824245373,0.028660862911355882,0.019867549668874173,0.9887417218543046,0.2608695652173913,0.036923076923076927,0.8272626931567328,0.1711762640498594,1493,17,296,6
common_strict,Sus scrofa,5,26,DeepKla,0.5,1812,302,1510,0.606740932415245,0.21306896058196478,0.10859151071788072,0.48344370860927155,0.6569536423841059,0.21987951807228914,0.3022774327122153,0.6280353200883002,0.22545493932005506,992,518,156,146
common_strict,Sus scrofa,5,26,Auto-Kla,0.5,1812,302,1510,0.6806335248454015,0.265596132846213,0.13573392181471292,0.30132450331125826,0.8397350993377484,0.2732732732732733,0.2866141732283464,0.75,0.2211921186551164,1268,242,211,91
common_strict,Sus scrofa,5,26,HybridKla,0.5,1812,302,1510,0.7584228761896408,0.3618509359047069,0.2911839667894662,0.5894039735099338,0.7662251655629139,0.3352165725047081,0.42737094837935174,0.7367549668874173,0.193465809001795,1157,353,124,178
common_strict,Sus scrofa,5,26,PCBert-Kla,0.5,1812,302,1510,0.5921999035130038,0.21480564093857665,0.025906388007541994,0.019867549668874173,0.9880794701986755,0.25,0.03680981595092025,0.826710816777042,0.17215310040479745,1492,18,296,6
common_strict,Sus scrofa,5,27,DeepKla,0.5,1812,302,1510,0.6130389018025525,0.2176649034690511,0.11243083491948569,0.48344370860927155,0.66158940397351,0.2222222222222222,0.3044838373305526,0.6318984547461368,0.22200288821651828,999,511,156,146
common_strict,Sus scrofa,5,27,Auto-Kla,0.5,1812,302,1510,0.6887833866935661,0.2671799841141842,0.13100386860603855,0.30132450331125826,0.8357615894039735,0.26843657817109146,0.28393135725429014,0.7466887417218543,0.22329514111105075,1262,248,211,91
common_strict,Sus scrofa,5,27,HybridKla,0.5,1812,302,1510,0.7602363931406518,0.3548952912325284,0.28978099753928016,0.5894039735099338,0.7649006622516556,0.3339587242026266,0.42634730538922155,0.7356512141280354,0.1940034295537396,1155,355,124,178
common_strict,Sus scrofa,5,27,PCBert-Kla,0.5,1812,302,1510,0.5900552607341782,0.212703273596905,0.023274234320640654,0.019867549668874173,0.9874172185430463,0.24,0.03669724770642202,0.8261589403973509,0.1709273257452713,1491,19,296,6
common_strict,Sus scrofa,5,28,DeepKla,0.5,1812,302,1510,0.5985351519670191,0.2088666110038012,0.10369113817930875,0.48344370860927155,0.6509933774834437,0.21693907875185736,0.29948717948717946,0.6230684326710817,0.22862617935558988,983,527,156,146
common_strict,Sus scrofa,5,28,Auto-Kla,0.5,1812,302,1510,0.6765701065742731,0.2602066077212659,0.1302233473867247,0.30132450331125826,0.8350993377483443,0.2676470588235294,0.2834890965732087,0.7461368653421634,0.22617305413979086,1261,249,211,91
common_strict,Sus scrofa,5,28,HybridKla,0.5,1812,302,1510,0.7638612341563966,0.3456308830593601,0.2911839667894662,0.5894039735099338,0.7662251655629139,0.3352165725047081,0.42737094837935174,0.7367549668874173,0.19238191815745517,1157,353,124,178
common_strict,Sus scrofa,5,28,PCBert-Kla,0.5,1812,302,1510,0.5833581860444718,0.20880953166107416,0.011605177063713189,0.019867549668874173,0.9841059602649007,0.2,0.03614457831325301,0.8233995584988962,0.17515273506666187,1486,24,296,6
common_strict,Sus scrofa,5,29,DeepKla,0.5,1812,302,1510,0.6095544055085304,0.22033461699756435,0.11353243225779906,0.48344370860927155,0.6629139072847682,0.22290076335877862,0.3051201671891327,0.6330022075055187,0.2232082505910481,1001,509,156,146
common_strict,Sus scrofa,5,29,Auto-Kla,0.5,1812,302,1510,0.6984496294022192,0.2767880537192029,0.16690123501389106,0.30132450331125826,0.8642384105960265,0.30743243243243246,0.30434782608695654,0.7704194260485652,0.20794303712694498,1305,205,211,91
common_strict,Sus scrofa,5,29,HybridKla,0.5,1812,302,1510,0.7630739879829832,0.35958554126215964,0.30043164052761395,0.5894039735099338,0.7748344370860927,0.3436293436293436,0.4341463414634146,0.7439293598233996,0.1904388765009414,1170,340,124,178
common_strict,Sus scrofa,5,29,PCBert-Kla,0.5,1812,302,1510,0.6020042980571026,0.2207735134301143,0.041190491481498406,0.019867549668874173,0.9913907284768212,0.3157894736842105,0.03738317757009346,0.8294701986754967,0.16940842239957427,1497,13,296,6
common_strict,Sus scrofa,10,0,DeepKla,0.5,3322,302,3020,0.6126101925354152,0.12123087822526064,0.09299437539604066,0.48344370860927155,0.6701986754966888,0.12784588441331,0.20221606648199444,0.6532209512341962,0.2167794287961336,2024,996,156,146
common_strict,Sus scrofa,10,0,Auto-Kla,0.5,3322,302,3020,0.69159795622999,0.16403189378307764,0.11313781959377193,0.30132450331125826,0.8456953642384106,0.16337522441651706,0.2118742724097788,0.796207104154124,0.18053707207656575,2554,466,211,91
common_strict,Sus scrofa,10,0,HybridKla,0.5,3322,302,3020,0.7655601727994388,0.22096666799080572,0.2373938760673878,0.5894039735099338,0.7728476821192053,0.20601851851851852,0.3053173241852487,0.7561709813365443,0.17914578881653997,2334,686,124,178
common_strict,Sus scrofa,10,0,PCBert-Kla,0.5,3322,302,3020,0.5929345204157712,0.11986143391011561,0.02044794529772991,0.019867549668874173,0.9880794701986755,0.14285714285714285,0.034883720930232565,0.9000602046959663,0.09791877602465564,2984,36,296,6
common_strict,Sus scrofa,10,1,DeepKla,0.5,3322,302,3020,0.6125948423314767,0.12267068800758359,0.09675062666817079,0.48344370860927155,0.6758278145695364,0.12977777777777777,0.20462508759635598,0.6583383503913305,0.21593742810127733,2041,979,156,146
common_strict,Sus scrofa,10,1,Auto-Kla,0.5,3322,302,3020,0.6894883996315951,0.15829361176710247,0.11550441481289726,0.30132450331125826,0.8480132450331126,0.16545454545454547,0.2136150234741784,0.798314268512944,0.1770607847408822,2561,459,211,91
common_strict,Sus scrofa,10,1,HybridKla,0.5,3322,302,3020,0.7623262137625543,0.21687037660503872,0.2395457368483621,0.5894039735099338,0.7751655629139073,0.20770128354725786,0.30716134598792055,0.7582781456953642,0.18116998295569228,2341,679,124,178
common_strict,Sus scrofa,10,1,PCBert-Kla,0.5,3322,302,3020,0.6008135608087364,0.12285613419353014,0.0172931782161811,0.019867549668874173,0.9870860927152317,0.13333333333333333,0.0345821325648415,0.899157134256472,0.09887216440736611,2981,39,296,6
common_strict,Sus scrofa,10,2,DeepKla,0.5,3322,302,3020,0.6098559273716064,0.11997663395017852,0.08797323335040055,0.48344370860927155,0.6625827814569536,0.12532188841201716,0.19904567143830945,0.6462974111980735,0.21754355076571072,2001,1019,156,146
common_strict,Sus scrofa,10,2,Auto-Kla,0.5,3322,302,3020,0.6884889917108898,0.16330749371897443,0.11550441481289726,0.30132450331125826,0.8480132450331126,0.16545454545454547,0.2136150234741784,0.798314268512944,0.17762518514803408,2561,459,211,91
common_strict,Sus scrofa,10,2,HybridKla,0.5,3322,302,3020,0.7662152975746678,0.22055636322283023,0.23892902154396714,0.5894039735099338,0.7745033112582781,0.20721769499417927,0.3066322136089578,0.7576760987357014,0.17992290065078526,2339,681,124,178
common_strict,Sus scrofa,10,2,PCBert-Kla,0.5,3322,302,3020,0.5871639401780624,0.11648277428459225,0.010736246830291346,0.019867549668874173,0.9847682119205298,0.11538461538461539,0.03389830508474577,0.8970499698976521,0.10081047664150672,2974,46,296,6
common_strict,Sus scrofa,10,3,DeepKla,0.5,3322,302,3020,0.600783956843998,0.11702776803404819,0.0810955018279565,0.48344370860927155,0.6519867549668874,0.12197159565580618,0.19479653102068045,0.6366646598434678,0.22172596188959603,1969,1051,156,146
common_strict,Sus scrofa,10,3,Auto-Kla,0.5,3322,302,3020,0.692422481470111,0.15923416097548992,0.11687061903926306,0.30132450331125826,0.8493377483443708,0.16666666666666666,0.21462264150943394,0.7995183624322697,0.17663084346963795,2565,455,211,91
common_strict,Sus scrofa,10,3,HybridKla,0.5,3322,302,3020,0.7649083373536247,0.22876192143647478,0.24047368601850358,0.5894039735099338,0.776158940397351,0.20843091334894615,0.3079584775086505,0.7591812161348586,0.178759264111744,2344,676,124,178
common_strict,Sus scrofa,10,3,PCBert-Kla,0.5,3322,302,3020,0.5933402043770011,0.12187210581212268,0.02044794529772991,0.019867549668874173,0.9880794701986755,0.14285714285714285,0.034883720930232565,0.9000602046959663,0.09812059918997723,2984,36,296,6
common_strict,Sus scrofa,10,4,DeepKla,0.5,3322,302,3020,0.6124435331783694,0.11959987763915862,0.0960848762565887,0.48344370860927155,0.6748344370860927,0.12943262411347517,0.20419580419580421,0.6574352799518363,0.21719685677018788,2038,982,156,146
common_strict,Sus scrofa,10,4,Auto-Kla,0.5,3322,302,3020,0.6900421034165167,0.15577814871665166,0.11347404262354105,0.30132450331125826,0.8460264900662252,0.16366906474820145,0.21212121212121215,0.7965081276339554,0.18216392713845583,2555,465,211,91
common_strict,Sus scrofa,10,4,HybridKla,0.5,3322,302,3020,0.7669312749440814,0.23015363914879247,0.23862123560403628,0.5894039735099338,0.7741721854304636,0.2069767441860465,0.306368330464716,0.75737507525587,0.17831720758004163,2338,682,124,178
common_strict,Sus scrofa,10,4,PCBert-Kla,0.5,3322,302,3020,0.6026435244068242,0.12490792795027712,0.023861405395485213,0.019867549668874173,0.9890728476821192,0.15384615384615385,0.03519061583577713,0.9009632751354606,0.09723270640593408,2987,33,296,6
common_strict,Sus scrofa,10,5,DeepKla,0.5,3322,302,3020,0.608446997938687,0.12021821942920588,0.08971203561844483,0.48344370860927155,0.6652317880794701,0.12618841832324978,0.20013708019191226,0.6487055990367249,0.21843033116857255,2009,1011,156,146
common_strict,Sus scrofa,10,5,Auto-Kla,0.5,3322,302,3020,0.6856420771018815,0.15464196508969413,0.1104698800147147,0.30132450331125826,0.8430463576158941,0.16106194690265488,0.20991926182237602,0.7937989163154726,0.1812038156570812,2546,474,211,91
common_strict,Sus scrofa,10,5,HybridKla,0.5,3322,302,3020,0.7593071575808078,0.21766259753918096,0.23344601540827464,0.5894039735099338,0.7685430463576159,0.20296465222348917,0.3019508057675997,0.7522576760987357,0.1838938887323845,2321,699,124,178
common_strict,Sus scrofa,10,5,PCBert-Kla,0.5,3322,302,3020,0.6014615587035657,0.1279278887404871,0.02890199487039561,0.019867549668874173,0.9903973509933774,0.17142857142857143,0.03560830860534125,0.9021673690547862,0.09680490541211499,2991,29,296,6
common_strict,Sus scrofa,10,6,DeepKla,0.5,3322,302,3020,0.6096958466733915,0.11930260270176463,0.08927658008968732,0.48344370860927155,0.6645695364238411,0.12597066436583262,0.19986310746064342,0.648103552077062,0.21812237216821315,2007,1013,156,146
common_strict,Sus scrofa,10,6,Auto-Kla,0.5,3322,302,3020,0.6809306609359238,0.15271112866403158,0.10751363974661683,0.30132450331125826,0.840066225165563,0.15853658536585366,0.20776255707762556,0.7910897049969897,0.18554382972631722,2537,483,211,91
common_strict,Sus scrofa,10,6,HybridKla,0.5,3322,302,3020,0.7601497741327135,0.21841482960079248,0.22985596057258645,0.5894039735099338,0.7645695364238411,0.20022497187851518,0.2989084802686818,0.7486453943407586,0.18300191606601215,2309,711,124,178
common_strict,Sus scrofa,10,6,PCBert-Kla,0.5,3322,302,3020,0.5991480636814175,0.12350544388290671,0.02044794529772991,0.019867549668874173,0.9880794701986755,0.14285714285714285,0.034883720930232565,0.9000602046959663,0.09859323063790301,2984,36,296,6
common_strict,Sus scrofa,10,7,DeepKla,0.5,3322,302,3020,0.6023584491908249,0.11538232668024315,0.08559530344520176,0.48344370860927155,0.6589403973509934,0.12414965986394558,0.1975642760487145,0.6429861529199278,0.22238556095647033,1990,1030,156,146
common_strict,Sus scrofa,10,7,Auto-Kla,0.5,3322,302,3020,0.6808506205868163,0.15335114688889476,0.10460344511759181,0.30132450331125826,0.8370860927152318,0.15608919382504288,0.2056497175141243,0.7883804936785069,0.18704079581098187,2528,492,211,91
common_strict,Sus scrofa,10,7,HybridKla,0.5,3322,302,3020,0.7583055567738257,0.2183512255076634,0.2316446169275587,0.5894039735099338,0.7665562913907285,0.2015855039637599,0.30042194092827007,0.7504515352197472,0.18547874069590403,2315,705,124,178
common_strict,Sus scrofa,10,7,PCBert-Kla,0.5,3322,302,3020,0.591622077979036,0.12169562366296979,0.023861405395485213,0.019867549668874173,0.9890728476821192,0.15384615384615385,0.03519061583577713,0.9009632751354606,0.09733329635826243,2987,33,296,6
common_strict,Sus scrofa,10,8,DeepKla,0.5,3322,302,3020,0.6040634182711284,0.12014967573203371,0.08344615336375628,0.48344370860927155,0.6556291390728477,0.12310286677908938,0.19623655913978494,0.6399759181216135,0.21927183747564935,1980,1040,156,146
common_strict,Sus scrofa,10,8,Auto-Kla,0.5,3322,302,3020,0.6977643524406825,0.16421163020812318,0.1235043140596363,0.30132450331125826,0.8556291390728477,0.17267552182163187,0.2195416164053076,0.8052378085490668,0.17236031892969295,2584,436,211,91
common_strict,Sus scrofa,10,8,HybridKla,0.5,3322,302,3020,0.7669148282970044,0.2226623539172901,0.23862123560403628,0.5894039735099338,0.7741721854304636,0.2069767441860465,0.306368330464716,0.75737507525587,0.17875072908569617,2338,682,124,178
common_strict,Sus scrofa,10,8,PCBert-Kla,0.5,3322,302,3020,0.5990460944695408,0.12428283095706079,0.02155484802316097,0.019867549668874173,0.9884105960264901,0.14634146341463414,0.03498542274052478,0.9003612281757977,0.09792841040334405,2985,35,296,6
common_strict,Sus scrofa,10,9,DeepKla,0.5,3322,302,3020,0.6122878382527083,0.12415317930966216,0.0910214653926078,0.48344370860927155,0.6672185430463576,0.1268462206776716,0.200963523743978,0.6505117399157134,0.21538770339328583,2015,1005,156,146
common_strict,Sus scrofa,10,9,Auto-Kla,0.5,3322,302,3020,0.6811411780185079,0.15254417972949946,0.10110648301669276,0.30132450331125826,0.8334437086092715,0.1531986531986532,0.20312499999999997,0.7850692354003612,0.19028499373358898,2517,503,211,91
common_strict,Sus scrofa,10,9,HybridKla,0.5,3322,302,3020,0.7650804789263629,0.21734679562708342,0.2429653184168442,0.5894039735099338,0.7788079470198676,0.21040189125295508,0.31010452961672474,0.7615894039735099,0.17859631769244036,2352,668,124,178
common_strict,Sus scrofa,10,9,PCBert-Kla,0.5,3322,302,3020,0.5881693785360291,0.11768373218458027,0.01161357419798772,0.019867549668874173,0.9850993377483444,0.11764705882352941,0.0339943342776204,0.8973509933774835,0.10035863250121017,2975,45,296,6
common_strict,Sus scrofa,10,10,DeepKla,0.5,3322,302,3020,0.6074415595807202,0.11873536775235032,0.09233555576349678,0.48344370860927155,0.669205298013245,0.1275109170305677,0.2017968210089841,0.652317880794702,0.21923097331262395,2021,999,156,146
common_strict,Sus scrofa,10,10,Auto-Kla,0.5,3322,302,3020,0.6895212929257489,0.15869748044753235,0.11146584724648907,0.30132450331125826,0.8440397350993377,0.1619217081850534,0.21064814814814817,0.7947019867549668,0.1814769805780844,2549,471,211,91
common_strict,Sus scrofa,10,10,HybridKla,0.5,3322,302,3020,0.7615740537695715,0.21620993674767333,0.23556406284960393,0.5894039735099338,0.7708609271523179,0.2045977011494253,0.3037542662116041,0.7543648404575557,0.18371121710303823,2328,692,124,178
common_strict,Sus scrofa,10,10,PCBert-Kla,0.5,3322,302,3020,0.5912109118021139,0.12134424554446134,0.027582664998133694,0.019867549668874173,0.9900662251655629,0.16666666666666666,0.03550295857988166,0.9018663455749548,0.09725261071174944,2990,30,296,6
common_strict,Sus scrofa,10,11,DeepKla,0.5,3322,302,3020,0.6068527696153676,0.12156999555977287,0.09167792267873527,0.48344370860927155,0.6682119205298013,0.12717770034843207,0.20137931034482762,0.6514148103552077,0.2181225111107573,2018,1002,156,146
common_strict,Sus scrofa,10,11,Auto-Kla,0.5,3322,302,3020,0.6916703214771283,0.15854173076339423,0.11448641876504541,0.30132450331125826,0.8470198675496688,0.16455696202531644,0.21286549707602337,0.7974111980734497,0.17913535783962192,2558,462,211,91
common_strict,Sus scrofa,10,11,HybridKla,0.5,3322,302,3020,0.7669630717950967,0.2203191954023891,0.24738710240597472,0.5894039735099338,0.7834437086092715,0.21394230769230768,0.31393298059964725,0.7658037326911499,0.17523262843469384,2366,654,124,178
common_strict,Sus scrofa,10,11,PCBert-Kla,0.5,3322,302,3020,0.5969902635849305,0.12287309295577763,0.02044794529772991,0.019867549668874173,0.9880794701986755,0.14285714285714285,0.034883720930232565,0.9000602046959663,0.09857492481671952,2984,36,296,6
common_strict,Sus scrofa,10,12,DeepKla,0.5,3322,302,3020,0.6046938730757423,0.1192344839093736,0.08344615336375628,0.48344370860927155,0.6556291390728477,0.12310286677908938,0.19623655913978494,0.6399759181216135,0.21964478154284547,1980,1040,156,146
common_strict,Sus scrofa,10,12,Auto-Kla,0.5,3322,302,3020,0.6847007806675146,0.15651547736878013,0.11179903181060194,0.30132450331125826,0.8443708609271523,0.1622103386809269,0.21089223638470447,0.7950030102347984,0.1808126082657577,2550,470,211,91
common_strict,Sus scrofa,10,12,HybridKla,0.5,3322,302,3020,0.7608290206569888,0.22181427538714948,0.23344601540827464,0.5894039735099338,0.7685430463576159,0.20296465222348917,0.3019508057675997,0.7522576760987357,0.18385587338373816,2321,699,124,178
common_strict,Sus scrofa,10,12,PCBert-Kla,0.5,3322,302,3020,0.5903995438796544,0.12010515443568494,0.019369700246266934,0.019867549668874173,0.9877483443708609,0.13953488372093023,0.034782608695652174,0.8997591812161349,0.09826738486894583,2983,37,296,6
common_strict,Sus scrofa,10,13,DeepKla,0.5,3322,302,3020,0.6068385158545679,0.12061799671612156,0.08775644526199303,0.48344370860927155,0.6622516556291391,0.12521440823327615,0.1989100817438692,0.645996387718242,0.2184025105077052,2000,1020,156,146
common_strict,Sus scrofa,10,13,Auto-Kla,0.5,3322,302,3020,0.6815578264111224,0.15542118800257484,0.10915019298815491,0.30132450331125826,0.8417218543046358,0.15992970123022848,0.20895522388059704,0.7925948223961469,0.1827333227952054,2542,478,211,91
common_strict,Sus scrofa,10,13,HybridKla,0.5,3322,302,3020,0.7583203587561949,0.22032695538834396,0.2271963705086563,0.5894039735099338,0.7615894039735099,0.19821826280623608,0.29666666666666663,0.7459361830222757,0.18439831619945618,2300,720,124,178
common_strict,Sus scrofa,10,13,PCBert-Kla,0.5,3322,302,3020,0.5918501381518355,0.11994230563732537,0.0172931782161811,0.019867549668874173,0.9870860927152317,0.13333333333333333,0.0345821325648415,0.899157134256472,0.09926242323659909,2981,39,296,6
common_strict,Sus scrofa,10,14,DeepKla,0.5,3322,302,3020,0.6153238893031008,0.12391903067756913,0.09808591987773509,0.48344370860927155,0.6778145695364238,0.13047363717605004,0.2054890921885996,0.660144491270319,0.2144586882948512,2047,973,156,146
common_strict,Sus scrofa,10,14,Auto-Kla,0.5,3322,302,3020,0.6941477347484759,0.1602712282507145,0.11859290423959444,0.30132450331125826,0.8509933774834437,0.16820702402957485,0.21589561091340448,0.8010234798314269,0.17638430248483702,2570,450,211,91
common_strict,Sus scrofa,10,14,HybridKla,0.5,3322,302,3020,0.7628738871102144,0.2245077642526275,0.23708797645737073,0.5894039735099338,0.7725165562913907,0.20578034682080926,0.3050556983718937,0.7558699578567128,0.18067217785875622,2333,687,124,178
common_strict,Sus scrofa,10,14,PCBert-Kla,0.5,3322,302,3020,0.5989561861321872,0.12519842725840438,0.02890199487039561,0.019867549668874173,0.9903973509933774,0.17142857142857143,0.03560830860534125,0.9021673690547862,0.09743520012409554,2991,29,296,6
common_strict,Sus scrofa,10,15,DeepKla,0.5,3322,302,3020,0.6056302355159862,0.11902353300323124,0.08645830036153193,0.48344370860927155,0.6602649006622516,0.12457337883959044,0.19810040705563092,0.6441902468392534,0.21925651721463368,1994,1026,156,146
common_strict,Sus scrofa,10,15,Auto-Kla,0.5,3322,302,3020,0.6924361870093416,0.16725657226755702,0.12421700902816502,0.30132450331125826,0.8562913907284768,0.17333333333333334,0.2200725513905683,0.8058398555087297,0.17243019632996584,2586,434,211,91
common_strict,Sus scrofa,10,15,HybridKla,0.5,3322,302,3020,0.7629807903162141,0.21507166703364192,0.23586810475922504,0.5894039735099338,0.7711920529801325,0.2048331415420023,0.3040136635354398,0.7546658639373871,0.18203453340853068,2329,691,124,178
common_strict,Sus scrofa,10,15,PCBert-Kla,0.5,3322,302,3020,0.5917525547125126,0.12286252491323614,0.026304463528341395,0.019867549668874173,0.9897350993377484,0.16216216216216217,0.03539823008849558,0.9015653220951234,0.09713326110841242,2989,31,296,6
common_strict,Sus scrofa,10,16,DeepKla,0.5,3322,302,3020,0.6099732467874215,0.12251224494995924,0.0938746660443112,0.48344370860927155,0.671523178807947,0.1282952548330404,0.20277777777777778,0.654425045153522,0.21691182903522072,2028,992,156,146
common_strict,Sus scrofa,10,16,Auto-Kla,0.5,3322,302,3020,0.6867494846717248,0.15390595513281932,0.10751363974661683,0.30132450331125826,0.840066225165563,0.15853658536585366,0.20776255707762556,0.7910897049969897,0.18460425428305327,2537,483,211,91
common_strict,Sus scrofa,10,16,HybridKla,0.5,3322,302,3020,0.7640333757291347,0.22993948389469598,0.23770015063523395,0.5894039735099338,0.7731788079470199,0.20625724217844726,0.30557939914163085,0.7564720048163757,0.17989312810931019,2335,685,124,178
common_strict,Sus scrofa,10,16,PCBert-Kla,0.5,3322,302,3020,0.5922327968071576,0.11978651758565335,0.012509165344015243,0.019867549668874173,0.9854304635761589,0.12,0.034090909090909095,0.8976520168573149,0.10058473900050115,2976,44,296,6
common_strict,Sus scrofa,10,17,DeepKla,0.5,3322,302,3020,0.6068779878075523,0.11887838882919802,0.09189700253352938,0.48344370860927155,0.6685430463576159,0.12728857890148212,0.2015182884748102,0.6517158338350392,0.21908544334214775,2019,1001,156,146
common_strict,Sus scrofa,10,17,Auto-Kla,0.5,3322,302,3020,0.6809334020437701,0.1532369955095626,0.10816653826391967,0.30132450331125826,0.840728476821192,0.1590909090909091,0.2082379862700229,0.7916917519566526,0.18404186733443614,2539,481,211,91
common_strict,Sus scrofa,10,17,HybridKla,0.5,3322,302,3020,0.7572825753256437,0.21822354304709096,0.22807981849900708,0.5894039735099338,0.7625827814569537,0.19888268156424582,0.29741019214703424,0.74683925346177,0.18702577693414926,2303,717,124,178
common_strict,Sus scrofa,10,17,PCBert-Kla,0.5,3322,302,3020,0.5904839700013158,0.11887489467979587,0.0172931782161811,0.019867549668874173,0.9870860927152317,0.13333333333333333,0.0345821325648415,0.899157134256472,0.09866186068882112,2981,39,296,6
common_strict,Sus scrofa,10,18,DeepKla,0.5,3322,302,3020,0.610138809701329,0.12296091072082943,0.08473422510836119,0.48344370860927155,0.6576158940397351,0.12372881355932204,0.1970310391363023,0.641782059000602,0.21660206676749358,1986,1034,156,146
common_strict,Sus scrofa,10,18,Auto-Kla,0.5,3322,302,3020,0.6955056795754572,0.16223192416531196,0.1158450090434813,0.30132450331125826,0.8483443708609272,0.1657559198542805,0.21386603995299647,0.7986152919927755,0.1781244141427815,2562,458,211,91
common_strict,Sus scrofa,10,18,HybridKla,0.5,3322,302,3020,0.7614161659576334,0.21268245504871208,0.23374750359394963,0.5894039735099338,0.7688741721854304,0.20319634703196346,0.3022071307300509,0.7525586995785671,0.18452518375489202,2322,698,124,178
common_strict,Sus scrofa,10,18,PCBert-Kla,0.5,3322,302,3020,0.5932481031533705,0.1200064706086393,0.019369700246266934,0.019867549668874173,0.9877483443708609,0.13953488372093023,0.034782608695652174,0.8997591812161349,0.09900336836816907,2983,37,296,6
common_strict,Sus scrofa,10,19,DeepKla,0.5,3322,302,3020,0.6148096574711635,0.12296213698518424,0.09431561770705596,0.48344370860927155,0.6721854304635762,0.12852112676056338,0.20305980528511822,0.6550270921131849,0.21519940853522207,2030,990,156,146
common_strict,Sus scrofa,10,19,Auto-Kla,0.5,3322,302,3020,0.69222402526205,0.15956814836907632,0.10849384636936754,0.30132450331125826,0.8410596026490066,0.159369527145359,0.20847651775486825,0.791992775436484,0.18257780378319316,2540,480,211,91
common_strict,Sus scrofa,10,19,HybridKla,0.5,3322,302,3020,0.7672958422876189,0.22398437348456438,0.2395457368483621,0.5894039735099338,0.7751655629139073,0.20770128354725786,0.30716134598792055,0.7582781456953642,0.17846195149517408,2341,679,124,178
common_strict,Sus scrofa,10,19,PCBert-Kla,0.5,3322,302,3020,0.6006041401692909,0.12564581213724332,0.023861405395485213,0.019867549668874173,0.9890728476821192,0.15384615384615385,0.03519061583577713,0.9009632751354606,0.09710816743905705,2987,33,296,6
common_strict,Sus scrofa,10,20,DeepKla,0.5,3322,302,3020,0.6082551203894566,0.11995809097762586,0.0862423699663144,0.48344370860927155,0.659933774834437,0.12446717817561807,0.19796610169491527,0.643889223359422,0.21856145853511197,1993,1027,156,146
common_strict,Sus scrofa,10,20,Auto-Kla,0.5,3322,302,3020,0.6845867505811147,0.15319647834980094,0.10237065181791283,0.30132450331125826,0.8347682119205299,0.15423728813559323,0.2040358744394619,0.786273329319687,0.18693448255354103,2521,499,211,91
common_strict,Sus scrofa,10,20,HybridKla,0.5,3322,302,3020,0.7615466426911099,0.21467356369108326,0.24078377413849575,0.5894039735099338,0.7764900662251656,0.20867526377491208,0.30822510822510824,0.75948223961469,0.1814285078713271,2345,675,124,178
common_strict,Sus scrofa,10,20,PCBert-Kla,0.5,3322,302,3020,0.5961767027761941,0.12044517360742302,0.01161357419798772,0.019867549668874173,0.9850993377483444,0.11764705882352941,0.0339943342776204,0.8973509933774835,0.09994148595555534,2975,45,296,6
common_strict,Sus scrofa,10,21,DeepKla,0.5,3322,302,3020,0.6063703346344459,0.12152055106117982,0.08753978083384652,0.48344370860927155,0.6619205298013245,0.12510711225364182,0.19877467665078286,0.6456953642384106,0.21878362902497342,1999,1021,156,146
common_strict,Sus scrofa,10,21,Auto-Kla,0.5,3322,302,3020,0.6817694399368449,0.15741164540757172,0.10718804429392392,0.30132450331125826,0.8397350993377484,0.1582608695652174,0.20752565564424175,0.7907886815171583,0.18464895838463383,2536,484,211,91
common_strict,Sus scrofa,10,21,HybridKla,0.5,3322,302,3020,0.7630032674005527,0.21907139533296888,0.2343515655738694,0.5894039735099338,0.7695364238410596,0.2036613272311213,0.30272108843537415,0.75316074653823,0.18034164071642983,2324,696,124,178
common_strict,Sus scrofa,10,21,PCBert-Kla,0.5,3322,302,3020,0.5901100828911013,0.1168048006259205,0.01531436591817365,0.019867549668874173,0.9864238410596027,0.1276595744680851,0.034383954154727794,0.8985550872968091,0.09991959185466588,2979,41,296,6
common_strict,Sus scrofa,10,22,DeepKla,0.5,3322,302,3020,0.6068560589447831,0.12158893594982619,0.08862434338158116,0.48344370860927155,0.6635761589403973,0.12564543889845095,0.19945355191256833,0.6472004816375677,0.21833204029532582,2004,1016,156,146
common_strict,Sus scrofa,10,22,Auto-Kla,0.5,3322,302,3020,0.6887006052366125,0.16221312924967726,0.10980886394659262,0.30132450331125826,0.8423841059602649,0.16049382716049382,0.20943613348676637,0.7931968693558098,0.18278646218239472,2544,476,211,91
common_strict,Sus scrofa,10,22,HybridKla,0.5,3322,302,3020,0.7647734748475944,0.22791660197508143,0.23678245066004827,0.5894039735099338,0.7721854304635761,0.20554272517321015,0.3047945205479452,0.7555689343768814,0.1809542366638435,2332,688,124,178
common_strict,Sus scrofa,10,22,PCBert-Kla,0.5,3322,302,3020,0.5931757379062322,0.12035863738214869,0.013423874358801947,0.019867549668874173,0.9857615894039735,0.12244897959183673,0.03418803418803419,0.8979530403371463,0.10014783477284571,2977,43,296,6
common_strict,Sus scrofa,10,23,DeepKla,0.5,3322,302,3020,0.6053396780842946,0.1222488318604237,0.08905904202786372,0.48344370860927155,0.6642384105960265,0.12586206896551724,0.1997264021887825,0.6478025285972305,0.21813890951761453,2006,1014,156,146
common_strict,Sus scrofa,10,23,Auto-Kla,0.5,3322,302,3020,0.6921768782070963,0.15829970857432052,0.11618623920690889,0.30132450331125826,0.8486754966887418,0.16605839416058393,0.21411764705882352,0.7989163154726069,0.17628651062179856,2563,457,211,91
common_strict,Sus scrofa,10,23,HybridKla,0.5,3322,302,3020,0.770777597473795,0.23178261422925817,0.2448506560154559,0.5894039735099338,0.7807947019867549,0.2119047619047619,0.3117338003502627,0.7633955448524985,0.1736868015845576,2358,662,124,178
common_strict,Sus scrofa,10,23,PCBert-Kla,0.5,3322,302,3020,0.592979474584448,0.12137650645324322,0.019369700246266934,0.019867549668874173,0.9877483443708609,0.13953488372093023,0.034782608695652174,0.8997591812161349,0.0986778179105363,2983,37,296,6
common_strict,Sus scrofa,10,24,DeepKla,0.5,3322,302,3020,0.6055173018727248,0.11863898509560292,0.08689052572486905,0.48344370860927155,0.6609271523178808,0.12478632478632479,0.19836956521739132,0.6447922937989163,0.21947097700683305,1996,1024,156,146
common_strict,Sus scrofa,10,24,Auto-Kla,0.5,3322,302,3020,0.681067168106662,0.14917251408192422,0.10396280746074316,0.30132450331125826,0.8364238410596027,0.15555555555555556,0.20518602029312288,0.7877784467188441,0.18737468651391317,2526,494,211,91
common_strict,Sus scrofa,10,24,HybridKla,0.5,3322,302,3020,0.7633036928204903,0.21818552850378486,0.23526038909300587,0.5894039735099338,0.7705298013245033,0.20436280137772675,0.3034953111679454,0.7540638169777243,0.1807401393632956,2327,693,124,178
common_strict,Sus scrofa,10,24,PCBert-Kla,0.5,3322,302,3020,0.5970856541379764,0.12165186291506216,0.025064823963997354,0.019867549668874173,0.9894039735099338,0.15789473684210525,0.03529411764705882,0.901264298615292,0.09711208668260574,2988,32,296,6
common_strict,Sus scrofa,10,25,DeepKla,0.5,3322,302,3020,0.6071827990000438,0.12064011136121117,0.08753978083384652,0.48344370860927155,0.6619205298013245,0.12510711225364182,0.19877467665078286,0.6456953642384106,0.21825624325871104,1999,1021,156,146
common_strict,Sus scrofa,10,25,Auto-Kla,0.5,3322,302,3020,0.6840462041138546,0.15462983767787203,0.10718804429392392,0.30132450331125826,0.8397350993377484,0.1582608695652174,0.20752565564424175,0.7907886815171583,0.1848540001140702,2536,484,211,91
common_strict,Sus scrofa,10,25,HybridKla,0.5,3322,302,3020,0.7618103372659094,0.21803316963281683,0.23708797645737073,0.5894039735099338,0.7725165562913907,0.20578034682080926,0.3050556983718937,0.7558699578567128,0.18098233257466714,2333,687,124,178
common_strict,Sus scrofa,10,25,PCBert-Kla,0.5,3322,302,3020,0.5971580193851147,0.11990242023893703,0.016292177510810017,0.019867549668874173,0.9867549668874173,0.13043478260869565,0.034482758620689655,0.8988561107766406,0.09929281685253034,2980,40,296,6
common_strict,Sus scrofa,10,26,DeepKla,0.5,3322,302,3020,0.6058254023946318,0.1178086994665582,0.08797323335040055,0.48344370860927155,0.6625827814569536,0.12532188841201716,0.19904567143830945,0.6462974111980735,0.22015473141407776,2001,1019,156,146
common_strict,Sus scrofa,10,26,Auto-Kla,0.5,3322,302,3020,0.6843378579886847,0.15631430784564407,0.11080127402360354,0.30132450331125826,0.8433774834437087,0.16134751773049646,0.21016166281755194,0.794099939795304,0.17937237052985205,2547,473,211,91
common_strict,Sus scrofa,10,26,HybridKla,0.5,3322,302,3020,0.7629402219200911,0.2156895838867513,0.23862123560403628,0.5894039735099338,0.7741721854304636,0.2069767441860465,0.306368330464716,0.75737507525587,0.18049203396561259,2338,682,124,178
common_strict,Sus scrofa,10,26,PCBert-Kla,0.5,3322,302,3020,0.5915946669005746,0.11905906577739495,0.012509165344015243,0.019867549668874173,0.9854304635761589,0.12,0.034090909090909095,0.8976520168573149,0.10017065451933846,2976,44,296,6
common_strict,Sus scrofa,10,27,DeepKla,0.5,3322,302,3020,0.5989276786105873,0.11678440254219052,0.07770050833599221,0.48344370860927155,0.6466887417218543,0.12036273701566365,0.19273927392739273,0.631848284166165,0.2225590496287068,1953,1067,156,146
common_strict,Sus scrofa,10,27,Auto-Kla,0.5,3322,302,3020,0.6842188939081619,0.15285323131780493,0.10364330231964636,0.30132450331125826,0.8360927152317881,0.1552901023890785,0.20495495495495497,0.7874774232390126,0.18665193409738515,2525,495,211,91
common_strict,Sus scrofa,10,27,HybridKla,0.5,3322,302,3020,0.7585730888996096,0.2150584764773729,0.2343515655738694,0.5894039735099338,0.7695364238410596,0.2036613272311213,0.30272108843537415,0.75316074653823,0.18426551928886192,2324,696,124,178
common_strict,Sus scrofa,10,27,PCBert-Kla,0.5,3322,302,3020,0.5865663786676023,0.11856164262624846,0.018318582636182794,0.019867549668874173,0.9874172185430463,0.13636363636363635,0.034682080924855495,0.8994581577363034,0.09893454404831373,2982,38,296,6
common_strict,Sus scrofa,10,28,DeepKla,0.5,3322,302,3020,0.6086476470330249,0.12292550767766211,0.08645830036153193,0.48344370860927155,0.6602649006622516,0.12457337883959044,0.19810040705563092,0.6441902468392534,0.21685633069033144,1994,1026,156,146
common_strict,Sus scrofa,10,28,Auto-Kla,0.5,3322,302,3020,0.6958258409718873,0.15953963306575186,0.12637227690459715,0.30132450331125826,0.8582781456953642,0.17533718689788053,0.22168087697929353,0.8076459963877183,0.1718158201026276,2592,428,211,91
common_strict,Sus scrofa,10,28,HybridKla,0.5,3322,302,3020,0.7693768913644138,0.23841381099705528,0.24078377413849575,0.5894039735099338,0.7764900662251656,0.20867526377491208,0.30822510822510824,0.75948223961469,0.17535947923079248,2345,675,124,178
common_strict,Sus scrofa,10,28,PCBert-Kla,0.5,3322,302,3020,0.6007225560282444,0.12832376489220107,0.03465159711159096,0.019867549668874173,0.9917218543046358,0.1935483870967742,0.036036036036036036,0.903371462974112,0.09547992881479936,2995,25,296,6
common_strict,Sus scrofa,10,29,DeepKla,0.5,3322,302,3020,0.6098394807245296,0.1211831483932099,0.09299437539604066,0.48344370860927155,0.6701986754966888,0.12784588441331,0.20221606648199444,0.6532209512341962,0.21741490106012568,2024,996,156,146
common_strict,Sus scrofa,10,29,Auto-Kla,0.5,3322,302,3020,0.6919641682382351,0.15510807481837105,0.11013907753412364,0.30132450331125826,0.8427152317880795,0.1607773851590106,0.20967741935483872,0.7934978928356412,0.1808853838072013,2545,475,211,91
common_strict,Sus scrofa,10,29,HybridKla,0.5,3322,302,3020,0.7614238410596026,0.21796067715584075,0.24047368601850358,0.5894039735099338,0.776158940397351,0.20843091334894615,0.3079584775086505,0.7591812161348586,0.1814547428771072,2344,676,124,178
common_strict,Sus scrofa,10,29,PCBert-Kla,0.5,3322,302,3020,0.5952622691987193,0.11786670460970929,0.02044794529772991,0.019867549668874173,0.9880794701986755,0.14285714285714285,0.034883720930232565,0.9000602046959663,0.09825951914638513,2984,36,296,6
common_strict,Sus scrofa,all,0,DeepKla,0.5,13859,302,13557,0.6071289873953829,0.029590989590999317,0.04539724167509995,0.48344370860927155,0.6637899240244892,0.031037414965986394,0.05833000399520574,0.6598600187603724,0.2130582161306595,8999,4558,156,146
common_strict,Sus scrofa,all,0,Auto-Kla,0.5,13859,302,13557,0.6877771899563627,0.04040449856550259,0.05799341479425091,0.30132450331125826,0.8439920336357601,0.041251133272892114,0.07256778309409889,0.8321668230031026,0.14566349152959665,11442,2115,211,91
common_strict,Sus scrofa,all,0,HybridKla,0.5,13859,302,13557,0.7633588522729882,0.06023298230305633,0.12420906260030787,0.5894039735099338,0.7718521796857711,0.054417609293793946,0.0996361600895606,0.7678764701637925,0.17181886119758205,10464,3093,124,178
common_strict,Sus scrofa,all,0,PCBert-Kla,0.5,13859,302,13557,0.5943729370277177,0.02998113888871936,0.010956320359856697,0.019867549668874173,0.988271741535738,0.03636363636363636,0.02569593147751606,0.9671693484378382,0.03124070104199694,13398,159,296,6
common_strict,Sus scrofa,all,1,DeepKla,0.5,13859,302,13557,0.6071289873953829,0.029590989590999317,0.04539724167509995,0.48344370860927155,0.6637899240244892,0.031037414965986394,0.05833000399520574,0.6598600187603724,0.2130582161306595,8999,4558,156,146
common_strict,Sus scrofa,all,1,Auto-Kla,0.5,13859,302,13557,0.6877771899563627,0.04040449856550259,0.05799341479425091,0.30132450331125826,0.8439920336357601,0.041251133272892114,0.07256778309409889,0.8321668230031026,0.14566349152959665,11442,2115,211,91
common_strict,Sus scrofa,all,1,HybridKla,0.5,13859,302,13557,0.7633588522729882,0.06023298230305633,0.12420906260030787,0.5894039735099338,0.7718521796857711,0.054417609293793946,0.0996361600895606,0.7678764701637925,0.17181886119758205,10464,3093,124,178
common_strict,Sus scrofa,all,1,PCBert-Kla,0.5,13859,302,13557,0.5943729370277177,0.02998113888871936,0.010956320359856697,0.019867549668874173,0.988271741535738,0.03636363636363636,0.02569593147751606,0.9671693484378382,0.03124070104199694,13398,159,296,6
common_strict,Sus scrofa,all,2,DeepKla,0.5,13859,302,13557,0.6071289873953829,0.029590989590999317,0.04539724167509995,0.48344370860927155,0.6637899240244892,0.031037414965986394,0.05833000399520574,0.6598600187603724,0.2130582161306595,8999,4558,156,146
common_strict,Sus scrofa,all,2,Auto-Kla,0.5,13859,302,13557,0.6877771899563627,0.04040449856550259,0.05799341479425091,0.30132450331125826,0.8439920336357601,0.041251133272892114,0.07256778309409889,0.8321668230031026,0.14566349152959665,11442,2115,211,91
common_strict,Sus scrofa,all,2,HybridKla,0.5,13859,302,13557,0.7633588522729882,0.06023298230305633,0.12420906260030787,0.5894039735099338,0.7718521796857711,0.054417609293793946,0.0996361600895606,0.7678764701637925,0.17181886119758205,10464,3093,124,178
common_strict,Sus scrofa,all,2,PCBert-Kla,0.5,13859,302,13557,0.5943729370277177,0.02998113888871936,0.010956320359856697,0.019867549668874173,0.988271741535738,0.03636363636363636,0.02569593147751606,0.9671693484378382,0.03124070104199694,13398,159,296,6
common_strict,Sus scrofa,all,3,DeepKla,0.5,13859,302,13557,0.6071289873953829,0.029590989590999317,0.04539724167509995,0.48344370860927155,0.6637899240244892,0.031037414965986394,0.05833000399520574,0.6598600187603724,0.2130582161306595,8999,4558,156,146
common_strict,Sus scrofa,all,3,Auto-Kla,0.5,13859,302,13557,0.6877771899563627,0.04040449856550259,0.05799341479425091,0.30132450331125826,0.8439920336357601,0.041251133272892114,0.07256778309409889,0.8321668230031026,0.14566349152959665,11442,2115,211,91
common_strict,Sus scrofa,all,3,HybridKla,0.5,13859,302,13557,0.7633588522729882,0.06023298230305633,0.12420906260030787,0.5894039735099338,0.7718521796857711,0.054417609293793946,0.0996361600895606,0.7678764701637925,0.17181886119758205,10464,3093,124,178
common_strict,Sus scrofa,all,3,PCBert-Kla,0.5,13859,302,13557,0.5943729370277177,0.02998113888871936,0.010956320359856697,0.019867549668874173,0.988271741535738,0.03636363636363636,0.02569593147751606,0.9671693484378382,0.03124070104199694,13398,159,296,6
common_strict,Sus scrofa,all,4,DeepKla,0.5,13859,302,13557,0.6071289873953829,0.029590989590999317,0.04539724167509995,0.48344370860927155,0.6637899240244892,0.031037414965986394,0.05833000399520574,0.6598600187603724,0.2130582161306595,8999,4558,156,146
common_strict,Sus scrofa,all,4,Auto-Kla,0.5,13859,302,13557,0.6877771899563627,0.04040449856550259,0.05799341479425091,0.30132450331125826,0.8439920336357601,0.041251133272892114,0.07256778309409889,0.8321668230031026,0.14566349152959665,11442,2115,211,91
common_strict,Sus scrofa,all,4,HybridKla,0.5,13859,302,13557,0.7633588522729882,0.06023298230305633,0.12420906260030787,0.5894039735099338,0.7718521796857711,0.054417609293793946,0.0996361600895606,0.7678764701637925,0.17181886119758205,10464,3093,124,178
common_strict,Sus scrofa,all,4,PCBert-Kla,0.5,13859,302,13557,0.5943729370277177,0.02998113888871936,0.010956320359856697,0.019867549668874173,0.988271741535738,0.03636363636363636,0.02569593147751606,0.9671693484378382,0.03124070104199694,13398,159,296,6
common_strict,Sus scrofa,all,5,DeepKla,0.5,13859,302,13557,0.6071289873953829,0.029590989590999317,0.04539724167509995,0.48344370860927155,0.6637899240244892,0.031037414965986394,0.05833000399520574,0.6598600187603724,0.2130582161306595,8999,4558,156,146
common_strict,Sus scrofa,all,5,Auto-Kla,0.5,13859,302,13557,0.6877771899563627,0.04040449856550259,0.05799341479425091,0.30132450331125826,0.8439920336357601,0.041251133272892114,0.07256778309409889,0.8321668230031026,0.14566349152959665,11442,2115,211,91
common_strict,Sus scrofa,all,5,HybridKla,0.5,13859,302,13557,0.7633588522729882,0.06023298230305633,0.12420906260030787,0.5894039735099338,0.7718521796857711,0.054417609293793946,0.0996361600895606,0.7678764701637925,0.17181886119758205,10464,3093,124,178
common_strict,Sus scrofa,all,5,PCBert-Kla,0.5,13859,302,13557,0.5943729370277177,0.02998113888871936,0.010956320359856697,0.019867549668874173,0.988271741535738,0.03636363636363636,0.02569593147751606,0.9671693484378382,0.03124070104199694,13398,159,296,6
common_strict,Sus scrofa,all,6,DeepKla,0.5,13859,302,13557,0.6071289873953829,0.029590989590999317,0.04539724167509995,0.48344370860927155,0.6637899240244892,0.031037414965986394,0.05833000399520574,0.6598600187603724,0.2130582161306595,8999,4558,156,146
common_strict,Sus scrofa,all,6,Auto-Kla,0.5,13859,302,13557,0.6877771899563627,0.04040449856550259,0.05799341479425091,0.30132450331125826,0.8439920336357601,0.041251133272892114,0.07256778309409889,0.8321668230031026,0.14566349152959665,11442,2115,211,91
common_strict,Sus scrofa,all,6,HybridKla,0.5,13859,302,13557,0.7633588522729882,0.06023298230305633,0.12420906260030787,0.5894039735099338,0.7718521796857711,0.054417609293793946,0.0996361600895606,0.7678764701637925,0.17181886119758205,10464,3093,124,178
common_strict,Sus scrofa,all,6,PCBert-Kla,0.5,13859,302,13557,0.5943729370277177,0.02998113888871936,0.010956320359856697,0.019867549668874173,0.988271741535738,0.03636363636363636,0.02569593147751606,0.9671693484378382,0.03124070104199694,13398,159,296,6
common_strict,Sus scrofa,all,7,DeepKla,0.5,13859,302,13557,0.6071289873953829,0.029590989590999317,0.04539724167509995,0.48344370860927155,0.6637899240244892,0.031037414965986394,0.05833000399520574,0.6598600187603724,0.2130582161306595,8999,4558,156,146
common_strict,Sus scrofa,all,7,Auto-Kla,0.5,13859,302,13557,0.6877771899563627,0.04040449856550259,0.05799341479425091,0.30132450331125826,0.8439920336357601,0.041251133272892114,0.07256778309409889,0.8321668230031026,0.14566349152959665,11442,2115,211,91
common_strict,Sus scrofa,all,7,HybridKla,0.5,13859,302,13557,0.7633588522729882,0.06023298230305633,0.12420906260030787,0.5894039735099338,0.7718521796857711,0.054417609293793946,0.0996361600895606,0.7678764701637925,0.17181886119758205,10464,3093,124,178
common_strict,Sus scrofa,all,7,PCBert-Kla,0.5,13859,302,13557,0.5943729370277177,0.02998113888871936,0.010956320359856697,0.019867549668874173,0.988271741535738,0.03636363636363636,0.02569593147751606,0.9671693484378382,0.03124070104199694,13398,159,296,6
common_strict,Sus scrofa,all,8,DeepKla,0.5,13859,302,13557,0.6071289873953829,0.029590989590999317,0.04539724167509995,0.48344370860927155,0.6637899240244892,0.031037414965986394,0.05833000399520574,0.6598600187603724,0.2130582161306595,8999,4558,156,146
common_strict,Sus scrofa,all,8,Auto-Kla,0.5,13859,302,13557,0.6877771899563627,0.04040449856550259,0.05799341479425091,0.30132450331125826,0.8439920336357601,0.041251133272892114,0.07256778309409889,0.8321668230031026,0.14566349152959665,11442,2115,211,91
common_strict,Sus scrofa,all,8,HybridKla,0.5,13859,302,13557,0.7633588522729882,0.06023298230305633,0.12420906260030787,0.5894039735099338,0.7718521796857711,0.054417609293793946,0.0996361600895606,0.7678764701637925,0.17181886119758205,10464,3093,124,178
common_strict,Sus scrofa,all,8,PCBert-Kla,0.5,13859,302,13557,0.5943729370277177,0.02998113888871936,0.010956320359856697,0.019867549668874173,0.988271741535738,0.03636363636363636,0.02569593147751606,0.9671693484378382,0.03124070104199694,13398,159,296,6
common_strict,Sus scrofa,all,9,DeepKla,0.5,13859,302,13557,0.6071289873953829,0.029590989590999317,0.04539724167509995,0.48344370860927155,0.6637899240244892,0.031037414965986394,0.05833000399520574,0.6598600187603724,0.2130582161306595,8999,4558,156,146
common_strict,Sus scrofa,all,9,Auto-Kla,0.5,13859,302,13557,0.6877771899563627,0.04040449856550259,0.05799341479425091,0.30132450331125826,0.8439920336357601,0.041251133272892114,0.07256778309409889,0.8321668230031026,0.14566349152959665,11442,2115,211,91
common_strict,Sus scrofa,all,9,HybridKla,0.5,13859,302,13557,0.7633588522729882,0.06023298230305633,0.12420906260030787,0.5894039735099338,0.7718521796857711,0.054417609293793946,0.0996361600895606,0.7678764701637925,0.17181886119758205,10464,3093,124,178
common_strict,Sus scrofa,all,9,PCBert-Kla,0.5,13859,302,13557,0.5943729370277177,0.02998113888871936,0.010956320359856697,0.019867549668874173,0.988271741535738,0.03636363636363636,0.02569593147751606,0.9671693484378382,0.03124070104199694,13398,159,296,6
common_strict,Sus scrofa,all,10,DeepKla,0.5,13859,302,13557,0.6071289873953829,0.029590989590999317,0.04539724167509995,0.48344370860927155,0.6637899240244892,0.031037414965986394,0.05833000399520574,0.6598600187603724,0.2130582161306595,8999,4558,156,146
common_strict,Sus scrofa,all,10,Auto-Kla,0.5,13859,302,13557,0.6877771899563627,0.04040449856550259,0.05799341479425091,0.30132450331125826,0.8439920336357601,0.041251133272892114,0.07256778309409889,0.8321668230031026,0.14566349152959665,11442,2115,211,91
common_strict,Sus scrofa,all,10,HybridKla,0.5,13859,302,13557,0.7633588522729882,0.06023298230305633,0.12420906260030787,0.5894039735099338,0.7718521796857711,0.054417609293793946,0.0996361600895606,0.7678764701637925,0.17181886119758205,10464,3093,124,178
common_strict,Sus scrofa,all,10,PCBert-Kla,0.5,13859,302,13557,0.5943729370277177,0.02998113888871936,0.010956320359856697,0.019867549668874173,0.988271741535738,0.03636363636363636,0.02569593147751606,0.9671693484378382,0.03124070104199694,13398,159,296,6
common_strict,Sus scrofa,all,11,DeepKla,0.5,13859,302,13557,0.6071289873953829,0.029590989590999317,0.04539724167509995,0.48344370860927155,0.6637899240244892,0.031037414965986394,0.05833000399520574,0.6598600187603724,0.2130582161306595,8999,4558,156,146
common_strict,Sus scrofa,all,11,Auto-Kla,0.5,13859,302,13557,0.6877771899563627,0.04040449856550259,0.05799341479425091,0.30132450331125826,0.8439920336357601,0.041251133272892114,0.07256778309409889,0.8321668230031026,0.14566349152959665,11442,2115,211,91
common_strict,Sus scrofa,all,11,HybridKla,0.5,13859,302,13557,0.7633588522729882,0.06023298230305633,0.12420906260030787,0.5894039735099338,0.7718521796857711,0.054417609293793946,0.0996361600895606,0.7678764701637925,0.17181886119758205,10464,3093,124,178
common_strict,Sus scrofa,all,11,PCBert-Kla,0.5,13859,302,13557,0.5943729370277177,0.02998113888871936,0.010956320359856697,0.019867549668874173,0.988271741535738,0.03636363636363636,0.02569593147751606,0.9671693484378382,0.03124070104199694,13398,159,296,6
common_strict,Sus scrofa,all,12,DeepKla,0.5,13859,302,13557,0.6071289873953829,0.029590989590999317,0.04539724167509995,0.48344370860927155,0.6637899240244892,0.031037414965986394,0.05833000399520574,0.6598600187603724,0.2130582161306595,8999,4558,156,146
common_strict,Sus scrofa,all,12,Auto-Kla,0.5,13859,302,13557,0.6877771899563627,0.04040449856550259,0.05799341479425091,0.30132450331125826,0.8439920336357601,0.041251133272892114,0.07256778309409889,0.8321668230031026,0.14566349152959665,11442,2115,211,91
common_strict,Sus scrofa,all,12,HybridKla,0.5,13859,302,13557,0.7633588522729882,0.06023298230305633,0.12420906260030787,0.5894039735099338,0.7718521796857711,0.054417609293793946,0.0996361600895606,0.7678764701637925,0.17181886119758205,10464,3093,124,178
common_strict,Sus scrofa,all,12,PCBert-Kla,0.5,13859,302,13557,0.5943729370277177,0.02998113888871936,0.010956320359856697,0.019867549668874173,0.988271741535738,0.03636363636363636,0.02569593147751606,0.9671693484378382,0.03124070104199694,13398,159,296,6
common_strict,Sus scrofa,all,13,DeepKla,0.5,13859,302,13557,0.6071289873953829,0.029590989590999317,0.04539724167509995,0.48344370860927155,0.6637899240244892,0.031037414965986394,0.05833000399520574,0.6598600187603724,0.2130582161306595,8999,4558,156,146
common_strict,Sus scrofa,all,13,Auto-Kla,0.5,13859,302,13557,0.6877771899563627,0.04040449856550259,0.05799341479425091,0.30132450331125826,0.8439920336357601,0.041251133272892114,0.07256778309409889,0.8321668230031026,0.14566349152959665,11442,2115,211,91
common_strict,Sus scrofa,all,13,HybridKla,0.5,13859,302,13557,0.7633588522729882,0.06023298230305633,0.12420906260030787,0.5894039735099338,0.7718521796857711,0.054417609293793946,0.0996361600895606,0.7678764701637925,0.17181886119758205,10464,3093,124,178
common_strict,Sus scrofa,all,13,PCBert-Kla,0.5,13859,302,13557,0.5943729370277177,0.02998113888871936,0.010956320359856697,0.019867549668874173,0.988271741535738,0.03636363636363636,0.02569593147751606,0.9671693484378382,0.03124070104199694,13398,159,296,6
common_strict,Sus scrofa,all,14,DeepKla,0.5,13859,302,13557,0.6071289873953829,0.029590989590999317,0.04539724167509995,0.48344370860927155,0.6637899240244892,0.031037414965986394,0.05833000399520574,0.6598600187603724,0.2130582161306595,8999,4558,156,146
common_strict,Sus scrofa,all,14,Auto-Kla,0.5,13859,302,13557,0.6877771899563627,0.04040449856550259,0.05799341479425091,0.30132450331125826,0.8439920336357601,0.041251133272892114,0.07256778309409889,0.8321668230031026,0.14566349152959665,11442,2115,211,91
common_strict,Sus scrofa,all,14,HybridKla,0.5,13859,302,13557,0.7633588522729882,0.06023298230305633,0.12420906260030787,0.5894039735099338,0.7718521796857711,0.054417609293793946,0.0996361600895606,0.7678764701637925,0.17181886119758205,10464,3093,124,178
common_strict,Sus scrofa,all,14,PCBert-Kla,0.5,13859,302,13557,0.5943729370277177,0.02998113888871936,0.010956320359856697,0.019867549668874173,0.988271741535738,0.03636363636363636,0.02569593147751606,0.9671693484378382,0.03124070104199694,13398,159,296,6
common_strict,Sus scrofa,all,15,DeepKla,0.5,13859,302,13557,0.6071289873953829,0.029590989590999317,0.04539724167509995,0.48344370860927155,0.6637899240244892,0.031037414965986394,0.05833000399520574,0.6598600187603724,0.2130582161306595,8999,4558,156,146
common_strict,Sus scrofa,all,15,Auto-Kla,0.5,13859,302,13557,0.6877771899563627,0.04040449856550259,0.05799341479425091,0.30132450331125826,0.8439920336357601,0.041251133272892114,0.07256778309409889,0.8321668230031026,0.14566349152959665,11442,2115,211,91
common_strict,Sus scrofa,all,15,HybridKla,0.5,13859,302,13557,0.7633588522729882,0.06023298230305633,0.12420906260030787,0.5894039735099338,0.7718521796857711,0.054417609293793946,0.0996361600895606,0.7678764701637925,0.17181886119758205,10464,3093,124,178
common_strict,Sus scrofa,all,15,PCBert-Kla,0.5,13859,302,13557,0.5943729370277177,0.02998113888871936,0.010956320359856697,0.019867549668874173,0.988271741535738,0.03636363636363636,0.02569593147751606,0.9671693484378382,0.03124070104199694,13398,159,296,6
common_strict,Sus scrofa,all,16,DeepKla,0.5,13859,302,13557,0.6071289873953829,0.029590989590999317,0.04539724167509995,0.48344370860927155,0.6637899240244892,0.031037414965986394,0.05833000399520574,0.6598600187603724,0.2130582161306595,8999,4558,156,146
common_strict,Sus scrofa,all,16,Auto-Kla,0.5,13859,302,13557,0.6877771899563627,0.04040449856550259,0.05799341479425091,0.30132450331125826,0.8439920336357601,0.041251133272892114,0.07256778309409889,0.8321668230031026,0.14566349152959665,11442,2115,211,91
common_strict,Sus scrofa,all,16,HybridKla,0.5,13859,302,13557,0.7633588522729882,0.06023298230305633,0.12420906260030787,0.5894039735099338,0.7718521796857711,0.054417609293793946,0.0996361600895606,0.7678764701637925,0.17181886119758205,10464,3093,124,178
common_strict,Sus scrofa,all,16,PCBert-Kla,0.5,13859,302,13557,0.5943729370277177,0.02998113888871936,0.010956320359856697,0.019867549668874173,0.988271741535738,0.03636363636363636,0.02569593147751606,0.9671693484378382,0.03124070104199694,13398,159,296,6
common_strict,Sus scrofa,all,17,DeepKla,0.5,13859,302,13557,0.6071289873953829,0.029590989590999317,0.04539724167509995,0.48344370860927155,0.6637899240244892,0.031037414965986394,0.05833000399520574,0.6598600187603724,0.2130582161306595,8999,4558,156,146
common_strict,Sus scrofa,all,17,Auto-Kla,0.5,13859,302,13557,0.6877771899563627,0.04040449856550259,0.05799341479425091,0.30132450331125826,0.8439920336357601,0.041251133272892114,0.07256778309409889,0.8321668230031026,0.14566349152959665,11442,2115,211,91
common_strict,Sus scrofa,all,17,HybridKla,0.5,13859,302,13557,0.7633588522729882,0.06023298230305633,0.12420906260030787,0.5894039735099338,0.7718521796857711,0.054417609293793946,0.0996361600895606,0.7678764701637925,0.17181886119758205,10464,3093,124,178
common_strict,Sus scrofa,all,17,PCBert-Kla,0.5,13859,302,13557,0.5943729370277177,0.02998113888871936,0.010956320359856697,0.019867549668874173,0.988271741535738,0.03636363636363636,0.02569593147751606,0.9671693484378382,0.03124070104199694,13398,159,296,6
common_strict,Sus scrofa,all,18,DeepKla,0.5,13859,302,13557,0.6071289873953829,0.029590989590999317,0.04539724167509995,0.48344370860927155,0.6637899240244892,0.031037414965986394,0.05833000399520574,0.6598600187603724,0.2130582161306595,8999,4558,156,146
common_strict,Sus scrofa,all,18,Auto-Kla,0.5,13859,302,13557,0.6877771899563627,0.04040449856550259,0.05799341479425091,0.30132450331125826,0.8439920336357601,0.041251133272892114,0.07256778309409889,0.8321668230031026,0.14566349152959665,11442,2115,211,91
common_strict,Sus scrofa,all,18,HybridKla,0.5,13859,302,13557,0.7633588522729882,0.06023298230305633,0.12420906260030787,0.5894039735099338,0.7718521796857711,0.054417609293793946,0.0996361600895606,0.7678764701637925,0.17181886119758205,10464,3093,124,178
common_strict,Sus scrofa,all,18,PCBert-Kla,0.5,13859,302,13557,0.5943729370277177,0.02998113888871936,0.010956320359856697,0.019867549668874173,0.988271741535738,0.03636363636363636,0.02569593147751606,0.9671693484378382,0.03124070104199694,13398,159,296,6
common_strict,Sus scrofa,all,19,DeepKla,0.5,13859,302,13557,0.6071289873953829,0.029590989590999317,0.04539724167509995,0.48344370860927155,0.6637899240244892,0.031037414965986394,0.05833000399520574,0.6598600187603724,0.2130582161306595,8999,4558,156,146
common_strict,Sus scrofa,all,19,Auto-Kla,0.5,13859,302,13557,0.6877771899563627,0.04040449856550259,0.05799341479425091,0.30132450331125826,0.8439920336357601,0.041251133272892114,0.07256778309409889,0.8321668230031026,0.14566349152959665,11442,2115,211,91
common_strict,Sus scrofa,all,19,HybridKla,0.5,13859,302,13557,0.7633588522729882,0.06023298230305633,0.12420906260030787,0.5894039735099338,0.7718521796857711,0.054417609293793946,0.0996361600895606,0.7678764701637925,0.17181886119758205,10464,3093,124,178
common_strict,Sus scrofa,all,19,PCBert-Kla,0.5,13859,302,13557,0.5943729370277177,0.02998113888871936,0.010956320359856697,0.019867549668874173,0.988271741535738,0.03636363636363636,0.02569593147751606,0.9671693484378382,0.03124070104199694,13398,159,296,6
common_strict,Sus scrofa,all,20,DeepKla,0.5,13859,302,13557,0.6071289873953829,0.029590989590999317,0.04539724167509995,0.48344370860927155,0.6637899240244892,0.031037414965986394,0.05833000399520574,0.6598600187603724,0.2130582161306595,8999,4558,156,146
common_strict,Sus scrofa,all,20,Auto-Kla,0.5,13859,302,13557,0.6877771899563627,0.04040449856550259,0.05799341479425091,0.30132450331125826,0.8439920336357601,0.041251133272892114,0.07256778309409889,0.8321668230031026,0.14566349152959665,11442,2115,211,91
common_strict,Sus scrofa,all,20,HybridKla,0.5,13859,302,13557,0.7633588522729882,0.06023298230305633,0.12420906260030787,0.5894039735099338,0.7718521796857711,0.054417609293793946,0.0996361600895606,0.7678764701637925,0.17181886119758205,10464,3093,124,178
common_strict,Sus scrofa,all,20,PCBert-Kla,0.5,13859,302,13557,0.5943729370277177,0.02998113888871936,0.010956320359856697,0.019867549668874173,0.988271741535738,0.03636363636363636,0.02569593147751606,0.9671693484378382,0.03124070104199694,13398,159,296,6
common_strict,Sus scrofa,all,21,DeepKla,0.5,13859,302,13557,0.6071289873953829,0.029590989590999317,0.04539724167509995,0.48344370860927155,0.6637899240244892,0.031037414965986394,0.05833000399520574,0.6598600187603724,0.2130582161306595,8999,4558,156,146
common_strict,Sus scrofa,all,21,Auto-Kla,0.5,13859,302,13557,0.6877771899563627,0.04040449856550259,0.05799341479425091,0.30132450331125826,0.8439920336357601,0.041251133272892114,0.07256778309409889,0.8321668230031026,0.14566349152959665,11442,2115,211,91
common_strict,Sus scrofa,all,21,HybridKla,0.5,13859,302,13557,0.7633588522729882,0.06023298230305633,0.12420906260030787,0.5894039735099338,0.7718521796857711,0.054417609293793946,0.0996361600895606,0.7678764701637925,0.17181886119758205,10464,3093,124,178
common_strict,Sus scrofa,all,21,PCBert-Kla,0.5,13859,302,13557,0.5943729370277177,0.02998113888871936,0.010956320359856697,0.019867549668874173,0.988271741535738,0.03636363636363636,0.02569593147751606,0.9671693484378382,0.03124070104199694,13398,159,296,6
common_strict,Sus scrofa,all,22,DeepKla,0.5,13859,302,13557,0.6071289873953829,0.029590989590999317,0.04539724167509995,0.48344370860927155,0.6637899240244892,0.031037414965986394,0.05833000399520574,0.6598600187603724,0.2130582161306595,8999,4558,156,146
common_strict,Sus scrofa,all,22,Auto-Kla,0.5,13859,302,13557,0.6877771899563627,0.04040449856550259,0.05799341479425091,0.30132450331125826,0.8439920336357601,0.041251133272892114,0.07256778309409889,0.8321668230031026,0.14566349152959665,11442,2115,211,91
common_strict,Sus scrofa,all,22,HybridKla,0.5,13859,302,13557,0.7633588522729882,0.06023298230305633,0.12420906260030787,0.5894039735099338,0.7718521796857711,0.054417609293793946,0.0996361600895606,0.7678764701637925,0.17181886119758205,10464,3093,124,178
common_strict,Sus scrofa,all,22,PCBert-Kla,0.5,13859,302,13557,0.5943729370277177,0.02998113888871936,0.010956320359856697,0.019867549668874173,0.988271741535738,0.03636363636363636,0.02569593147751606,0.9671693484378382,0.03124070104199694,13398,159,296,6
common_strict,Sus scrofa,all,23,DeepKla,0.5,13859,302,13557,0.6071289873953829,0.029590989590999317,0.04539724167509995,0.48344370860927155,0.6637899240244892,0.031037414965986394,0.05833000399520574,0.6598600187603724,0.2130582161306595,8999,4558,156,146
common_strict,Sus scrofa,all,23,Auto-Kla,0.5,13859,302,13557,0.6877771899563627,0.04040449856550259,0.05799341479425091,0.30132450331125826,0.8439920336357601,0.041251133272892114,0.07256778309409889,0.8321668230031026,0.14566349152959665,11442,2115,211,91
common_strict,Sus scrofa,all,23,HybridKla,0.5,13859,302,13557,0.7633588522729882,0.06023298230305633,0.12420906260030787,0.5894039735099338,0.7718521796857711,0.054417609293793946,0.0996361600895606,0.7678764701637925,0.17181886119758205,10464,3093,124,178
common_strict,Sus scrofa,all,23,PCBert-Kla,0.5,13859,302,13557,0.5943729370277177,0.02998113888871936,0.010956320359856697,0.019867549668874173,0.988271741535738,0.03636363636363636,0.02569593147751606,0.9671693484378382,0.03124070104199694,13398,159,296,6
common_strict,Sus scrofa,all,24,DeepKla,0.5,13859,302,13557,0.6071289873953829,0.029590989590999317,0.04539724167509995,0.48344370860927155,0.6637899240244892,0.031037414965986394,0.05833000399520574,0.6598600187603724,0.2130582161306595,8999,4558,156,146
common_strict,Sus scrofa,all,24,Auto-Kla,0.5,13859,302,13557,0.6877771899563627,0.04040449856550259,0.05799341479425091,0.30132450331125826,0.8439920336357601,0.041251133272892114,0.07256778309409889,0.8321668230031026,0.14566349152959665,11442,2115,211,91
common_strict,Sus scrofa,all,24,HybridKla,0.5,13859,302,13557,0.7633588522729882,0.06023298230305633,0.12420906260030787,0.5894039735099338,0.7718521796857711,0.054417609293793946,0.0996361600895606,0.7678764701637925,0.17181886119758205,10464,3093,124,178
common_strict,Sus scrofa,all,24,PCBert-Kla,0.5,13859,302,13557,0.5943729370277177,0.02998113888871936,0.010956320359856697,0.019867549668874173,0.988271741535738,0.03636363636363636,0.02569593147751606,0.9671693484378382,0.03124070104199694,13398,159,296,6
common_strict,Sus scrofa,all,25,DeepKla,0.5,13859,302,13557,0.6071289873953829,0.029590989590999317,0.04539724167509995,0.48344370860927155,0.6637899240244892,0.031037414965986394,0.05833000399520574,0.6598600187603724,0.2130582161306595,8999,4558,156,146
common_strict,Sus scrofa,all,25,Auto-Kla,0.5,13859,302,13557,0.6877771899563627,0.04040449856550259,0.05799341479425091,0.30132450331125826,0.8439920336357601,0.041251133272892114,0.07256778309409889,0.8321668230031026,0.14566349152959665,11442,2115,211,91
common_strict,Sus scrofa,all,25,HybridKla,0.5,13859,302,13557,0.7633588522729882,0.06023298230305633,0.12420906260030787,0.5894039735099338,0.7718521796857711,0.054417609293793946,0.0996361600895606,0.7678764701637925,0.17181886119758205,10464,3093,124,178
common_strict,Sus scrofa,all,25,PCBert-Kla,0.5,13859,302,13557,0.5943729370277177,0.02998113888871936,0.010956320359856697,0.019867549668874173,0.988271741535738,0.03636363636363636,0.02569593147751606,0.9671693484378382,0.03124070104199694,13398,159,296,6
common_strict,Sus scrofa,all,26,DeepKla,0.5,13859,302,13557,0.6071289873953829,0.029590989590999317,0.04539724167509995,0.48344370860927155,0.6637899240244892,0.031037414965986394,0.05833000399520574,0.6598600187603724,0.2130582161306595,8999,4558,156,146
common_strict,Sus scrofa,all,26,Auto-Kla,0.5,13859,302,13557,0.6877771899563627,0.04040449856550259,0.05799341479425091,0.30132450331125826,0.8439920336357601,0.041251133272892114,0.07256778309409889,0.8321668230031026,0.14566349152959665,11442,2115,211,91
common_strict,Sus scrofa,all,26,HybridKla,0.5,13859,302,13557,0.7633588522729882,0.06023298230305633,0.12420906260030787,0.5894039735099338,0.7718521796857711,0.054417609293793946,0.0996361600895606,0.7678764701637925,0.17181886119758205,10464,3093,124,178
common_strict,Sus scrofa,all,26,PCBert-Kla,0.5,13859,302,13557,0.5943729370277177,0.02998113888871936,0.010956320359856697,0.019867549668874173,0.988271741535738,0.03636363636363636,0.02569593147751606,0.9671693484378382,0.03124070104199694,13398,159,296,6
common_strict,Sus scrofa,all,27,DeepKla,0.5,13859,302,13557,0.6071289873953829,0.029590989590999317,0.04539724167509995,0.48344370860927155,0.6637899240244892,0.031037414965986394,0.05833000399520574,0.6598600187603724,0.2130582161306595,8999,4558,156,146
common_strict,Sus scrofa,all,27,Auto-Kla,0.5,13859,302,13557,0.6877771899563627,0.04040449856550259,0.05799341479425091,0.30132450331125826,0.8439920336357601,0.041251133272892114,0.07256778309409889,0.8321668230031026,0.14566349152959665,11442,2115,211,91
common_strict,Sus scrofa,all,27,HybridKla,0.5,13859,302,13557,0.7633588522729882,0.06023298230305633,0.12420906260030787,0.5894039735099338,0.7718521796857711,0.054417609293793946,0.0996361600895606,0.7678764701637925,0.17181886119758205,10464,3093,124,178
common_strict,Sus scrofa,all,27,PCBert-Kla,0.5,13859,302,13557,0.5943729370277177,0.02998113888871936,0.010956320359856697,0.019867549668874173,0.988271741535738,0.03636363636363636,0.02569593147751606,0.9671693484378382,0.03124070104199694,13398,159,296,6
common_strict,Sus scrofa,all,28,DeepKla,0.5,13859,302,13557,0.6071289873953829,0.029590989590999317,0.04539724167509995,0.48344370860927155,0.6637899240244892,0.031037414965986394,0.05833000399520574,0.6598600187603724,0.2130582161306595,8999,4558,156,146
common_strict,Sus scrofa,all,28,Auto-Kla,0.5,13859,302,13557,0.6877771899563627,0.04040449856550259,0.05799341479425091,0.30132450331125826,0.8439920336357601,0.041251133272892114,0.07256778309409889,0.8321668230031026,0.14566349152959665,11442,2115,211,91
common_strict,Sus scrofa,all,28,HybridKla,0.5,13859,302,13557,0.7633588522729882,0.06023298230305633,0.12420906260030787,0.5894039735099338,0.7718521796857711,0.054417609293793946,0.0996361600895606,0.7678764701637925,0.17181886119758205,10464,3093,124,178
common_strict,Sus scrofa,all,28,PCBert-Kla,0.5,13859,302,13557,0.5943729370277177,0.02998113888871936,0.010956320359856697,0.019867549668874173,0.988271741535738,0.03636363636363636,0.02569593147751606,0.9671693484378382,0.03124070104199694,13398,159,296,6
common_strict,Sus scrofa,all,29,DeepKla,0.5,13859,302,13557,0.6071289873953829,0.029590989590999317,0.04539724167509995,0.48344370860927155,0.6637899240244892,0.031037414965986394,0.05833000399520574,0.6598600187603724,0.2130582161306595,8999,4558,156,146
common_strict,Sus scrofa,all,29,Auto-Kla,0.5,13859,302,13557,0.6877771899563627,0.04040449856550259,0.05799341479425091,0.30132450331125826,0.8439920336357601,0.041251133272892114,0.07256778309409889,0.8321668230031026,0.14566349152959665,11442,2115,211,91
common_strict,Sus scrofa,all,29,HybridKla,0.5,13859,302,13557,0.7633588522729882,0.06023298230305633,0.12420906260030787,0.5894039735099338,0.7718521796857711,0.054417609293793946,0.0996361600895606,0.7678764701637925,0.17181886119758205,10464,3093,124,178
common_strict,Sus scrofa,all,29,PCBert-Kla,0.5,13859,302,13557,0.5943729370277177,0.02998113888871936,0.010956320359856697,0.019867549668874173,0.988271741535738,0.03636363636363636,0.02569593147751606,0.9671693484378382,0.03124070104199694,13398,159,296,6
